image,camera,participant_id,file_id,annotation_id,chunk_id,activity,group,src_split,frame
a_column_co_driver__run2_2018-05-24-14-35-56.ids_2__vp11__ann70__ch1.jpg,a_column_co_driver,11,vp11/run2_2018-05-24-14-35-56.ids_2,70,1,eating,drink,test,17320
a_column_co_driver__run2_2018-05-24-17-22-26.ids_2__vp2__ann38__ch4.jpg,a_column_co_driver,2,vp2/run2_2018-05-24-17-22-26.ids_2,38,4,eating,drink,train,20197
a_column_co_driver__run1_2018-05-30-13-05-35.ids_2__vp15__ann20__ch1.jpg,a_column_co_driver,15,vp15/run1_2018-05-30-13-05-35.ids_2,20,1,drinking,drink,val,9968
a_column_co_driver__run2_2018-05-23-15-30-27.ids_2__vp8__ann16__ch4.jpg,a_column_co_driver,8,vp8/run2_2018-05-23-15-30-27.ids_2,16,4,eating,drink,train,7779
a_column_co_driver__run1_2018-05-22-15-10-41.ids_2__vp5__ann123__ch3.jpg,a_column_co_driver,5,vp5/run1_2018-05-22-15-10-41.ids_2,123,3,eating,drink,test,45897
a_column_co_driver__run2_2018-05-30-10-42-33.ids_2__vp14__ann80__ch3.jpg,a_column_co_driver,14,vp14/run2_2018-05-30-10-42-33.ids_2,80,3,eating,drink,val,31583
a_column_co_driver__run1_2018-05-30-10-11-09.ids_2__vp14__ann86__ch17.jpg,a_column_co_driver,14,vp14/run1_2018-05-30-10-11-09.ids_2,86,17,eating,drink,val,36042
a_column_co_driver__run2_2018-05-30-11-34-54.ids_2__vp13__ann56__ch1.jpg,a_column_co_driver,13,vp13/run2_2018-05-30-11-34-54.ids_2,56,1,drinking,drink,test,24193
a_column_co_driver__run2b_2018-05-23-13-54-07.ids_2__vp7__ann36__ch0.jpg,a_column_co_driver,7,vp7/run2b_2018-05-23-13-54-07.ids_2,36,0,opening_bottle,drink,train,14227
a_column_co_driver__run2_2018-05-24-16-21-35.ids_2__vp12__ann87__ch0.jpg,a_column_co_driver,12,vp12/run2_2018-05-24-16-21-35.ids_2,87,0,opening_bottle,drink,train,35063
a_column_co_driver__run2_2018-05-24-16-21-35.ids_2__vp12__ann85__ch11.jpg,a_column_co_driver,12,vp12/run2_2018-05-24-16-21-35.ids_2,85,11,eating,drink,train,34232
a_column_co_driver__run2_2018-05-24-17-22-26.ids_2__vp2__ann38__ch6.jpg,a_column_co_driver,2,vp2/run2_2018-05-24-17-22-26.ids_2,38,6,eating,drink,train,20380
a_column_co_driver__run1b_2018-05-23-16-19-17.ids_2__vp9__ann91__ch0.jpg,a_column_co_driver,9,vp9/run1b_2018-05-23-16-19-17.ids_2,91,0,drinking,drink,train,23215
a_column_co_driver__run1d_2018-05-23-14-54-38.ids_2__vp8__ann58__ch13.jpg,a_column_co_driver,8,vp8/run1d_2018-05-23-14-54-38.ids_2,58,13,eating,drink,train,30212
a_column_co_driver__run2_2018-05-24-16-21-35.ids_2__vp12__ann85__ch4.jpg,a_column_co_driver,12,vp12/run2_2018-05-24-16-21-35.ids_2,85,4,eating,drink,train,33600
a_column_co_driver__run2b_2018-05-22-15-50-07.ids_2__vp5__ann70__ch8.jpg,a_column_co_driver,5,vp5/run2b_2018-05-22-15-50-07.ids_2,70,8,eating,drink,test,27063
a_column_co_driver__run2_2018-05-24-16-21-35.ids_2__vp12__ann85__ch8.jpg,a_column_co_driver,12,vp12/run2_2018-05-24-16-21-35.ids_2,85,8,eating,drink,train,33961
a_column_co_driver__run1b_2018-05-29-14-02-47.ids_2__vp1__ann114__ch1.jpg,a_column_co_driver,1,vp1/run1b_2018-05-29-14-02-47.ids_2,114,1,drinking,drink,train,29127
a_column_co_driver__run2_2018-05-29-14-33-44.ids_2__vp1__ann47__ch0.jpg,a_column_co_driver,1,vp1/run2_2018-05-29-14-33-44.ids_2,47,0,closing_bottle,drink,train,21503
a_column_co_driver__run2_2018-05-22-14-25-04.ids_2__vp4__ann101__ch0.jpg,a_column_co_driver,4,vp4/run2_2018-05-22-14-25-04.ids_2,101,0,eating,drink,train,47708
a_column_co_driver__run1_2018-05-22-15-10-41.ids_2__vp5__ann34__ch4.jpg,a_column_co_driver,5,vp5/run1_2018-05-22-15-10-41.ids_2,34,4,eating,drink,test,18604
a_column_co_driver__run1_2018-05-22-15-10-41.ids_2__vp5__ann51__ch4.jpg,a_column_co_driver,5,vp5/run1_2018-05-22-15-10-41.ids_2,51,4,eating,drink,test,24432
a_column_co_driver__run2_2018-05-29-14-33-44.ids_2__vp1__ann41__ch3.jpg,a_column_co_driver,1,vp1/run2_2018-05-29-14-33-44.ids_2,41,3,eating,drink,train,20052
a_column_co_driver__run2_2018-05-24-14-35-56.ids_2__vp11__ann82__ch0.jpg,a_column_co_driver,11,vp11/run2_2018-05-24-14-35-56.ids_2,82,0,eating,drink,test,20297
a_column_co_driver__run1_2018-05-24-13-14-41.ids_2__vp10__ann90__ch17.jpg,a_column_co_driver,10,vp10/run1_2018-05-24-13-14-41.ids_2,90,17,eating,drink,train,30432
a_column_co_driver__run1_2018-05-24-13-14-41.ids_2__vp10__ann47__ch0.jpg,a_column_co_driver,10,vp10/run1_2018-05-24-13-14-41.ids_2,47,0,closing_bottle,drink,train,15441
a_column_co_driver__run2_2018-05-24-16-21-35.ids_2__vp12__ann15__ch0.jpg,a_column_co_driver,12,vp12/run2_2018-05-24-16-21-35.ids_2,15,0,preparing_food,drink,train,8610
a_column_co_driver__run1d_2018-05-23-14-54-38.ids_2__vp8__ann78__ch17.jpg,a_column_co_driver,8,vp8/run1d_2018-05-23-14-54-38.ids_2,78,17,eating,drink,train,38723
a_column_co_driver__run1_2018-05-24-13-44-01.ids_2__vp11__ann73__ch1.jpg,a_column_co_driver,11,vp11/run1_2018-05-24-13-44-01.ids_2,73,1,preparing_food,drink,test,29597
a_column_co_driver__run1d_2018-05-23-14-54-38.ids_2__vp8__ann58__ch7.jpg,a_column_co_driver,8,vp8/run1d_2018-05-23-14-54-38.ids_2,58,7,eating,drink,train,29677
a_column_co_driver__run1_2018-05-22-15-10-41.ids_2__vp5__ann121__ch2.jpg,a_column_co_driver,5,vp5/run1_2018-05-22-15-10-41.ids_2,121,2,eating,drink,test,44844
a_column_co_driver__run1b_2018-05-23-16-19-17.ids_2__vp9__ann28__ch0.jpg,a_column_co_driver,9,vp9/run1b_2018-05-23-16-19-17.ids_2,28,0,eating,drink,train,10401
a_column_co_driver__run1d_2018-05-23-14-54-38.ids_2__vp8__ann86__ch3.jpg,a_column_co_driver,8,vp8/run1d_2018-05-23-14-54-38.ids_2,86,3,drinking,drink,train,41265
a_column_co_driver__run2_2018-05-23-15-30-27.ids_2__vp8__ann69__ch11.jpg,a_column_co_driver,8,vp8/run2_2018-05-23-15-30-27.ids_2,69,11,eating,drink,train,21519
a_column_co_driver__run1_2018-05-29-15-21-10.ids_2__vp13__ann39__ch5.jpg,a_column_co_driver,13,vp13/run1_2018-05-29-15-21-10.ids_2,39,5,eating,drink,test,22121
a_column_co_driver__run1_2018-05-22-15-10-41.ids_2__vp5__ann49__ch16.jpg,a_column_co_driver,5,vp5/run1_2018-05-22-15-10-41.ids_2,49,16,eating,drink,test,22366
a_column_co_driver__run2_2018-05-30-10-42-33.ids_2__vp14__ann93__ch38.jpg,a_column_co_driver,14,vp14/run2_2018-05-30-10-42-33.ids_2,93,38,eating,drink,val,37733
a_column_co_driver__run1b_2018-05-23-16-19-17.ids_2__vp9__ann23__ch2.jpg,a_column_co_driver,9,vp9/run1b_2018-05-23-16-19-17.ids_2,23,2,preparing_food,drink,train,9843
a_column_co_driver__run1b_2018-05-23-16-19-17.ids_2__vp9__ann19__ch0.jpg,a_column_co_driver,9,vp9/run1b_2018-05-23-16-19-17.ids_2,19,0,closing_bottle,drink,train,9247
a_column_co_driver__run1_2018-05-24-13-14-41.ids_2__vp10__ann92__ch0.jpg,a_column_co_driver,10,vp10/run1_2018-05-24-13-14-41.ids_2,92,0,eating,drink,train,31484
a_column_co_driver__run2_2018-05-30-10-42-33.ids_2__vp14__ann93__ch2.jpg,a_column_co_driver,14,vp14/run2_2018-05-30-10-42-33.ids_2,93,2,eating,drink,val,34499
a_column_co_driver__run2_2018-05-30-10-42-33.ids_2__vp14__ann100__ch1.jpg,a_column_co_driver,14,vp14/run2_2018-05-30-10-42-33.ids_2,100,1,drinking,drink,val,39932
a_column_co_driver__run1_2018-05-24-15-44-28.ids_2__vp12__ann42__ch11.jpg,a_column_co_driver,12,vp12/run1_2018-05-24-15-44-28.ids_2,42,11,eating,drink,train,19380
a_column_co_driver__run1b_2018-05-23-16-19-17.ids_2__vp9__ann75__ch0.jpg,a_column_co_driver,9,vp9/run1b_2018-05-23-16-19-17.ids_2,75,0,eating,drink,train,19375
a_column_co_driver__run1_2018-05-24-13-14-41.ids_2__vp10__ann21__ch0.jpg,a_column_co_driver,10,vp10/run1_2018-05-24-13-14-41.ids_2,21,0,eating,drink,train,10941
a_column_co_driver__run1_2018-05-22-15-10-41.ids_2__vp5__ann123__ch6.jpg,a_column_co_driver,5,vp5/run1_2018-05-22-15-10-41.ids_2,123,6,eating,drink,test,46147
a_column_co_driver__run2_2018-05-29-14-33-44.ids_2__vp1__ann41__ch1.jpg,a_column_co_driver,1,vp1/run2_2018-05-29-14-33-44.ids_2,41,1,eating,drink,train,19875
a_column_co_driver__run2_2018-05-24-16-21-35.ids_2__vp12__ann6__ch1.jpg,a_column_co_driver,12,vp12/run2_2018-05-24-16-21-35.ids_2,6,1,opening_bottle,drink,train,7549
a_column_co_driver__run2_2018-05-23-11-05-00.ids_2__vp6__ann30__ch9.jpg,a_column_co_driver,6,vp6/run2_2018-05-23-11-05-00.ids_2,30,9,eating,drink,train,15638
a_column_co_driver__run1_2018-05-22-15-10-41.ids_2__vp5__ann53__ch7.jpg,a_column_co_driver,5,vp5/run1_2018-05-22-15-10-41.ids_2,53,7,eating,drink,test,25654
a_column_co_driver__run1_2018-05-29-15-21-10.ids_2__vp13__ann45__ch1.jpg,a_column_co_driver,13,vp13/run1_2018-05-29-15-21-10.ids_2,45,1,opening_bottle,drink,test,24606
a_column_co_driver__run2_2018-05-23-11-05-00.ids_2__vp6__ann49__ch1.jpg,a_column_co_driver,6,vp6/run2_2018-05-23-11-05-00.ids_2,49,1,drinking,drink,train,26353
a_column_co_driver__run1_2018-05-30-13-05-35.ids_2__vp15__ann78__ch1.jpg,a_column_co_driver,15,vp15/run1_2018-05-30-13-05-35.ids_2,78,1,drinking,drink,val,20333
a_column_co_driver__run1_2018-05-30-10-11-09.ids_2__vp14__ann20__ch2.jpg,a_column_co_driver,14,vp14/run1_2018-05-30-10-11-09.ids_2,20,2,drinking,drink,val,11832
a_column_co_driver__run2_2018-05-30-10-42-33.ids_2__vp14__ann104__ch5.jpg,a_column_co_driver,14,vp14/run2_2018-05-30-10-42-33.ids_2,104,5,eating,drink,val,40820
a_column_co_driver__run2_2018-05-30-11-34-54.ids_2__vp13__ann48__ch14.jpg,a_column_co_driver,13,vp13/run2_2018-05-30-11-34-54.ids_2,48,14,eating,drink,test,22536
a_column_co_driver__run2_2018-05-24-16-21-35.ids_2__vp12__ann85__ch12.jpg,a_column_co_driver,12,vp12/run2_2018-05-24-16-21-35.ids_2,85,12,eating,drink,train,34323
a_column_co_driver__run1_2018-05-30-10-11-09.ids_2__vp14__ann20__ch1.jpg,a_column_co_driver,14,vp14/run1_2018-05-30-10-11-09.ids_2,20,1,drinking,drink,val,11785
a_column_co_driver__run1_2018-05-24-13-44-01.ids_2__vp11__ann44__ch0.jpg,a_column_co_driver,11,vp11/run1_2018-05-24-13-44-01.ids_2,44,0,drinking,drink,test,20381
a_column_co_driver__run2_2018-05-30-10-42-33.ids_2__vp14__ann93__ch18.jpg,a_column_co_driver,14,vp14/run2_2018-05-30-10-42-33.ids_2,93,18,eating,drink,val,35938
a_column_co_driver__run1_2018-05-24-15-44-28.ids_2__vp12__ann40__ch0.jpg,a_column_co_driver,12,vp12/run1_2018-05-24-15-44-28.ids_2,40,0,eating,drink,train,17840
a_column_co_driver__run1_2018-05-23-13-16-52.ids_2__vp7__ann17__ch0.jpg,a_column_co_driver,7,vp7/run1_2018-05-23-13-16-52.ids_2,17,0,closing_bottle,drink,train,10289
a_column_co_driver__run1_2018-05-24-15-44-28.ids_2__vp12__ann42__ch6.jpg,a_column_co_driver,12,vp12/run1_2018-05-24-15-44-28.ids_2,42,6,eating,drink,train,18931
a_column_co_driver__run1b_2018-05-08-08-46-01.ids_2__vp3__ann70__ch0.jpg,a_column_co_driver,3,vp3/run1b_2018-05-08-08-46-01.ids_2,70,0,eating,drink,train,30247
a_column_co_driver__run2_2018-05-30-10-42-33.ids_2__vp14__ann93__ch35.jpg,a_column_co_driver,14,vp14/run2_2018-05-30-10-42-33.ids_2,93,35,eating,drink,val,37464
a_column_co_driver__run1_2018-05-23-10-21-45.ids_2__vp6__ann80__ch4.jpg,a_column_co_driver,6,vp6/run1_2018-05-23-10-21-45.ids_2,80,4,eating,drink,train,41128
a_column_co_driver__run1d_2018-05-23-14-54-38.ids_2__vp8__ann58__ch16.jpg,a_column_co_driver,8,vp8/run1d_2018-05-23-14-54-38.ids_2,58,16,eating,drink,train,30483
a_column_co_driver__run1_2018-05-23-10-21-45.ids_2__vp6__ann78__ch7.jpg,a_column_co_driver,6,vp6/run1_2018-05-23-10-21-45.ids_2,78,7,eating,drink,train,40363
a_column_co_driver__run2_2018-05-24-16-21-35.ids_2__vp12__ann17__ch9.jpg,a_column_co_driver,12,vp12/run2_2018-05-24-16-21-35.ids_2,17,9,eating,drink,train,9980
a_column_co_driver__run1_2018-05-22-15-10-41.ids_2__vp5__ann46__ch0.jpg,a_column_co_driver,5,vp5/run1_2018-05-22-15-10-41.ids_2,46,0,preparing_food,drink,test,20574
a_column_co_driver__run1d_2018-05-23-14-54-38.ids_2__vp8__ann78__ch12.jpg,a_column_co_driver,8,vp8/run1d_2018-05-23-14-54-38.ids_2,78,12,eating,drink,train,38268
a_column_co_driver__run2_2018-05-30-11-34-54.ids_2__vp13__ann48__ch6.jpg,a_column_co_driver,13,vp13/run2_2018-05-30-11-34-54.ids_2,48,6,eating,drink,test,21814
a_column_co_driver__run1_2018-05-30-10-11-09.ids_2__vp14__ann16__ch1.jpg,a_column_co_driver,14,vp14/run1_2018-05-30-10-11-09.ids_2,16,1,eating,drink,val,10628
a_column_co_driver__run1_2018-05-03-14-08-31.ids_2__vp2__ann70__ch0.jpg,a_column_co_driver,2,vp2/run1_2018-05-03-14-08-31.ids_2,70,0,eating,drink,train,39687
a_column_co_driver__run2_2018-05-24-14-08-46.ids_2__vp10__ann96__ch0.jpg,a_column_co_driver,10,vp10/run2_2018-05-24-14-08-46.ids_2,96,0,closing_bottle,drink,train,33985
a_column_co_driver__run1_2018-05-24-13-14-41.ids_2__vp10__ann45__ch0.jpg,a_column_co_driver,10,vp10/run1_2018-05-24-13-14-41.ids_2,45,0,opening_bottle,drink,train,15273
a_column_co_driver__run1_2018-05-23-13-16-52.ids_2__vp7__ann11__ch4.jpg,a_column_co_driver,7,vp7/run1_2018-05-23-13-16-52.ids_2,11,4,eating,drink,train,9205
a_column_co_driver__run2_2018-05-29-14-33-44.ids_2__vp1__ann45__ch0.jpg,a_column_co_driver,1,vp1/run2_2018-05-29-14-33-44.ids_2,45,0,opening_bottle,drink,train,20963
a_column_co_driver__run2b_2018-05-22-15-50-07.ids_2__vp5__ann79__ch0.jpg,a_column_co_driver,5,vp5/run2b_2018-05-22-15-50-07.ids_2,79,0,drinking,drink,test,29017
a_column_co_driver__run1_2018-05-22-15-10-41.ids_2__vp5__ann44__ch2.jpg,a_column_co_driver,5,vp5/run1_2018-05-22-15-10-41.ids_2,44,2,eating,drink,test,20443
a_column_co_driver__run1b_2018-05-29-14-02-47.ids_2__vp1__ann55__ch0.jpg,a_column_co_driver,1,vp1/run1b_2018-05-29-14-02-47.ids_2,55,0,drinking,drink,train,16718
a_column_co_driver__run1b_2018-05-29-14-02-47.ids_2__vp1__ann114__ch0.jpg,a_column_co_driver,1,vp1/run1b_2018-05-29-14-02-47.ids_2,114,0,drinking,drink,train,29055
a_column_co_driver__run2_2018-05-22-14-25-04.ids_2__vp4__ann104__ch5.jpg,a_column_co_driver,4,vp4/run2_2018-05-22-14-25-04.ids_2,104,5,eating,drink,train,48752
a_column_co_driver__run2_2018-05-24-16-21-35.ids_2__vp12__ann88__ch0.jpg,a_column_co_driver,12,vp12/run2_2018-05-24-16-21-35.ids_2,88,0,drinking,drink,train,35235
a_column_co_driver__run2_2018-05-22-14-25-04.ids_2__vp4__ann20__ch0.jpg,a_column_co_driver,4,vp4/run2_2018-05-22-14-25-04.ids_2,20,0,closing_bottle,drink,train,17746
a_column_co_driver__run2_2018-05-22-14-25-04.ids_2__vp4__ann9__ch4.jpg,a_column_co_driver,4,vp4/run2_2018-05-22-14-25-04.ids_2,9,4,eating,drink,train,11616
a_column_co_driver__run2_2018-05-23-11-05-00.ids_2__vp6__ann65__ch5.jpg,a_column_co_driver,6,vp6/run2_2018-05-23-11-05-00.ids_2,65,5,eating,drink,train,30033
a_column_co_driver__run1d_2018-05-23-14-54-38.ids_2__vp8__ann58__ch0.jpg,a_column_co_driver,8,vp8/run1d_2018-05-23-14-54-38.ids_2,58,0,eating,drink,train,29051
a_column_co_driver__run1_2018-05-24-15-44-28.ids_2__vp12__ann70__ch0.jpg,a_column_co_driver,12,vp12/run1_2018-05-24-15-44-28.ids_2,70,0,drinking,drink,train,31035
a_column_co_driver__run1_2018-05-23-13-16-52.ids_2__vp7__ann83__ch1.jpg,a_column_co_driver,7,vp7/run1_2018-05-23-13-16-52.ids_2,83,1,opening_bottle,drink,train,26428
a_column_co_driver__run1_2018-05-30-13-05-35.ids_2__vp15__ann21__ch0.jpg,a_column_co_driver,15,vp15/run1_2018-05-30-13-05-35.ids_2,21,0,closing_bottle,drink,val,10019
a_column_co_driver__run1_2018-05-24-13-14-41.ids_2__vp10__ann90__ch23.jpg,a_column_co_driver,10,vp10/run1_2018-05-24-13-14-41.ids_2,90,23,eating,drink,train,30969
a_column_co_driver__run1_2018-05-23-10-21-45.ids_2__vp6__ann80__ch0.jpg,a_column_co_driver,6,vp6/run1_2018-05-23-10-21-45.ids_2,80,0,eating,drink,train,40766
a_column_co_driver__run1_2018-05-24-15-44-28.ids_2__vp12__ann42__ch12.jpg,a_column_co_driver,12,vp12/run1_2018-05-24-15-44-28.ids_2,42,12,eating,drink,train,19470
a_column_co_driver__run1b_2018-05-23-16-19-17.ids_2__vp9__ann28__ch3.jpg,a_column_co_driver,9,vp9/run1b_2018-05-23-16-19-17.ids_2,28,3,eating,drink,train,10672
a_column_co_driver__run1_2018-05-22-15-10-41.ids_2__vp5__ann51__ch1.jpg,a_column_co_driver,5,vp5/run1_2018-05-22-15-10-41.ids_2,51,1,eating,drink,test,24162
a_column_co_driver__run1_2018-05-22-13-28-51.ids_2__vp4__ann100__ch2.jpg,a_column_co_driver,4,vp4/run1_2018-05-22-13-28-51.ids_2,100,2,eating,drink,train,45406
a_column_co_driver__run1_2018-05-22-15-10-41.ids_2__vp5__ann123__ch0.jpg,a_column_co_driver,5,vp5/run1_2018-05-22-15-10-41.ids_2,123,0,eating,drink,test,45626
a_column_co_driver__run2_2018-05-23-11-05-00.ids_2__vp6__ann30__ch0.jpg,a_column_co_driver,6,vp6/run2_2018-05-23-11-05-00.ids_2,30,0,eating,drink,train,14831
a_column_co_driver__run1_2018-05-24-13-14-41.ids_2__vp10__ann16__ch0.jpg,a_column_co_driver,10,vp10/run1_2018-05-24-13-14-41.ids_2,16,0,eating,drink,train,9488
a_column_co_driver__run2_2018-05-24-16-21-35.ids_2__vp12__ann64__ch5.jpg,a_column_co_driver,12,vp12/run2_2018-05-24-16-21-35.ids_2,64,5,eating,drink,train,24698
a_column_co_driver__run1_2018-05-30-10-11-09.ids_2__vp14__ann90__ch18.jpg,a_column_co_driver,14,vp14/run1_2018-05-30-10-11-09.ids_2,90,18,eating,drink,val,39760
a_column_co_driver__run1_2018-05-22-13-28-51.ids_2__vp4__ann26__ch3.jpg,a_column_co_driver,4,vp4/run1_2018-05-22-13-28-51.ids_2,26,3,eating,drink,train,16819
a_column_co_driver__run2_2018-05-30-10-42-33.ids_2__vp14__ann88__ch2.jpg,a_column_co_driver,14,vp14/run2_2018-05-30-10-42-33.ids_2,88,2,eating,drink,val,33277
a_column_co_driver__run1b_2018-05-23-16-19-17.ids_2__vp9__ann25__ch0.jpg,a_column_co_driver,9,vp9/run1b_2018-05-23-16-19-17.ids_2,25,0,preparing_food,drink,train,9988
a_column_co_driver__run1_2018-05-23-13-16-52.ids_2__vp7__ann83__ch4.jpg,a_column_co_driver,7,vp7/run1_2018-05-23-13-16-52.ids_2,83,4,opening_bottle,drink,train,26696
a_column_co_driver__run1b_2018-05-29-14-02-47.ids_2__vp1__ann100__ch1.jpg,a_column_co_driver,1,vp1/run1b_2018-05-29-14-02-47.ids_2,100,1,closing_bottle,drink,train,26970
a_column_co_driver__run2_2018-05-30-11-34-54.ids_2__vp13__ann50__ch2.jpg,a_column_co_driver,13,vp13/run2_2018-05-30-11-34-54.ids_2,50,2,opening_bottle,drink,test,23026
a_column_co_driver__run1_2018-05-30-10-11-09.ids_2__vp14__ann90__ch25.jpg,a_column_co_driver,14,vp14/run1_2018-05-30-10-11-09.ids_2,90,25,eating,drink,val,40392
a_column_co_driver__run1_2018-05-24-15-44-28.ids_2__vp12__ann42__ch19.jpg,a_column_co_driver,12,vp12/run1_2018-05-24-15-44-28.ids_2,42,19,eating,drink,train,20083
a_column_co_driver__run2_2018-05-24-17-22-26.ids_2__vp2__ann38__ch9.jpg,a_column_co_driver,2,vp2/run2_2018-05-24-17-22-26.ids_2,38,9,eating,drink,train,20654
a_column_co_driver__run2_2018-05-30-10-42-33.ids_2__vp14__ann93__ch5.jpg,a_column_co_driver,14,vp14/run2_2018-05-30-10-42-33.ids_2,93,5,eating,drink,val,34774
a_column_co_driver__run1_2018-05-22-15-10-41.ids_2__vp5__ann36__ch0.jpg,a_column_co_driver,5,vp5/run1_2018-05-22-15-10-41.ids_2,36,0,closing_bottle,drink,test,18986
a_column_co_driver__run2_2018-05-23-15-30-27.ids_2__vp8__ann21__ch1.jpg,a_column_co_driver,8,vp8/run2_2018-05-23-15-30-27.ids_2,21,1,drinking,drink,train,9135
a_column_co_driver__run1_2018-05-29-15-21-10.ids_2__vp13__ann39__ch9.jpg,a_column_co_driver,13,vp13/run1_2018-05-29-15-21-10.ids_2,39,9,eating,drink,test,22480
a_column_co_driver__run1_2018-05-24-13-44-01.ids_2__vp11__ann85__ch1.jpg,a_column_co_driver,11,vp11/run1_2018-05-24-13-44-01.ids_2,85,1,eating,drink,test,31366
a_column_co_driver__run1_2018-05-30-10-11-09.ids_2__vp14__ann19__ch2.jpg,a_column_co_driver,14,vp14/run1_2018-05-30-10-11-09.ids_2,19,2,opening_bottle,drink,val,11635
a_column_co_driver__run1_2018-05-30-10-11-09.ids_2__vp14__ann86__ch11.jpg,a_column_co_driver,14,vp14/run1_2018-05-30-10-11-09.ids_2,86,11,eating,drink,val,35502
a_column_co_driver__run1b_2018-05-08-08-46-01.ids_2__vp3__ann80__ch1.jpg,a_column_co_driver,3,vp3/run1b_2018-05-08-08-46-01.ids_2,80,1,eating,drink,train,32141
a_column_co_driver__run1_2018-05-22-15-10-41.ids_2__vp5__ann105__ch5.jpg,a_column_co_driver,5,vp5/run1_2018-05-22-15-10-41.ids_2,105,5,eating,drink,test,41423
a_column_co_driver__run1_2018-05-22-15-10-41.ids_2__vp5__ann53__ch3.jpg,a_column_co_driver,5,vp5/run1_2018-05-22-15-10-41.ids_2,53,3,eating,drink,test,25293
a_column_co_driver__run1b_2018-05-23-16-19-17.ids_2__vp9__ann86__ch2.jpg,a_column_co_driver,9,vp9/run1b_2018-05-23-16-19-17.ids_2,86,2,eating,drink,train,22006
a_column_co_driver__run1_2018-05-24-13-44-01.ids_2__vp11__ann94__ch2.jpg,a_column_co_driver,11,vp11/run1_2018-05-24-13-44-01.ids_2,94,2,preparing_food,drink,test,32739
a_column_co_driver__run1_2018-05-22-15-10-41.ids_2__vp5__ann111__ch0.jpg,a_column_co_driver,5,vp5/run1_2018-05-22-15-10-41.ids_2,111,0,eating,drink,test,43220
a_column_co_driver__run2_2018-05-30-10-42-33.ids_2__vp14__ann11__ch0.jpg,a_column_co_driver,14,vp14/run2_2018-05-30-10-42-33.ids_2,11,0,drinking,drink,val,7494
a_column_co_driver__run2_2018-05-30-10-42-33.ids_2__vp14__ann80__ch1.jpg,a_column_co_driver,14,vp14/run2_2018-05-30-10-42-33.ids_2,80,1,eating,drink,val,31404
a_column_co_driver__run1_2018-05-22-15-10-41.ids_2__vp5__ann121__ch1.jpg,a_column_co_driver,5,vp5/run1_2018-05-22-15-10-41.ids_2,121,1,eating,drink,test,44754
a_column_co_driver__run1_2018-05-30-10-11-09.ids_2__vp14__ann86__ch16.jpg,a_column_co_driver,14,vp14/run1_2018-05-30-10-11-09.ids_2,86,16,eating,drink,val,35952
a_column_co_driver__run1_2018-05-23-10-21-45.ids_2__vp6__ann80__ch1.jpg,a_column_co_driver,6,vp6/run1_2018-05-23-10-21-45.ids_2,80,1,eating,drink,train,40856
a_column_co_driver__run1_2018-05-29-15-21-10.ids_2__vp13__ann39__ch14.jpg,a_column_co_driver,13,vp13/run1_2018-05-29-15-21-10.ids_2,39,14,eating,drink,test,22929
a_column_co_driver__run1_2018-05-23-10-21-45.ids_2__vp6__ann85__ch2.jpg,a_column_co_driver,6,vp6/run1_2018-05-23-10-21-45.ids_2,85,2,eating,drink,train,42263
a_column_co_driver__run1_2018-05-23-13-16-52.ids_2__vp7__ann11__ch5.jpg,a_column_co_driver,7,vp7/run1_2018-05-23-13-16-52.ids_2,11,5,eating,drink,train,9289
a_column_co_driver__run1_2018-05-24-13-14-41.ids_2__vp10__ann96__ch0.jpg,a_column_co_driver,10,vp10/run1_2018-05-24-13-14-41.ids_2,96,0,eating,drink,train,33945
a_column_co_driver__run2_2018-05-22-14-25-04.ids_2__vp4__ann104__ch4.jpg,a_column_co_driver,4,vp4/run2_2018-05-22-14-25-04.ids_2,104,4,eating,drink,train,48662
a_column_co_driver__run2_2018-05-24-14-35-56.ids_2__vp11__ann62__ch0.jpg,a_column_co_driver,11,vp11/run2_2018-05-24-14-35-56.ids_2,62,0,preparing_food,drink,test,16357
a_column_co_driver__run2_2018-05-30-10-42-33.ids_2__vp14__ann100__ch0.jpg,a_column_co_driver,14,vp14/run2_2018-05-30-10-42-33.ids_2,100,0,drinking,drink,val,39842
a_column_co_driver__run1_2018-05-24-13-14-41.ids_2__vp10__ann90__ch19.jpg,a_column_co_driver,10,vp10/run1_2018-05-24-13-14-41.ids_2,90,19,eating,drink,train,30611
a_column_co_driver__run2_2018-05-23-11-05-00.ids_2__vp6__ann30__ch4.jpg,a_column_co_driver,6,vp6/run2_2018-05-23-11-05-00.ids_2,30,4,eating,drink,train,15189
a_column_co_driver__run1_2018-05-24-15-44-28.ids_2__vp12__ann42__ch2.jpg,a_column_co_driver,12,vp12/run1_2018-05-24-15-44-28.ids_2,42,2,eating,drink,train,18574
a_column_co_driver__run1_2018-05-23-13-16-52.ids_2__vp7__ann60__ch6.jpg,a_column_co_driver,7,vp7/run1_2018-05-23-13-16-52.ids_2,60,6,eating,drink,train,20012
a_column_co_driver__run2_2018-05-30-10-42-33.ids_2__vp14__ann78__ch2.jpg,a_column_co_driver,14,vp14/run2_2018-05-30-10-42-33.ids_2,78,2,eating,drink,val,30631
a_column_co_driver__run2_2018-05-24-16-21-35.ids_2__vp12__ann88__ch1.jpg,a_column_co_driver,12,vp12/run2_2018-05-24-16-21-35.ids_2,88,1,drinking,drink,train,35324
a_column_co_driver__run2_2018-05-30-13-34-33.ids_2__vp15__ann24__ch0.jpg,a_column_co_driver,15,vp15/run2_2018-05-30-13-34-33.ids_2,24,0,closing_bottle,drink,val,11437
a_column_co_driver__run2_2018-05-22-14-25-04.ids_2__vp4__ann9__ch2.jpg,a_column_co_driver,4,vp4/run2_2018-05-22-14-25-04.ids_2,9,2,eating,drink,train,11455
a_column_co_driver__run2_2018-05-24-17-22-26.ids_2__vp2__ann42__ch1.jpg,a_column_co_driver,2,vp2/run2_2018-05-24-17-22-26.ids_2,42,1,drinking,drink,train,21288
a_column_co_driver__run1b_2018-05-08-08-46-01.ids_2__vp3__ann80__ch9.jpg,a_column_co_driver,3,vp3/run1b_2018-05-08-08-46-01.ids_2,80,9,eating,drink,train,32863
a_column_co_driver__run2_2018-05-24-16-21-35.ids_2__vp12__ann99__ch10.jpg,a_column_co_driver,12,vp12/run2_2018-05-24-16-21-35.ids_2,99,10,eating,drink,train,40128
a_column_co_driver__run1d_2018-05-23-14-54-38.ids_2__vp8__ann58__ch22.jpg,a_column_co_driver,8,vp8/run1d_2018-05-23-14-54-38.ids_2,58,22,eating,drink,train,31026
a_column_co_driver__run1_2018-05-23-10-21-45.ids_2__vp6__ann78__ch1.jpg,a_column_co_driver,6,vp6/run1_2018-05-23-10-21-45.ids_2,78,1,eating,drink,train,39823
a_column_co_driver__run2_2018-05-30-11-34-54.ids_2__vp13__ann50__ch0.jpg,a_column_co_driver,13,vp13/run2_2018-05-30-11-34-54.ids_2,50,0,opening_bottle,drink,test,22847
a_column_co_driver__run1_2018-05-24-13-14-41.ids_2__vp10__ann90__ch26.jpg,a_column_co_driver,10,vp10/run1_2018-05-24-13-14-41.ids_2,90,26,eating,drink,train,31237
a_column_co_driver__run1_2018-05-22-15-10-41.ids_2__vp5__ann49__ch25.jpg,a_column_co_driver,5,vp5/run1_2018-05-22-15-10-41.ids_2,49,25,eating,drink,test,23177
a_column_co_driver__run2_2018-05-30-13-34-33.ids_2__vp15__ann20__ch2.jpg,a_column_co_driver,15,vp15/run2_2018-05-30-13-34-33.ids_2,20,2,eating,drink,val,11077
a_column_co_driver__run1b_2018-05-08-08-46-01.ids_2__vp3__ann85__ch0.jpg,a_column_co_driver,3,vp3/run1b_2018-05-08-08-46-01.ids_2,85,0,drinking,drink,train,33743
a_column_co_driver__run1_2018-05-23-13-16-52.ids_2__vp7__ann81__ch13.jpg,a_column_co_driver,7,vp7/run1_2018-05-23-13-16-52.ids_2,81,13,eating,drink,train,25639
a_column_co_driver__run1_2018-05-22-15-10-41.ids_2__vp5__ann49__ch32.jpg,a_column_co_driver,5,vp5/run1_2018-05-22-15-10-41.ids_2,49,32,eating,drink,test,23807
a_column_co_driver__run2b_2018-05-22-15-50-07.ids_2__vp5__ann70__ch1.jpg,a_column_co_driver,5,vp5/run2b_2018-05-22-15-50-07.ids_2,70,1,eating,drink,test,26430
a_column_co_driver__run1_2018-05-24-13-14-41.ids_2__vp10__ann92__ch5.jpg,a_column_co_driver,10,vp10/run1_2018-05-24-13-14-41.ids_2,92,5,eating,drink,train,31935
a_column_co_driver__run1_2018-05-23-13-16-52.ids_2__vp7__ann81__ch4.jpg,a_column_co_driver,7,vp7/run1_2018-05-23-13-16-52.ids_2,81,4,eating,drink,train,24828
a_column_co_driver__run2b_2018-05-23-13-54-07.ids_2__vp7__ann37__ch1.jpg,a_column_co_driver,7,vp7/run2b_2018-05-23-13-54-07.ids_2,37,1,drinking,drink,train,14383
a_column_co_driver__run1_2018-05-30-10-11-09.ids_2__vp14__ann86__ch6.jpg,a_column_co_driver,14,vp14/run1_2018-05-30-10-11-09.ids_2,86,6,eating,drink,val,35045
a_column_co_driver__run1_2018-05-24-13-44-01.ids_2__vp11__ann82__ch1.jpg,a_column_co_driver,11,vp11/run1_2018-05-24-13-44-01.ids_2,82,1,eating,drink,test,31039
a_column_co_driver__run1_2018-05-30-10-11-09.ids_2__vp14__ann52__ch1.jpg,a_column_co_driver,14,vp14/run1_2018-05-30-10-11-09.ids_2,52,1,opening_bottle,drink,val,23761
a_column_co_driver__run2_2018-05-24-16-21-35.ids_2__vp12__ann102__ch0.jpg,a_column_co_driver,12,vp12/run2_2018-05-24-16-21-35.ids_2,102,0,opening_bottle,drink,train,41043
a_column_co_driver__run1b_2018-05-29-14-02-47.ids_2__vp1__ann99__ch0.jpg,a_column_co_driver,1,vp1/run1b_2018-05-29-14-02-47.ids_2,99,0,drinking,drink,train,26719
a_column_co_driver__run2b_2018-05-22-15-50-07.ids_2__vp5__ann80__ch0.jpg,a_column_co_driver,5,vp5/run2b_2018-05-22-15-50-07.ids_2,80,0,closing_bottle,drink,test,29145
a_column_co_driver__run1_2018-05-22-15-10-41.ids_2__vp5__ann105__ch4.jpg,a_column_co_driver,5,vp5/run1_2018-05-22-15-10-41.ids_2,105,4,eating,drink,test,41333
a_column_co_driver__run1_2018-05-22-15-10-41.ids_2__vp5__ann51__ch5.jpg,a_column_co_driver,5,vp5/run1_2018-05-22-15-10-41.ids_2,51,5,eating,drink,test,24522
a_column_co_driver__run1b_2018-05-29-14-02-47.ids_2__vp1__ann100__ch0.jpg,a_column_co_driver,1,vp1/run1b_2018-05-29-14-02-47.ids_2,100,0,closing_bottle,drink,train,26879
a_column_co_driver__run1d_2018-05-23-14-54-38.ids_2__vp8__ann58__ch19.jpg,a_column_co_driver,8,vp8/run1d_2018-05-23-14-54-38.ids_2,58,19,eating,drink,train,30754
a_column_co_driver__run2_2018-05-24-14-35-56.ids_2__vp11__ann62__ch2.jpg,a_column_co_driver,11,vp11/run2_2018-05-24-14-35-56.ids_2,62,2,preparing_food,drink,test,16494
a_column_co_driver__run2_2018-05-24-16-21-35.ids_2__vp12__ann27__ch0.jpg,a_column_co_driver,12,vp12/run2_2018-05-24-16-21-35.ids_2,27,0,drinking,drink,train,12373
a_column_co_driver__run1_2018-05-23-10-21-45.ids_2__vp6__ann76__ch2.jpg,a_column_co_driver,6,vp6/run1_2018-05-23-10-21-45.ids_2,76,2,preparing_food,drink,train,39503
a_column_co_driver__run1_2018-05-03-14-08-31.ids_2__vp2__ann75__ch2.jpg,a_column_co_driver,2,vp2/run1_2018-05-03-14-08-31.ids_2,75,2,drinking,drink,train,40631
a_column_co_driver__run1_2018-05-22-13-28-51.ids_2__vp4__ann28__ch3.jpg,a_column_co_driver,4,vp4/run1_2018-05-22-13-28-51.ids_2,28,3,opening_bottle,drink,train,17651
a_column_co_driver__run2_2018-05-24-14-08-46.ids_2__vp10__ann89__ch1.jpg,a_column_co_driver,10,vp10/run2_2018-05-24-14-08-46.ids_2,89,1,preparing_food,drink,train,32778
a_column_co_driver__run2_2018-05-24-16-21-35.ids_2__vp12__ann17__ch17.jpg,a_column_co_driver,12,vp12/run2_2018-05-24-16-21-35.ids_2,17,17,eating,drink,train,10696
a_column_co_driver__run1b_2018-05-23-16-19-17.ids_2__vp9__ann28__ch4.jpg,a_column_co_driver,9,vp9/run1b_2018-05-23-16-19-17.ids_2,28,4,eating,drink,train,10762
a_column_co_driver__run2_2018-05-23-11-05-00.ids_2__vp6__ann65__ch3.jpg,a_column_co_driver,6,vp6/run2_2018-05-23-11-05-00.ids_2,65,3,eating,drink,train,29877
a_column_co_driver__run1d_2018-05-23-14-54-38.ids_2__vp8__ann58__ch3.jpg,a_column_co_driver,8,vp8/run1d_2018-05-23-14-54-38.ids_2,58,3,eating,drink,train,29314
a_column_co_driver__run1_2018-05-22-15-10-41.ids_2__vp5__ann125__ch7.jpg,a_column_co_driver,5,vp5/run1_2018-05-22-15-10-41.ids_2,125,7,eating,drink,test,46960
a_column_co_driver__run1_2018-05-24-15-44-28.ids_2__vp12__ann36__ch2.jpg,a_column_co_driver,12,vp12/run1_2018-05-24-15-44-28.ids_2,36,2,drinking,drink,train,17531
a_column_co_driver__run2_2018-05-30-13-34-33.ids_2__vp15__ann33__ch0.jpg,a_column_co_driver,15,vp15/run2_2018-05-30-13-34-33.ids_2,33,0,opening_bottle,drink,val,12688
a_column_co_driver__run1_2018-05-24-13-14-41.ids_2__vp10__ann90__ch11.jpg,a_column_co_driver,10,vp10/run1_2018-05-24-13-14-41.ids_2,90,11,eating,drink,train,29895
a_column_co_driver__run2_2018-05-29-14-33-44.ids_2__vp1__ann41__ch0.jpg,a_column_co_driver,1,vp1/run2_2018-05-29-14-33-44.ids_2,41,0,eating,drink,train,19785
a_column_co_driver__run1b_2018-05-08-08-46-01.ids_2__vp3__ann77__ch0.jpg,a_column_co_driver,3,vp3/run1b_2018-05-08-08-46-01.ids_2,77,0,closing_bottle,drink,train,31856
a_column_co_driver__run2_2018-05-29-16-03-37.ids_2__vp3__ann78__ch3.jpg,a_column_co_driver,3,vp3/run2_2018-05-29-16-03-37.ids_2,78,3,eating,drink,train,29916
a_column_co_driver__run2_2018-05-23-11-05-00.ids_2__vp6__ann65__ch0.jpg,a_column_co_driver,6,vp6/run2_2018-05-23-11-05-00.ids_2,65,0,eating,drink,train,29607
a_column_co_driver__run1_2018-05-24-13-14-41.ids_2__vp10__ann92__ch11.jpg,a_column_co_driver,10,vp10/run1_2018-05-24-13-14-41.ids_2,92,11,eating,drink,train,32456
a_column_co_driver__run2_2018-05-24-14-35-56.ids_2__vp11__ann65__ch0.jpg,a_column_co_driver,11,vp11/run2_2018-05-24-14-35-56.ids_2,65,0,opening_bottle,drink,test,16768
a_column_co_driver__run1b_2018-05-23-16-19-17.ids_2__vp9__ann91__ch2.jpg,a_column_co_driver,9,vp9/run1b_2018-05-23-16-19-17.ids_2,91,2,drinking,drink,train,23393
a_column_co_driver__run1_2018-05-24-15-44-28.ids_2__vp12__ann40__ch4.jpg,a_column_co_driver,12,vp12/run1_2018-05-24-15-44-28.ids_2,40,4,eating,drink,train,18201
a_column_co_driver__run1_2018-05-30-13-05-35.ids_2__vp15__ann11__ch2.jpg,a_column_co_driver,15,vp15/run1_2018-05-30-13-05-35.ids_2,11,2,preparing_food,drink,val,8432
a_column_co_driver__run2_2018-05-30-11-34-54.ids_2__vp13__ann50__ch3.jpg,a_column_co_driver,13,vp13/run2_2018-05-30-11-34-54.ids_2,50,3,opening_bottle,drink,test,23117
a_column_co_driver__run2_2018-05-22-14-25-04.ids_2__vp4__ann104__ch2.jpg,a_column_co_driver,4,vp4/run2_2018-05-22-14-25-04.ids_2,104,2,eating,drink,train,48482
a_column_co_driver__run1_2018-05-22-15-10-41.ids_2__vp5__ann49__ch14.jpg,a_column_co_driver,5,vp5/run1_2018-05-22-15-10-41.ids_2,49,14,eating,drink,test,22188
a_column_co_driver__run1_2018-05-22-15-10-41.ids_2__vp5__ann125__ch8.jpg,a_column_co_driver,5,vp5/run1_2018-05-22-15-10-41.ids_2,125,8,eating,drink,test,47048
a_column_co_driver__run2_2018-05-24-16-21-35.ids_2__vp12__ann88__ch2.jpg,a_column_co_driver,12,vp12/run2_2018-05-24-16-21-35.ids_2,88,2,drinking,drink,train,35415
a_column_co_driver__run1_2018-05-23-13-16-52.ids_2__vp7__ann16__ch1.jpg,a_column_co_driver,7,vp7/run1_2018-05-23-13-16-52.ids_2,16,1,drinking,drink,train,10045
a_column_co_driver__run1b_2018-05-08-08-46-01.ids_2__vp3__ann70__ch6.jpg,a_column_co_driver,3,vp3/run1b_2018-05-08-08-46-01.ids_2,70,6,eating,drink,train,30788
a_column_co_driver__run2_2018-05-24-16-21-35.ids_2__vp12__ann17__ch16.jpg,a_column_co_driver,12,vp12/run2_2018-05-24-16-21-35.ids_2,17,16,eating,drink,train,10607
a_column_co_driver__run1_2018-05-23-10-21-45.ids_2__vp6__ann91__ch0.jpg,a_column_co_driver,6,vp6/run1_2018-05-23-10-21-45.ids_2,91,0,closing_bottle,drink,train,46512
a_column_co_driver__run1_2018-05-22-15-10-41.ids_2__vp5__ann49__ch24.jpg,a_column_co_driver,5,vp5/run1_2018-05-22-15-10-41.ids_2,49,24,eating,drink,test,23087
a_column_co_driver__run1_2018-05-22-15-10-41.ids_2__vp5__ann51__ch6.jpg,a_column_co_driver,5,vp5/run1_2018-05-22-15-10-41.ids_2,51,6,eating,drink,test,24612
a_column_co_driver__run2_2018-05-24-14-35-56.ids_2__vp11__ann70__ch8.jpg,a_column_co_driver,11,vp11/run2_2018-05-24-14-35-56.ids_2,70,8,eating,drink,test,17945
a_column_co_driver__run2_2018-05-24-14-35-56.ids_2__vp11__ann77__ch5.jpg,a_column_co_driver,11,vp11/run2_2018-05-24-14-35-56.ids_2,77,5,eating,drink,test,19213
a_column_co_driver__run2_2018-05-24-14-35-56.ids_2__vp11__ann14__ch0.jpg,a_column_co_driver,11,vp11/run2_2018-05-24-14-35-56.ids_2,14,0,drinking,drink,test,6442
a_column_co_driver__run2_2018-05-23-11-05-00.ids_2__vp6__ann34__ch2.jpg,a_column_co_driver,6,vp6/run2_2018-05-23-11-05-00.ids_2,34,2,drinking,drink,train,17637
a_column_co_driver__run2_2018-05-30-10-42-33.ids_2__vp14__ann93__ch14.jpg,a_column_co_driver,14,vp14/run2_2018-05-30-10-42-33.ids_2,93,14,eating,drink,val,35583
a_column_co_driver__run1d_2018-05-23-14-54-38.ids_2__vp8__ann78__ch13.jpg,a_column_co_driver,8,vp8/run1d_2018-05-23-14-54-38.ids_2,78,13,eating,drink,train,38358
a_column_co_driver__run1b_2018-05-23-16-19-17.ids_2__vp9__ann32__ch0.jpg,a_column_co_driver,9,vp9/run1b_2018-05-23-16-19-17.ids_2,32,0,eating,drink,train,11803
a_column_co_driver__run1_2018-05-22-15-10-41.ids_2__vp5__ann46__ch2.jpg,a_column_co_driver,5,vp5/run1_2018-05-22-15-10-41.ids_2,46,2,preparing_food,drink,test,20732
a_column_co_driver__run2_2018-05-24-16-21-35.ids_2__vp12__ann79__ch2.jpg,a_column_co_driver,12,vp12/run2_2018-05-24-16-21-35.ids_2,79,2,drinking,drink,train,32279
a_column_co_driver__run2_2018-05-23-15-30-27.ids_2__vp8__ann15__ch1.jpg,a_column_co_driver,8,vp8/run2_2018-05-23-15-30-27.ids_2,15,1,preparing_food,drink,train,7359
a_column_co_driver__run1_2018-05-22-13-28-51.ids_2__vp4__ann24__ch1.jpg,a_column_co_driver,4,vp4/run1_2018-05-22-13-28-51.ids_2,24,1,eating,drink,train,16210
a_column_co_driver__run1b_2018-05-23-16-19-17.ids_2__vp9__ann54__ch0.jpg,a_column_co_driver,9,vp9/run1b_2018-05-23-16-19-17.ids_2,54,0,eating,drink,train,17389
a_column_co_driver__run1_2018-05-24-15-44-28.ids_2__vp12__ann24__ch12.jpg,a_column_co_driver,12,vp12/run1_2018-05-24-15-44-28.ids_2,24,12,interacting_with_phone,phone,train,13784
a_column_co_driver__run2_2018-05-30-10-42-33.ids_2__vp14__ann60__ch6.jpg,a_column_co_driver,14,vp14/run2_2018-05-30-10-42-33.ids_2,60,6,interacting_with_phone,phone,val,26408
a_column_co_driver__run1b_2018-05-29-14-02-47.ids_2__vp1__ann20__ch5.jpg,a_column_co_driver,1,vp1/run1b_2018-05-29-14-02-47.ids_2,20,5,interacting_with_phone,phone,train,8561
a_column_co_driver__run2_2018-05-22-14-25-04.ids_2__vp4__ann94__ch1.jpg,a_column_co_driver,4,vp4/run2_2018-05-22-14-25-04.ids_2,94,1,interacting_with_phone,phone,train,45571
a_column_co_driver__run2_2018-05-23-11-05-00.ids_2__vp6__ann74__ch8.jpg,a_column_co_driver,6,vp6/run2_2018-05-23-11-05-00.ids_2,74,8,interacting_with_phone,phone,train,33051
a_column_co_driver__run1_2018-05-03-14-08-31.ids_2__vp2__ann66__ch4.jpg,a_column_co_driver,2,vp2/run1_2018-05-03-14-08-31.ids_2,66,4,interacting_with_phone,phone,train,39255
a_column_co_driver__run1b_2018-05-08-08-46-01.ids_2__vp3__ann34__ch3.jpg,a_column_co_driver,3,vp3/run1b_2018-05-08-08-46-01.ids_2,34,3,interacting_with_phone,phone,train,18834
a_column_co_driver__run1b_2018-05-23-16-19-17.ids_2__vp9__ann101__ch14.jpg,a_column_co_driver,9,vp9/run1b_2018-05-23-16-19-17.ids_2,101,14,interacting_with_phone,phone,train,27693
a_column_co_driver__run1_2018-05-24-13-44-01.ids_2__vp11__ann32__ch0.jpg,a_column_co_driver,11,vp11/run1_2018-05-24-13-44-01.ids_2,32,0,talking_on_phone,phone,test,16849
a_column_co_driver__run1_2018-05-23-13-16-52.ids_2__vp7__ann69__ch7.jpg,a_column_co_driver,7,vp7/run1_2018-05-23-13-16-52.ids_2,69,7,interacting_with_phone,phone,train,22654
a_column_co_driver__run2_2018-05-22-14-25-04.ids_2__vp4__ann96__ch2.jpg,a_column_co_driver,4,vp4/run2_2018-05-22-14-25-04.ids_2,96,2,interacting_with_phone,phone,train,46407
a_column_co_driver__run2_2018-05-30-10-42-33.ids_2__vp14__ann108__ch4.jpg,a_column_co_driver,14,vp14/run2_2018-05-30-10-42-33.ids_2,108,4,interacting_with_phone,phone,val,42157
a_column_co_driver__run1_2018-05-22-13-28-51.ids_2__vp4__ann62__ch12.jpg,a_column_co_driver,4,vp4/run1_2018-05-22-13-28-51.ids_2,62,12,talking_on_phone,phone,train,35654
a_column_co_driver__run2_2018-05-30-11-34-54.ids_2__vp13__ann39__ch6.jpg,a_column_co_driver,13,vp13/run2_2018-05-30-11-34-54.ids_2,39,6,talking_on_phone,phone,test,18877
a_column_co_driver__run1d_2018-05-23-14-54-38.ids_2__vp8__ann31__ch3.jpg,a_column_co_driver,8,vp8/run1d_2018-05-23-14-54-38.ids_2,31,3,talking_on_phone,phone,train,19255
a_column_co_driver__run1_2018-05-30-10-11-09.ids_2__vp14__ann12__ch10.jpg,a_column_co_driver,14,vp14/run1_2018-05-30-10-11-09.ids_2,12,10,talking_on_phone,phone,val,8834
a_column_co_driver__run1_2018-05-23-13-16-52.ids_2__vp7__ann37__ch0.jpg,a_column_co_driver,7,vp7/run1_2018-05-23-13-16-52.ids_2,37,0,talking_on_phone,phone,train,14545
a_column_co_driver__run1_2018-05-30-10-11-09.ids_2__vp14__ann71__ch1.jpg,a_column_co_driver,14,vp14/run1_2018-05-30-10-11-09.ids_2,71,1,interacting_with_phone,phone,val,26493
a_column_co_driver__run1d_2018-05-23-14-54-38.ids_2__vp8__ann23__ch3.jpg,a_column_co_driver,8,vp8/run1d_2018-05-23-14-54-38.ids_2,23,3,interacting_with_phone,phone,train,15993
a_column_co_driver__run2_2018-05-30-11-34-54.ids_2__vp13__ann33__ch0.jpg,a_column_co_driver,13,vp13/run2_2018-05-30-11-34-54.ids_2,33,0,interacting_with_phone,phone,test,15887
a_column_co_driver__run1_2018-05-22-13-28-51.ids_2__vp4__ann80__ch9.jpg,a_column_co_driver,4,vp4/run1_2018-05-22-13-28-51.ids_2,80,9,interacting_with_phone,phone,train,41315
a_column_co_driver__run2_2018-05-29-14-33-44.ids_2__vp1__ann92__ch7.jpg,a_column_co_driver,1,vp1/run2_2018-05-29-14-33-44.ids_2,92,7,interacting_with_phone,phone,train,40821
a_column_co_driver__run2_2018-05-30-13-34-33.ids_2__vp15__ann14__ch1.jpg,a_column_co_driver,15,vp15/run2_2018-05-30-13-34-33.ids_2,14,1,talking_on_phone,phone,val,7977
a_column_co_driver__run1_2018-05-22-13-28-51.ids_2__vp4__ann80__ch18.jpg,a_column_co_driver,4,vp4/run1_2018-05-22-13-28-51.ids_2,80,18,interacting_with_phone,phone,train,42122
a_column_co_driver__run2_2018-05-29-16-03-37.ids_2__vp3__ann46__ch1.jpg,a_column_co_driver,3,vp3/run2_2018-05-29-16-03-37.ids_2,46,1,talking_on_phone,phone,train,20480
a_column_co_driver__run1b_2018-05-08-08-46-01.ids_2__vp3__ann34__ch6.jpg,a_column_co_driver,3,vp3/run1b_2018-05-08-08-46-01.ids_2,34,6,interacting_with_phone,phone,train,19104
a_column_co_driver__run1_2018-05-30-10-11-09.ids_2__vp14__ann98__ch2.jpg,a_column_co_driver,14,vp14/run1_2018-05-30-10-11-09.ids_2,98,2,interacting_with_phone,phone,val,44688
a_column_co_driver__run1_2018-05-24-13-14-41.ids_2__vp10__ann72__ch10.jpg,a_column_co_driver,10,vp10/run1_2018-05-24-13-14-41.ids_2,72,10,interacting_with_phone,phone,train,25326
a_column_co_driver__run2_2018-05-30-13-34-33.ids_2__vp15__ann14__ch13.jpg,a_column_co_driver,15,vp15/run2_2018-05-30-13-34-33.ids_2,14,13,talking_on_phone,phone,val,9055
a_column_co_driver__run1_2018-05-03-14-08-31.ids_2__vp2__ann59__ch8.jpg,a_column_co_driver,2,vp2/run1_2018-05-03-14-08-31.ids_2,59,8,interacting_with_phone,phone,train,35954
a_column_co_driver__run1b_2018-05-23-16-19-17.ids_2__vp9__ann101__ch17.jpg,a_column_co_driver,9,vp9/run1b_2018-05-23-16-19-17.ids_2,101,17,interacting_with_phone,phone,train,27962
a_column_co_driver__run1_2018-05-03-14-08-31.ids_2__vp2__ann26__ch5.jpg,a_column_co_driver,2,vp2/run1_2018-05-03-14-08-31.ids_2,26,5,interacting_with_phone,phone,train,16541
a_column_co_driver__run2_2018-05-30-13-34-33.ids_2__vp15__ann46__ch1.jpg,a_column_co_driver,15,vp15/run2_2018-05-30-13-34-33.ids_2,46,1,interacting_with_phone,phone,val,14631
a_column_co_driver__run2_2018-05-30-11-34-54.ids_2__vp13__ann33__ch2.jpg,a_column_co_driver,13,vp13/run2_2018-05-30-11-34-54.ids_2,33,2,interacting_with_phone,phone,test,16067
a_column_co_driver__run1b_2018-05-08-08-46-01.ids_2__vp3__ann45__ch13.jpg,a_column_co_driver,3,vp3/run1b_2018-05-08-08-46-01.ids_2,45,13,talking_on_phone,phone,train,22817
a_column_co_driver__run1_2018-05-23-13-16-52.ids_2__vp7__ann69__ch2.jpg,a_column_co_driver,7,vp7/run1_2018-05-23-13-16-52.ids_2,69,2,interacting_with_phone,phone,train,22218
a_column_co_driver__run2_2018-05-23-15-30-27.ids_2__vp8__ann38__ch7.jpg,a_column_co_driver,8,vp8/run2_2018-05-23-15-30-27.ids_2,38,7,talking_on_phone,phone,train,12484
a_column_co_driver__run1_2018-05-30-10-11-09.ids_2__vp14__ann98__ch13.jpg,a_column_co_driver,14,vp14/run1_2018-05-30-10-11-09.ids_2,98,13,interacting_with_phone,phone,val,45655
a_column_co_driver__run1b_2018-05-08-08-46-01.ids_2__vp3__ann45__ch2.jpg,a_column_co_driver,3,vp3/run1b_2018-05-08-08-46-01.ids_2,45,2,talking_on_phone,phone,train,21826
a_column_co_driver__run2_2018-05-30-10-42-33.ids_2__vp14__ann37__ch1.jpg,a_column_co_driver,14,vp14/run2_2018-05-30-10-42-33.ids_2,37,1,talking_on_phone,phone,val,17077
a_column_co_driver__run1_2018-05-29-15-21-10.ids_2__vp13__ann60__ch8.jpg,a_column_co_driver,13,vp13/run1_2018-05-29-15-21-10.ids_2,60,8,interacting_with_phone,phone,test,30528
a_column_co_driver__run1d_2018-05-23-14-54-38.ids_2__vp8__ann23__ch7.jpg,a_column_co_driver,8,vp8/run1d_2018-05-23-14-54-38.ids_2,23,7,interacting_with_phone,phone,train,16351
a_column_co_driver__run1_2018-05-03-14-08-31.ids_2__vp2__ann66__ch0.jpg,a_column_co_driver,2,vp2/run1_2018-05-03-14-08-31.ids_2,66,0,interacting_with_phone,phone,train,38894
a_column_co_driver__run2_2018-05-22-14-25-04.ids_2__vp4__ann80__ch3.jpg,a_column_co_driver,4,vp4/run2_2018-05-22-14-25-04.ids_2,80,3,talking_on_phone,phone,train,37278
a_column_co_driver__run1_2018-05-24-13-14-41.ids_2__vp10__ann62__ch9.jpg,a_column_co_driver,10,vp10/run1_2018-05-24-13-14-41.ids_2,62,9,talking_on_phone,phone,train,21251
a_column_co_driver__run1_2018-05-22-15-10-41.ids_2__vp5__ann81__ch6.jpg,a_column_co_driver,5,vp5/run1_2018-05-22-15-10-41.ids_2,81,6,talking_on_phone,phone,test,33082
a_column_co_driver__run1d_2018-05-23-14-54-38.ids_2__vp8__ann23__ch2.jpg,a_column_co_driver,8,vp8/run1d_2018-05-23-14-54-38.ids_2,23,2,interacting_with_phone,phone,train,15904
a_column_co_driver__run2_2018-05-24-14-08-46.ids_2__vp10__ann115__ch8.jpg,a_column_co_driver,10,vp10/run2_2018-05-24-14-08-46.ids_2,115,8,interacting_with_phone,phone,train,38836
a_column_co_driver__run2_2018-05-30-11-34-54.ids_2__vp13__ann39__ch1.jpg,a_column_co_driver,13,vp13/run2_2018-05-30-11-34-54.ids_2,39,1,talking_on_phone,phone,test,18434
a_column_co_driver__run2_2018-05-23-11-05-00.ids_2__vp6__ann74__ch7.jpg,a_column_co_driver,6,vp6/run2_2018-05-23-11-05-00.ids_2,74,7,interacting_with_phone,phone,train,32962
a_column_co_driver__run1_2018-05-30-13-05-35.ids_2__vp15__ann101__ch6.jpg,a_column_co_driver,15,vp15/run1_2018-05-30-13-05-35.ids_2,101,6,talking_on_phone,phone,val,31815
a_column_co_driver__run2_2018-05-29-14-33-44.ids_2__vp1__ann92__ch8.jpg,a_column_co_driver,1,vp1/run2_2018-05-29-14-33-44.ids_2,92,8,interacting_with_phone,phone,train,40907
a_column_co_driver__run1_2018-05-22-13-28-51.ids_2__vp4__ann80__ch3.jpg,a_column_co_driver,4,vp4/run1_2018-05-22-13-28-51.ids_2,80,3,interacting_with_phone,phone,train,40778
a_column_co_driver__run1b_2018-05-08-08-46-01.ids_2__vp3__ann34__ch7.jpg,a_column_co_driver,3,vp3/run1b_2018-05-08-08-46-01.ids_2,34,7,interacting_with_phone,phone,train,19194
a_column_co_driver__run2_2018-05-24-14-08-46.ids_2__vp10__ann19__ch1.jpg,a_column_co_driver,10,vp10/run2_2018-05-24-14-08-46.ids_2,19,1,interacting_with_phone,phone,train,9476
a_column_co_driver__run1_2018-05-22-15-10-41.ids_2__vp5__ann17__ch1.jpg,a_column_co_driver,5,vp5/run1_2018-05-22-15-10-41.ids_2,17,1,interacting_with_phone,phone,test,13291
a_column_co_driver__run1_2018-05-22-13-28-51.ids_2__vp4__ann62__ch4.jpg,a_column_co_driver,4,vp4/run1_2018-05-22-13-28-51.ids_2,62,4,talking_on_phone,phone,train,34935
a_column_co_driver__run1_2018-05-29-15-21-10.ids_2__vp13__ann60__ch0.jpg,a_column_co_driver,13,vp13/run1_2018-05-29-15-21-10.ids_2,60,0,interacting_with_phone,phone,test,29812
a_column_co_driver__run1_2018-05-22-15-10-41.ids_2__vp5__ann17__ch3.jpg,a_column_co_driver,5,vp5/run1_2018-05-22-15-10-41.ids_2,17,3,interacting_with_phone,phone,test,13471
a_column_co_driver__run1_2018-05-23-10-21-45.ids_2__vp6__ann47__ch12.jpg,a_column_co_driver,6,vp6/run1_2018-05-23-10-21-45.ids_2,47,12,interacting_with_phone,phone,train,25776
a_column_co_driver__run1_2018-05-24-13-44-01.ids_2__vp11__ann32__ch7.jpg,a_column_co_driver,11,vp11/run1_2018-05-24-13-44-01.ids_2,32,7,talking_on_phone,phone,test,17477
a_column_co_driver__run2_2018-05-22-14-25-04.ids_2__vp4__ann96__ch1.jpg,a_column_co_driver,4,vp4/run2_2018-05-22-14-25-04.ids_2,96,1,interacting_with_phone,phone,train,46316
a_column_co_driver__run2_2018-05-30-13-34-33.ids_2__vp15__ann14__ch18.jpg,a_column_co_driver,15,vp15/run2_2018-05-30-13-34-33.ids_2,14,18,talking_on_phone,phone,val,9505
a_column_co_driver__run1b_2018-05-23-16-19-17.ids_2__vp9__ann101__ch9.jpg,a_column_co_driver,9,vp9/run1b_2018-05-23-16-19-17.ids_2,101,9,interacting_with_phone,phone,train,27241
a_column_co_driver__run1_2018-05-30-10-11-09.ids_2__vp14__ann98__ch6.jpg,a_column_co_driver,14,vp14/run1_2018-05-30-10-11-09.ids_2,98,6,interacting_with_phone,phone,val,45051
a_column_co_driver__run1_2018-05-22-13-28-51.ids_2__vp4__ann80__ch7.jpg,a_column_co_driver,4,vp4/run1_2018-05-22-13-28-51.ids_2,80,7,interacting_with_phone,phone,train,41135
a_column_co_driver__run1_2018-05-22-13-28-51.ids_2__vp4__ann62__ch11.jpg,a_column_co_driver,4,vp4/run1_2018-05-22-13-28-51.ids_2,62,11,talking_on_phone,phone,train,35565
a_column_co_driver__run1_2018-05-23-10-21-45.ids_2__vp6__ann47__ch8.jpg,a_column_co_driver,6,vp6/run1_2018-05-23-10-21-45.ids_2,47,8,interacting_with_phone,phone,train,25415
a_column_co_driver__run2_2018-05-22-14-25-04.ids_2__vp4__ann54__ch2.jpg,a_column_co_driver,4,vp4/run2_2018-05-22-14-25-04.ids_2,54,2,interacting_with_phone,phone,train,29380
a_column_co_driver__run2_2018-05-24-14-08-46.ids_2__vp10__ann20__ch10.jpg,a_column_co_driver,10,vp10/run2_2018-05-24-14-08-46.ids_2,20,10,talking_on_phone,phone,train,10828
a_column_co_driver__run1_2018-05-03-14-08-31.ids_2__vp2__ann59__ch5.jpg,a_column_co_driver,2,vp2/run1_2018-05-03-14-08-31.ids_2,59,5,interacting_with_phone,phone,train,35684
a_column_co_driver__run2b_2018-05-23-13-54-07.ids_2__vp7__ann45__ch5.jpg,a_column_co_driver,7,vp7/run2b_2018-05-23-13-54-07.ids_2,45,5,talking_on_phone,phone,train,17347
a_column_co_driver__run1_2018-05-24-13-44-01.ids_2__vp11__ann32__ch5.jpg,a_column_co_driver,11,vp11/run1_2018-05-24-13-44-01.ids_2,32,5,talking_on_phone,phone,test,17297
a_column_co_driver__run2b_2018-05-22-15-50-07.ids_2__vp5__ann35__ch9.jpg,a_column_co_driver,5,vp5/run2b_2018-05-22-15-50-07.ids_2,35,9,talking_on_phone,phone,test,12474
a_column_co_driver__run2_2018-05-30-11-34-54.ids_2__vp13__ann39__ch15.jpg,a_column_co_driver,13,vp13/run2_2018-05-30-11-34-54.ids_2,39,15,talking_on_phone,phone,test,19680
a_column_co_driver__run2_2018-05-29-14-33-44.ids_2__vp1__ann92__ch6.jpg,a_column_co_driver,1,vp1/run2_2018-05-29-14-33-44.ids_2,92,6,interacting_with_phone,phone,train,40732
a_column_co_driver__run1_2018-05-22-13-28-51.ids_2__vp4__ann62__ch2.jpg,a_column_co_driver,4,vp4/run1_2018-05-22-13-28-51.ids_2,62,2,talking_on_phone,phone,train,34757
a_column_co_driver__run1_2018-05-03-14-08-31.ids_2__vp2__ann26__ch9.jpg,a_column_co_driver,2,vp2/run1_2018-05-03-14-08-31.ids_2,26,9,interacting_with_phone,phone,train,16898
a_column_co_driver__run2b_2018-05-22-15-50-07.ids_2__vp5__ann35__ch10.jpg,a_column_co_driver,5,vp5/run2b_2018-05-22-15-50-07.ids_2,35,10,talking_on_phone,phone,test,12544
a_column_co_driver__run2_2018-05-24-17-22-26.ids_2__vp2__ann62__ch2.jpg,a_column_co_driver,2,vp2/run2_2018-05-24-17-22-26.ids_2,62,2,interacting_with_phone,phone,train,26664
a_column_co_driver__run2_2018-05-24-14-08-46.ids_2__vp10__ann20__ch7.jpg,a_column_co_driver,10,vp10/run2_2018-05-24-14-08-46.ids_2,20,7,talking_on_phone,phone,train,10594
a_column_co_driver__run2b_2018-05-22-15-50-07.ids_2__vp5__ann36__ch0.jpg,a_column_co_driver,5,vp5/run2b_2018-05-22-15-50-07.ids_2,36,0,interacting_with_phone,phone,test,12589
a_column_co_driver__run2_2018-05-24-14-08-46.ids_2__vp10__ann115__ch7.jpg,a_column_co_driver,10,vp10/run2_2018-05-24-14-08-46.ids_2,115,7,interacting_with_phone,phone,train,38747
a_column_co_driver__run2_2018-05-23-11-05-00.ids_2__vp6__ann74__ch5.jpg,a_column_co_driver,6,vp6/run2_2018-05-23-11-05-00.ids_2,74,5,interacting_with_phone,phone,train,32784
a_column_co_driver__run2b_2018-05-23-13-54-07.ids_2__vp7__ann69__ch0.jpg,a_column_co_driver,7,vp7/run2b_2018-05-23-13-54-07.ids_2,69,0,interacting_with_phone,phone,train,21396
a_column_co_driver__run2_2018-05-24-14-08-46.ids_2__vp10__ann115__ch15.jpg,a_column_co_driver,10,vp10/run2_2018-05-24-14-08-46.ids_2,115,15,interacting_with_phone,phone,train,39471
a_column_co_driver__run1_2018-05-24-13-44-01.ids_2__vp11__ann31__ch0.jpg,a_column_co_driver,11,vp11/run1_2018-05-24-13-44-01.ids_2,31,0,interacting_with_phone,phone,test,16098
a_column_co_driver__run2b_2018-05-22-15-50-07.ids_2__vp5__ann35__ch5.jpg,a_column_co_driver,5,vp5/run2b_2018-05-22-15-50-07.ids_2,35,5,talking_on_phone,phone,test,12116
a_column_co_driver__run1_2018-05-23-13-16-52.ids_2__vp7__ann108__ch2.jpg,a_column_co_driver,7,vp7/run1_2018-05-23-13-16-52.ids_2,108,2,talking_on_phone,phone,train,32491
a_column_co_driver__run2_2018-05-29-14-33-44.ids_2__vp1__ann67__ch0.jpg,a_column_co_driver,1,vp1/run2_2018-05-29-14-33-44.ids_2,67,0,talking_on_phone,phone,train,26794
a_column_co_driver__run1_2018-05-23-13-16-52.ids_2__vp7__ann36__ch1.jpg,a_column_co_driver,7,vp7/run1_2018-05-23-13-16-52.ids_2,36,1,interacting_with_phone,phone,train,14468
a_column_co_driver__run2_2018-05-24-14-35-56.ids_2__vp11__ann55__ch0.jpg,a_column_co_driver,11,vp11/run2_2018-05-24-14-35-56.ids_2,55,0,interacting_with_phone,phone,test,13918
a_column_co_driver__run2_2018-05-24-14-08-46.ids_2__vp10__ann19__ch3.jpg,a_column_co_driver,10,vp10/run2_2018-05-24-14-08-46.ids_2,19,3,interacting_with_phone,phone,train,9656
a_column_co_driver__run1_2018-05-29-15-21-10.ids_2__vp13__ann60__ch6.jpg,a_column_co_driver,13,vp13/run1_2018-05-29-15-21-10.ids_2,60,6,interacting_with_phone,phone,test,30351
a_column_co_driver__run1_2018-05-23-13-16-52.ids_2__vp7__ann37__ch1.jpg,a_column_co_driver,7,vp7/run1_2018-05-23-13-16-52.ids_2,37,1,talking_on_phone,phone,train,14634
a_column_co_driver__run2_2018-05-24-14-08-46.ids_2__vp10__ann115__ch6.jpg,a_column_co_driver,10,vp10/run2_2018-05-24-14-08-46.ids_2,115,6,interacting_with_phone,phone,train,38658
a_column_co_driver__run1_2018-05-24-15-44-28.ids_2__vp12__ann24__ch11.jpg,a_column_co_driver,12,vp12/run1_2018-05-24-15-44-28.ids_2,24,11,interacting_with_phone,phone,train,13695
a_column_co_driver__run2_2018-05-30-10-42-33.ids_2__vp14__ann60__ch7.jpg,a_column_co_driver,14,vp14/run2_2018-05-30-10-42-33.ids_2,60,7,interacting_with_phone,phone,val,26497
a_column_co_driver__run1b_2018-05-23-16-19-17.ids_2__vp9__ann101__ch6.jpg,a_column_co_driver,9,vp9/run1b_2018-05-23-16-19-17.ids_2,101,6,interacting_with_phone,phone,train,26971
a_column_co_driver__run1_2018-05-03-14-08-31.ids_2__vp2__ann27__ch1.jpg,a_column_co_driver,2,vp2/run1_2018-05-03-14-08-31.ids_2,27,1,talking_on_phone,phone,train,17518
a_column_co_driver__run2_2018-05-22-14-25-04.ids_2__vp4__ann95__ch3.jpg,a_column_co_driver,4,vp4/run2_2018-05-22-14-25-04.ids_2,95,3,talking_on_phone,phone,train,45902
a_column_co_driver__run1_2018-05-24-15-44-28.ids_2__vp12__ann24__ch1.jpg,a_column_co_driver,12,vp12/run1_2018-05-24-15-44-28.ids_2,24,1,interacting_with_phone,phone,train,12803
a_column_co_driver__run1_2018-05-24-13-44-01.ids_2__vp11__ann32__ch8.jpg,a_column_co_driver,11,vp11/run1_2018-05-24-13-44-01.ids_2,32,8,talking_on_phone,phone,test,17565
a_column_co_driver__run2_2018-05-24-14-08-46.ids_2__vp10__ann19__ch6.jpg,a_column_co_driver,10,vp10/run2_2018-05-24-14-08-46.ids_2,19,6,interacting_with_phone,phone,train,9902
a_column_co_driver__run1_2018-05-30-10-11-09.ids_2__vp14__ann98__ch8.jpg,a_column_co_driver,14,vp14/run1_2018-05-30-10-11-09.ids_2,98,8,interacting_with_phone,phone,val,45230
a_column_co_driver__run2_2018-05-30-10-42-33.ids_2__vp14__ann108__ch5.jpg,a_column_co_driver,14,vp14/run2_2018-05-30-10-42-33.ids_2,108,5,interacting_with_phone,phone,val,42247
a_column_co_driver__run2_2018-05-24-17-22-26.ids_2__vp2__ann62__ch10.jpg,a_column_co_driver,2,vp2/run2_2018-05-24-17-22-26.ids_2,62,10,interacting_with_phone,phone,train,27344
a_column_co_driver__run2_2018-05-29-14-33-44.ids_2__vp1__ann92__ch1.jpg,a_column_co_driver,1,vp1/run2_2018-05-29-14-33-44.ids_2,92,1,interacting_with_phone,phone,train,40286
a_column_co_driver__run1_2018-05-30-10-11-09.ids_2__vp14__ann98__ch4.jpg,a_column_co_driver,14,vp14/run1_2018-05-30-10-11-09.ids_2,98,4,interacting_with_phone,phone,val,44870
a_column_co_driver__run2_2018-05-29-14-33-44.ids_2__vp1__ann67__ch6.jpg,a_column_co_driver,1,vp1/run2_2018-05-29-14-33-44.ids_2,67,6,talking_on_phone,phone,train,27336
a_column_co_driver__run2_2018-05-23-15-30-27.ids_2__vp8__ann34__ch0.jpg,a_column_co_driver,8,vp8/run2_2018-05-23-15-30-27.ids_2,34,0,interacting_with_phone,phone,train,11324
a_column_co_driver__run1_2018-05-29-15-21-10.ids_2__vp13__ann72__ch12.jpg,a_column_co_driver,13,vp13/run1_2018-05-29-15-21-10.ids_2,72,12,talking_on_phone,phone,test,33865
a_column_co_driver__run1_2018-05-29-15-21-10.ids_2__vp13__ann60__ch7.jpg,a_column_co_driver,13,vp13/run1_2018-05-29-15-21-10.ids_2,60,7,interacting_with_phone,phone,test,30439
a_column_co_driver__run2b_2018-05-23-13-54-07.ids_2__vp7__ann46__ch0.jpg,a_column_co_driver,7,vp7/run2b_2018-05-23-13-54-07.ids_2,46,0,interacting_with_phone,phone,train,17457
a_column_co_driver__run1_2018-05-24-15-44-28.ids_2__vp12__ann87__ch11.jpg,a_column_co_driver,12,vp12/run1_2018-05-24-15-44-28.ids_2,87,11,talking_on_phone,phone,train,37039
a_column_co_driver__run2_2018-05-30-13-34-33.ids_2__vp15__ann14__ch11.jpg,a_column_co_driver,15,vp15/run2_2018-05-30-13-34-33.ids_2,14,11,talking_on_phone,phone,val,8878
a_column_co_driver__run1_2018-05-24-13-44-01.ids_2__vp11__ann103__ch3.jpg,a_column_co_driver,11,vp11/run1_2018-05-24-13-44-01.ids_2,103,3,interacting_with_phone,phone,test,34813
a_column_co_driver__run2_2018-05-30-11-34-54.ids_2__vp13__ann33__ch7.jpg,a_column_co_driver,13,vp13/run2_2018-05-30-11-34-54.ids_2,33,7,interacting_with_phone,phone,test,16514
a_column_co_driver__run2_2018-05-30-10-42-33.ids_2__vp14__ann108__ch1.jpg,a_column_co_driver,14,vp14/run2_2018-05-30-10-42-33.ids_2,108,1,interacting_with_phone,phone,val,41890
a_column_co_driver__run1_2018-05-23-10-21-45.ids_2__vp6__ann47__ch6.jpg,a_column_co_driver,6,vp6/run1_2018-05-23-10-21-45.ids_2,47,6,interacting_with_phone,phone,train,25235
a_column_co_driver__run1_2018-05-29-15-21-10.ids_2__vp13__ann72__ch11.jpg,a_column_co_driver,13,vp13/run1_2018-05-29-15-21-10.ids_2,72,11,talking_on_phone,phone,test,33783
a_column_co_driver__run2_2018-05-30-13-34-33.ids_2__vp15__ann14__ch2.jpg,a_column_co_driver,15,vp15/run2_2018-05-30-13-34-33.ids_2,14,2,talking_on_phone,phone,val,8066
a_column_co_driver__run1_2018-05-03-14-08-31.ids_2__vp2__ann26__ch8.jpg,a_column_co_driver,2,vp2/run1_2018-05-03-14-08-31.ids_2,26,8,interacting_with_phone,phone,train,16808
a_column_co_driver__run2_2018-05-30-11-34-54.ids_2__vp13__ann39__ch12.jpg,a_column_co_driver,13,vp13/run2_2018-05-30-11-34-54.ids_2,39,12,talking_on_phone,phone,test,19409
a_column_co_driver__run1_2018-05-23-13-16-52.ids_2__vp7__ann108__ch4.jpg,a_column_co_driver,7,vp7/run1_2018-05-23-13-16-52.ids_2,108,4,talking_on_phone,phone,train,32669
a_column_co_driver__run1_2018-05-22-15-10-41.ids_2__vp5__ann81__ch14.jpg,a_column_co_driver,5,vp5/run1_2018-05-22-15-10-41.ids_2,81,14,talking_on_phone,phone,test,33783
a_column_co_driver__run2_2018-05-24-14-08-46.ids_2__vp10__ann115__ch13.jpg,a_column_co_driver,10,vp10/run2_2018-05-24-14-08-46.ids_2,115,13,interacting_with_phone,phone,train,39289
a_column_co_driver__run1d_2018-05-23-14-54-38.ids_2__vp8__ann23__ch6.jpg,a_column_co_driver,8,vp8/run1d_2018-05-23-14-54-38.ids_2,23,6,interacting_with_phone,phone,train,16263
a_column_co_driver__run2_2018-05-23-11-05-00.ids_2__vp6__ann74__ch1.jpg,a_column_co_driver,6,vp6/run2_2018-05-23-11-05-00.ids_2,74,1,interacting_with_phone,phone,train,32422
a_column_co_driver__run1_2018-05-24-15-44-28.ids_2__vp12__ann24__ch6.jpg,a_column_co_driver,12,vp12/run1_2018-05-24-15-44-28.ids_2,24,6,interacting_with_phone,phone,train,13250
a_column_co_driver__run1b_2018-05-08-08-46-01.ids_2__vp3__ann34__ch2.jpg,a_column_co_driver,3,vp3/run1b_2018-05-08-08-46-01.ids_2,34,2,interacting_with_phone,phone,train,18744
a_column_co_driver__run2_2018-05-22-14-25-04.ids_2__vp4__ann95__ch2.jpg,a_column_co_driver,4,vp4/run2_2018-05-22-14-25-04.ids_2,95,2,talking_on_phone,phone,train,45812
a_column_co_driver__run2b_2018-05-23-13-54-07.ids_2__vp7__ann44__ch2.jpg,a_column_co_driver,7,vp7/run2b_2018-05-23-13-54-07.ids_2,44,2,interacting_with_phone,phone,train,16849
a_column_co_driver__run2_2018-05-22-14-25-04.ids_2__vp4__ann80__ch0.jpg,a_column_co_driver,4,vp4/run2_2018-05-22-14-25-04.ids_2,80,0,talking_on_phone,phone,train,37006
a_column_co_driver__run2_2018-05-24-14-08-46.ids_2__vp10__ann20__ch2.jpg,a_column_co_driver,10,vp10/run2_2018-05-24-14-08-46.ids_2,20,2,talking_on_phone,phone,train,10147
a_column_co_driver__run1_2018-05-23-10-21-45.ids_2__vp6__ann38__ch0.jpg,a_column_co_driver,6,vp6/run1_2018-05-23-10-21-45.ids_2,38,0,interacting_with_phone,phone,train,22319
a_column_driver__run1_2018-05-23-13-16-52.ids_5__vp7__ann11__ch7.jpg,a_column_driver,7,vp7/run1_2018-05-23-13-16-52.ids_5,11,7,eating,drink,train,9669
a_column_driver__run1_2018-05-22-15-10-41.ids_5__vp5__ann34__ch0.jpg,a_column_driver,5,vp5/run1_2018-05-22-15-10-41.ids_5,34,0,eating,drink,test,18289
a_column_driver__run1b_2018-05-23-16-19-17.ids_5__vp9__ann13__ch0.jpg,a_column_driver,9,vp9/run1b_2018-05-23-16-19-17.ids_5,13,0,drinking,drink,train,8288
a_column_driver__run1b_2018-05-23-16-19-17.ids_5__vp9__ann25__ch0.jpg,a_column_driver,9,vp9/run1b_2018-05-23-16-19-17.ids_5,25,0,preparing_food,drink,train,10010
a_column_driver__run2_2018-05-24-14-35-56.ids_5__vp11__ann15__ch1.jpg,a_column_driver,11,vp11/run2_2018-05-24-14-35-56.ids_5,15,1,closing_bottle,drink,test,6646
a_column_driver__run2_2018-05-30-10-42-33.ids_5__vp14__ann93__ch18.jpg,a_column_driver,14,vp14/run2_2018-05-30-10-42-33.ids_5,93,18,eating,drink,val,36075
a_column_driver__run1_2018-05-24-13-14-41.ids_5__vp10__ann92__ch5.jpg,a_column_driver,10,vp10/run1_2018-05-24-13-14-41.ids_5,92,5,eating,drink,train,32068
a_column_driver__run2_2018-05-30-10-42-33.ids_5__vp14__ann93__ch26.jpg,a_column_driver,14,vp14/run2_2018-05-30-10-42-33.ids_5,93,26,eating,drink,val,36793
a_column_driver__run1_2018-05-30-13-05-35.ids_5__vp15__ann18__ch3.jpg,a_column_driver,15,vp15/run1_2018-05-30-13-05-35.ids_5,18,3,eating,drink,val,9465
a_column_driver__run1b_2018-05-29-14-02-47.ids_5__vp1__ann55__ch1.jpg,a_column_driver,1,vp1/run1b_2018-05-29-14-02-47.ids_5,55,1,drinking,drink,train,16870
a_column_driver__run2_2018-05-24-14-35-56.ids_5__vp11__ann70__ch5.jpg,a_column_driver,11,vp11/run2_2018-05-24-14-35-56.ids_5,70,5,eating,drink,test,17732
a_column_driver__run1_2018-05-22-15-10-41.ids_5__vp5__ann119__ch3.jpg,a_column_driver,5,vp5/run1_2018-05-22-15-10-41.ids_5,119,3,eating,drink,test,44331
a_column_driver__run1b_2018-05-29-14-02-47.ids_5__vp1__ann49__ch1.jpg,a_column_driver,1,vp1/run1b_2018-05-29-14-02-47.ids_5,49,1,preparing_food,drink,train,15102
a_column_driver__run1_2018-05-22-15-10-41.ids_5__vp5__ann105__ch10.jpg,a_column_driver,5,vp5/run1_2018-05-22-15-10-41.ids_5,105,10,eating,drink,test,41953
a_column_driver__run1d_2018-05-23-14-54-38.ids_5__vp8__ann58__ch6.jpg,a_column_driver,8,vp8/run1d_2018-05-23-14-54-38.ids_5,58,6,eating,drink,train,29683
a_column_driver__run2_2018-05-24-16-21-35.ids_5__vp12__ann27__ch6.jpg,a_column_driver,12,vp12/run2_2018-05-24-16-21-35.ids_5,27,6,drinking,drink,train,12943
a_column_driver__run2_2018-05-24-16-21-35.ids_5__vp12__ann17__ch2.jpg,a_column_driver,12,vp12/run2_2018-05-24-16-21-35.ids_5,17,2,eating,drink,train,9385
a_column_driver__run1_2018-05-22-15-10-41.ids_5__vp5__ann105__ch1.jpg,a_column_driver,5,vp5/run1_2018-05-22-15-10-41.ids_5,105,1,eating,drink,test,41142
a_column_driver__run2_2018-05-23-11-05-00.ids_5__vp6__ann33__ch0.jpg,a_column_driver,6,vp6/run2_2018-05-23-11-05-00.ids_5,33,0,opening_bottle,drink,train,17428
a_column_driver__run1_2018-05-24-13-14-41.ids_5__vp10__ann90__ch11.jpg,a_column_driver,10,vp10/run1_2018-05-24-13-14-41.ids_5,90,11,eating,drink,train,30015
a_column_driver__run1_2018-05-24-13-14-41.ids_5__vp10__ann11__ch1.jpg,a_column_driver,10,vp10/run1_2018-05-24-13-14-41.ids_5,11,1,opening_bottle,drink,train,9139
a_column_driver__run1_2018-05-24-13-14-41.ids_5__vp10__ann90__ch1.jpg,a_column_driver,10,vp10/run1_2018-05-24-13-14-41.ids_5,90,1,eating,drink,train,29119
a_column_driver__run2_2018-05-24-16-21-35.ids_5__vp12__ann85__ch0.jpg,a_column_driver,12,vp12/run2_2018-05-24-16-21-35.ids_5,85,0,eating,drink,train,33368
a_column_driver__run1_2018-05-24-13-14-41.ids_5__vp10__ann45__ch0.jpg,a_column_driver,10,vp10/run1_2018-05-24-13-14-41.ids_5,45,0,opening_bottle,drink,train,15331
a_column_driver__run1_2018-05-30-13-05-35.ids_5__vp15__ann11__ch2.jpg,a_column_driver,15,vp15/run1_2018-05-30-13-05-35.ids_5,11,2,preparing_food,drink,val,8473
a_column_driver__run2_2018-05-24-16-21-35.ids_5__vp12__ann64__ch3.jpg,a_column_driver,12,vp12/run2_2018-05-24-16-21-35.ids_5,64,3,eating,drink,train,24615
a_column_driver__run1b_2018-05-08-08-46-01.ids_5__vp3__ann85__ch6.jpg,a_column_driver,3,vp3/run1b_2018-05-08-08-46-01.ids_5,85,6,drinking,drink,train,34283
a_column_driver__run1_2018-05-03-14-08-31.ids_5__vp2__ann75__ch2.jpg,a_column_driver,2,vp2/run1_2018-05-03-14-08-31.ids_5,75,2,drinking,drink,train,40685
a_column_driver__run1_2018-05-22-15-10-41.ids_5__vp5__ann105__ch9.jpg,a_column_driver,5,vp5/run1_2018-05-22-15-10-41.ids_5,105,9,eating,drink,test,41864
a_column_driver__run1_2018-05-30-13-05-35.ids_5__vp15__ann15__ch0.jpg,a_column_driver,15,vp15/run1_2018-05-30-13-05-35.ids_5,15,0,opening_bottle,drink,val,8881
a_column_driver__run1_2018-05-30-10-11-09.ids_5__vp14__ann90__ch3.jpg,a_column_driver,14,vp14/run1_2018-05-30-10-11-09.ids_5,90,3,eating,drink,val,38478
a_column_driver__run2_2018-05-22-14-25-04.ids_5__vp4__ann101__ch1.jpg,a_column_driver,4,vp4/run2_2018-05-22-14-25-04.ids_5,101,1,eating,drink,train,47824
a_column_driver__run2_2018-05-24-16-21-35.ids_5__vp12__ann99__ch7.jpg,a_column_driver,12,vp12/run2_2018-05-24-16-21-35.ids_5,99,7,eating,drink,train,40015
a_column_driver__run2_2018-05-24-16-21-35.ids_5__vp12__ann88__ch1.jpg,a_column_driver,12,vp12/run2_2018-05-24-16-21-35.ids_5,88,1,drinking,drink,train,35456
a_column_driver__run2_2018-05-24-16-21-35.ids_5__vp12__ann26__ch1.jpg,a_column_driver,12,vp12/run2_2018-05-24-16-21-35.ids_5,26,1,opening_bottle,drink,train,12370
a_column_driver__run1_2018-05-22-15-10-41.ids_5__vp5__ann123__ch6.jpg,a_column_driver,5,vp5/run1_2018-05-22-15-10-41.ids_5,123,6,eating,drink,test,46223
a_column_driver__run1_2018-05-30-10-11-09.ids_5__vp14__ann90__ch20.jpg,a_column_driver,14,vp14/run1_2018-05-30-10-11-09.ids_5,90,20,eating,drink,val,40019
a_column_driver__run2_2018-05-23-11-05-00.ids_5__vp6__ann30__ch9.jpg,a_column_driver,6,vp6/run2_2018-05-23-11-05-00.ids_5,30,9,eating,drink,train,15700
a_column_driver__run1d_2018-05-23-14-54-38.ids_5__vp8__ann78__ch10.jpg,a_column_driver,8,vp8/run1d_2018-05-23-14-54-38.ids_5,78,10,eating,drink,train,38222
a_column_driver__run1_2018-05-24-13-14-41.ids_5__vp10__ann92__ch3.jpg,a_column_driver,10,vp10/run1_2018-05-24-13-14-41.ids_5,92,3,eating,drink,train,31889
a_column_driver__run1_2018-05-24-15-44-28.ids_5__vp12__ann42__ch16.jpg,a_column_driver,12,vp12/run1_2018-05-24-15-44-28.ids_5,42,16,eating,drink,train,19916
a_column_driver__run2_2018-05-24-16-21-35.ids_5__vp12__ann88__ch3.jpg,a_column_driver,12,vp12/run2_2018-05-24-16-21-35.ids_5,88,3,drinking,drink,train,35621
a_column_driver__run2_2018-05-30-10-42-33.ids_5__vp14__ann93__ch5.jpg,a_column_driver,14,vp14/run2_2018-05-30-10-42-33.ids_5,93,5,eating,drink,val,34904
a_column_driver__run2_2018-05-24-17-22-26.ids_5__vp2__ann50__ch2.jpg,a_column_driver,2,vp2/run2_2018-05-24-17-22-26.ids_5,50,2,eating,drink,train,22908
a_column_driver__run2_2018-05-30-11-34-54.ids_5__vp13__ann48__ch8.jpg,a_column_driver,13,vp13/run2_2018-05-30-11-34-54.ids_5,48,8,eating,drink,test,22065
a_column_driver__run1_2018-05-30-13-05-35.ids_5__vp15__ann12__ch2.jpg,a_column_driver,15,vp15/run1_2018-05-30-13-05-35.ids_5,12,2,eating,drink,val,8710
a_column_driver__run1_2018-05-24-15-44-28.ids_5__vp12__ann42__ch10.jpg,a_column_driver,12,vp12/run1_2018-05-24-15-44-28.ids_5,42,10,eating,drink,train,19375
a_column_driver__run1_2018-05-22-15-10-41.ids_5__vp5__ann105__ch2.jpg,a_column_driver,5,vp5/run1_2018-05-22-15-10-41.ids_5,105,2,eating,drink,test,41231
a_column_driver__run1_2018-05-30-10-11-09.ids_5__vp14__ann90__ch1.jpg,a_column_driver,14,vp14/run1_2018-05-30-10-11-09.ids_5,90,1,eating,drink,val,38299
a_column_driver__run1_2018-05-22-15-10-41.ids_5__vp5__ann49__ch7.jpg,a_column_driver,5,vp5/run1_2018-05-22-15-10-41.ids_5,49,7,eating,drink,test,21607
a_column_driver__run2_2018-05-22-14-25-04.ids_5__vp4__ann9__ch2.jpg,a_column_driver,4,vp4/run2_2018-05-22-14-25-04.ids_5,9,2,eating,drink,train,11455
a_column_driver__run1_2018-05-23-13-16-52.ids_5__vp7__ann81__ch18.jpg,a_column_driver,7,vp7/run1_2018-05-23-13-16-52.ids_5,81,18,eating,drink,train,26820
a_column_driver__run1_2018-05-30-10-11-09.ids_5__vp14__ann86__ch2.jpg,a_column_driver,14,vp14/run1_2018-05-30-10-11-09.ids_5,86,2,eating,drink,val,34753
a_column_driver__run2_2018-05-30-10-42-33.ids_5__vp14__ann88__ch2.jpg,a_column_driver,14,vp14/run2_2018-05-30-10-42-33.ids_5,88,2,eating,drink,val,33401
a_column_driver__run2_2018-05-24-17-22-26.ids_5__vp2__ann50__ch4.jpg,a_column_driver,2,vp2/run2_2018-05-24-17-22-26.ids_5,50,4,eating,drink,train,23087
a_column_driver__run1b_2018-05-29-14-02-47.ids_5__vp1__ann38__ch0.jpg,a_column_driver,1,vp1/run1b_2018-05-29-14-02-47.ids_5,38,0,drinking,drink,train,12503
a_column_driver__run2_2018-05-23-15-30-27.ids_5__vp8__ann71__ch3.jpg,a_column_driver,8,vp8/run2_2018-05-23-15-30-27.ids_5,71,3,eating,drink,train,22008
a_column_driver__run1_2018-05-22-15-10-41.ids_5__vp5__ann35__ch2.jpg,a_column_driver,5,vp5/run1_2018-05-22-15-10-41.ids_5,35,2,drinking,drink,test,18971
a_column_driver__run2_2018-05-24-14-35-56.ids_5__vp11__ann70__ch0.jpg,a_column_driver,11,vp11/run2_2018-05-24-14-35-56.ids_5,70,0,eating,drink,test,17281
a_column_driver__run1_2018-05-23-10-21-45.ids_5__vp6__ann80__ch5.jpg,a_column_driver,6,vp6/run1_2018-05-23-10-21-45.ids_5,80,5,eating,drink,train,41351
a_column_driver__run2_2018-05-24-17-22-26.ids_5__vp2__ann38__ch7.jpg,a_column_driver,2,vp2/run2_2018-05-24-17-22-26.ids_5,38,7,eating,drink,train,20592
a_column_driver__run2_2018-05-30-10-42-33.ids_5__vp14__ann93__ch2.jpg,a_column_driver,14,vp14/run2_2018-05-30-10-42-33.ids_5,93,2,eating,drink,val,34630
a_column_driver__run1_2018-05-22-15-10-41.ids_5__vp5__ann105__ch5.jpg,a_column_driver,5,vp5/run1_2018-05-22-15-10-41.ids_5,105,5,eating,drink,test,41501
a_column_driver__run2_2018-05-30-10-42-33.ids_5__vp14__ann81__ch0.jpg,a_column_driver,14,vp14/run2_2018-05-30-10-42-33.ids_5,81,0,opening_bottle,drink,val,32057
a_column_driver__run2_2018-05-30-10-42-33.ids_5__vp14__ann104__ch0.jpg,a_column_driver,14,vp14/run2_2018-05-30-10-42-33.ids_5,104,0,eating,drink,val,40519
a_column_driver__run1b_2018-05-23-16-19-17.ids_5__vp9__ann73__ch0.jpg,a_column_driver,9,vp9/run1b_2018-05-23-16-19-17.ids_5,73,0,eating,drink,train,19181
a_column_driver__run1_2018-05-30-13-05-35.ids_5__vp15__ann18__ch4.jpg,a_column_driver,15,vp15/run1_2018-05-30-13-05-35.ids_5,18,4,eating,drink,val,9555
a_column_driver__run2_2018-05-23-11-05-00.ids_5__vp6__ann65__ch3.jpg,a_column_driver,6,vp6/run2_2018-05-23-11-05-00.ids_5,65,3,eating,drink,train,29984
a_column_driver__run2_2018-05-30-10-42-33.ids_5__vp14__ann93__ch37.jpg,a_column_driver,14,vp14/run2_2018-05-30-10-42-33.ids_5,93,37,eating,drink,val,37783
a_column_driver__run2_2018-05-23-15-30-27.ids_5__vp8__ann16__ch3.jpg,a_column_driver,8,vp8/run2_2018-05-23-15-30-27.ids_5,16,3,eating,drink,train,7718
a_column_driver__run1_2018-05-24-15-44-28.ids_5__vp12__ann42__ch12.jpg,a_column_driver,12,vp12/run1_2018-05-24-15-44-28.ids_5,42,12,eating,drink,train,19555
a_column_driver__run2_2018-05-30-10-42-33.ids_5__vp14__ann93__ch23.jpg,a_column_driver,14,vp14/run2_2018-05-30-10-42-33.ids_5,93,23,eating,drink,val,36525
a_column_driver__run1b_2018-05-23-16-19-17.ids_5__vp9__ann86__ch0.jpg,a_column_driver,9,vp9/run1b_2018-05-23-16-19-17.ids_5,86,0,eating,drink,train,21915
a_column_driver__run1_2018-05-22-13-28-51.ids_5__vp4__ann26__ch7.jpg,a_column_driver,4,vp4/run1_2018-05-22-13-28-51.ids_5,26,7,eating,drink,train,17186
a_column_driver__run1_2018-05-24-13-44-01.ids_5__vp11__ann85__ch1.jpg,a_column_driver,11,vp11/run1_2018-05-24-13-44-01.ids_5,85,1,eating,drink,test,31442
a_column_driver__run1b_2018-05-29-14-02-47.ids_5__vp1__ann56__ch0.jpg,a_column_driver,1,vp1/run1b_2018-05-29-14-02-47.ids_5,56,0,closing_bottle,drink,train,17037
a_column_driver__run1_2018-05-30-13-05-35.ids_5__vp15__ann77__ch1.jpg,a_column_driver,15,vp15/run1_2018-05-30-13-05-35.ids_5,77,1,opening_bottle,drink,val,20271
a_column_driver__run1d_2018-05-23-14-54-38.ids_5__vp8__ann78__ch13.jpg,a_column_driver,8,vp8/run1d_2018-05-23-14-54-38.ids_5,78,13,eating,drink,train,38492
a_column_driver__run2_2018-05-23-15-30-27.ids_5__vp8__ann69__ch4.jpg,a_column_driver,8,vp8/run2_2018-05-23-15-30-27.ids_5,69,4,eating,drink,train,20960
a_column_driver__run1b_2018-05-29-14-02-47.ids_5__vp1__ann100__ch1.jpg,a_column_driver,1,vp1/run1b_2018-05-29-14-02-47.ids_5,100,1,closing_bottle,drink,train,27097
a_column_driver__run2_2018-05-30-10-42-33.ids_5__vp14__ann93__ch22.jpg,a_column_driver,14,vp14/run2_2018-05-30-10-42-33.ids_5,93,22,eating,drink,val,36435
a_column_driver__run2_2018-05-30-10-42-33.ids_5__vp14__ann93__ch10.jpg,a_column_driver,14,vp14/run2_2018-05-30-10-42-33.ids_5,93,10,eating,drink,val,35357
a_column_driver__run2_2018-05-23-15-30-27.ids_5__vp8__ann26__ch5.jpg,a_column_driver,8,vp8/run2_2018-05-23-15-30-27.ids_5,26,5,eating,drink,train,9947
a_column_driver__run2_2018-05-29-14-33-44.ids_5__vp1__ann41__ch3.jpg,a_column_driver,1,vp1/run2_2018-05-29-14-33-44.ids_5,41,3,eating,drink,train,20150
a_column_driver__run2_2018-05-24-16-21-35.ids_5__vp12__ann87__ch1.jpg,a_column_driver,12,vp12/run2_2018-05-24-16-21-35.ids_5,87,1,opening_bottle,drink,train,35282
a_column_driver__run1d_2018-05-23-14-54-38.ids_5__vp8__ann64__ch0.jpg,a_column_driver,8,vp8/run1d_2018-05-23-14-54-38.ids_5,64,0,opening_bottle,drink,train,33067
a_column_driver__run1_2018-05-22-15-10-41.ids_5__vp5__ann53__ch5.jpg,a_column_driver,5,vp5/run1_2018-05-22-15-10-41.ids_5,53,5,eating,drink,test,25522
a_column_driver__run1_2018-05-24-13-44-01.ids_5__vp11__ann95__ch0.jpg,a_column_driver,11,vp11/run1_2018-05-24-13-44-01.ids_5,95,0,eating,drink,test,32898
a_column_driver__run2_2018-05-24-16-21-35.ids_5__vp12__ann27__ch5.jpg,a_column_driver,12,vp12/run2_2018-05-24-16-21-35.ids_5,27,5,drinking,drink,train,12873
a_column_driver__run2_2018-05-30-10-42-33.ids_5__vp14__ann80__ch5.jpg,a_column_driver,14,vp14/run2_2018-05-30-10-42-33.ids_5,80,5,eating,drink,val,31880
a_column_driver__run1_2018-05-30-10-11-09.ids_5__vp14__ann86__ch20.jpg,a_column_driver,14,vp14/run1_2018-05-30-10-11-09.ids_5,86,20,eating,drink,val,36382
a_column_driver__run1_2018-05-30-10-11-09.ids_5__vp14__ann90__ch7.jpg,a_column_driver,14,vp14/run1_2018-05-30-10-11-09.ids_5,90,7,eating,drink,val,38838
a_column_driver__run1_2018-05-30-10-11-09.ids_5__vp14__ann90__ch22.jpg,a_column_driver,14,vp14/run1_2018-05-30-10-11-09.ids_5,90,22,eating,drink,val,40199
a_column_driver__run2_2018-05-24-16-21-35.ids_5__vp12__ann64__ch0.jpg,a_column_driver,12,vp12/run2_2018-05-24-16-21-35.ids_5,64,0,eating,drink,train,24345
a_column_driver__run1_2018-05-23-13-16-52.ids_5__vp7__ann81__ch3.jpg,a_column_driver,7,vp7/run1_2018-05-23-13-16-52.ids_5,81,3,eating,drink,train,25443
a_column_driver__run1_2018-05-24-15-44-28.ids_5__vp12__ann65__ch6.jpg,a_column_driver,12,vp12/run1_2018-05-24-15-44-28.ids_5,65,6,eating,drink,train,30103
a_column_driver__run1b_2018-05-08-08-46-01.ids_5__vp3__ann85__ch4.jpg,a_column_driver,3,vp3/run1b_2018-05-08-08-46-01.ids_5,85,4,drinking,drink,train,34102
a_column_driver__run2_2018-05-23-15-30-27.ids_5__vp8__ann69__ch10.jpg,a_column_driver,8,vp8/run2_2018-05-23-15-30-27.ids_5,69,10,eating,drink,train,21501
a_column_driver__run2_2018-05-24-16-21-35.ids_5__vp12__ann103__ch0.jpg,a_column_driver,12,vp12/run2_2018-05-24-16-21-35.ids_5,103,0,drinking,drink,train,41328
a_column_driver__run2_2018-05-30-10-42-33.ids_5__vp14__ann80__ch6.jpg,a_column_driver,14,vp14/run2_2018-05-30-10-42-33.ids_5,80,6,eating,drink,val,31968
a_column_driver__run1_2018-05-30-13-05-35.ids_5__vp15__ann18__ch5.jpg,a_column_driver,15,vp15/run1_2018-05-30-13-05-35.ids_5,18,5,eating,drink,val,9645
a_column_driver__run1_2018-05-22-13-28-51.ids_5__vp4__ann28__ch3.jpg,a_column_driver,4,vp4/run1_2018-05-22-13-28-51.ids_5,28,3,opening_bottle,drink,train,17660
a_column_driver__run2_2018-05-29-14-33-44.ids_5__vp1__ann41__ch5.jpg,a_column_driver,1,vp1/run2_2018-05-29-14-33-44.ids_5,41,5,eating,drink,train,20332
a_column_driver__run2_2018-05-30-10-42-33.ids_5__vp14__ann93__ch27.jpg,a_column_driver,14,vp14/run2_2018-05-30-10-42-33.ids_5,93,27,eating,drink,val,36883
a_column_driver__run2_2018-05-24-14-35-56.ids_5__vp11__ann70__ch9.jpg,a_column_driver,11,vp11/run2_2018-05-24-14-35-56.ids_5,70,9,eating,drink,test,18090
a_column_driver__run1_2018-05-22-15-10-41.ids_5__vp5__ann49__ch5.jpg,a_column_driver,5,vp5/run1_2018-05-22-15-10-41.ids_5,49,5,eating,drink,test,21428
a_column_driver__run2_2018-05-24-16-21-35.ids_5__vp12__ann64__ch8.jpg,a_column_driver,12,vp12/run2_2018-05-24-16-21-35.ids_5,64,8,eating,drink,train,25062
a_column_driver__run2_2018-05-23-11-05-00.ids_5__vp6__ann49__ch0.jpg,a_column_driver,6,vp6/run2_2018-05-23-11-05-00.ids_5,49,0,drinking,drink,train,26383
a_column_driver__run2_2018-05-30-11-34-54.ids_5__vp13__ann48__ch15.jpg,a_column_driver,13,vp13/run2_2018-05-30-11-34-54.ids_5,48,15,eating,drink,test,22678
a_column_driver__run1_2018-05-24-13-14-41.ids_5__vp10__ann28__ch0.jpg,a_column_driver,10,vp10/run1_2018-05-24-13-14-41.ids_5,28,0,opening_bottle,drink,train,11868
a_column_driver__run1_2018-05-23-13-16-52.ids_5__vp7__ann60__ch5.jpg,a_column_driver,7,vp7/run1_2018-05-23-13-16-52.ids_5,60,5,eating,drink,train,20464
a_column_driver__run1b_2018-05-29-14-02-47.ids_5__vp1__ann38__ch2.jpg,a_column_driver,1,vp1/run1b_2018-05-29-14-02-47.ids_5,38,2,drinking,drink,train,12642
a_column_driver__run1b_2018-05-23-16-19-17.ids_5__vp9__ann17__ch0.jpg,a_column_driver,9,vp9/run1b_2018-05-23-16-19-17.ids_5,17,0,opening_bottle,drink,train,9001
a_column_driver__run1_2018-05-30-10-11-09.ids_5__vp14__ann90__ch19.jpg,a_column_driver,14,vp14/run1_2018-05-30-10-11-09.ids_5,90,19,eating,drink,val,39926
a_column_driver__run1b_2018-05-08-08-46-01.ids_5__vp3__ann88__ch1.jpg,a_column_driver,3,vp3/run1b_2018-05-08-08-46-01.ids_5,88,1,drinking,drink,train,34599
a_column_driver__run1_2018-05-29-15-21-10.ids_5__vp13__ann39__ch6.jpg,a_column_driver,13,vp13/run1_2018-05-29-15-21-10.ids_5,39,6,eating,drink,test,22321
a_column_driver__run1_2018-05-22-15-10-41.ids_5__vp5__ann49__ch12.jpg,a_column_driver,5,vp5/run1_2018-05-22-15-10-41.ids_5,49,12,eating,drink,test,22054
a_column_driver__run1_2018-05-22-15-10-41.ids_5__vp5__ann49__ch11.jpg,a_column_driver,5,vp5/run1_2018-05-22-15-10-41.ids_5,49,11,eating,drink,test,21964
a_column_driver__run2_2018-05-24-14-35-56.ids_5__vp11__ann70__ch7.jpg,a_column_driver,11,vp11/run2_2018-05-24-14-35-56.ids_5,70,7,eating,drink,test,17911
a_column_driver__run1d_2018-05-23-14-54-38.ids_5__vp8__ann78__ch17.jpg,a_column_driver,8,vp8/run1d_2018-05-23-14-54-38.ids_5,78,17,eating,drink,train,38859
a_column_driver__run1_2018-05-30-10-11-09.ids_5__vp14__ann90__ch12.jpg,a_column_driver,14,vp14/run1_2018-05-30-10-11-09.ids_5,90,12,eating,drink,val,39290
a_column_driver__run2_2018-05-24-14-35-56.ids_5__vp11__ann66__ch1.jpg,a_column_driver,11,vp11/run2_2018-05-24-14-35-56.ids_5,66,1,drinking,drink,test,16992
a_column_driver__run1_2018-05-22-15-10-41.ids_5__vp5__ann127__ch3.jpg,a_column_driver,5,vp5/run1_2018-05-22-15-10-41.ids_5,127,3,eating,drink,test,48060
a_column_driver__run1_2018-05-23-13-16-52.ids_5__vp7__ann81__ch11.jpg,a_column_driver,7,vp7/run1_2018-05-23-13-16-52.ids_5,81,11,eating,drink,train,26180
a_column_driver__run1_2018-05-30-10-11-09.ids_5__vp14__ann86__ch18.jpg,a_column_driver,14,vp14/run1_2018-05-30-10-11-09.ids_5,86,18,eating,drink,val,36205
a_column_driver__run1b_2018-05-08-08-46-01.ids_5__vp3__ann104__ch1.jpg,a_column_driver,3,vp3/run1b_2018-05-08-08-46-01.ids_5,104,1,drinking,drink,train,38267
a_column_driver__run2_2018-05-30-10-42-33.ids_5__vp14__ann82__ch1.jpg,a_column_driver,14,vp14/run2_2018-05-30-10-42-33.ids_5,82,1,drinking,drink,val,32274
a_column_driver__run1b_2018-05-29-14-02-47.ids_5__vp1__ann50__ch0.jpg,a_column_driver,1,vp1/run1b_2018-05-29-14-02-47.ids_5,50,0,eating,drink,train,15213
a_column_driver__run1_2018-05-30-13-05-35.ids_5__vp15__ann18__ch0.jpg,a_column_driver,15,vp15/run1_2018-05-30-13-05-35.ids_5,18,0,eating,drink,val,9195
a_column_driver__run2_2018-05-30-10-42-33.ids_5__vp14__ann93__ch25.jpg,a_column_driver,14,vp14/run2_2018-05-30-10-42-33.ids_5,93,25,eating,drink,val,36705
a_column_driver__run2b_2018-05-23-13-54-07.ids_5__vp7__ann37__ch0.jpg,a_column_driver,7,vp7/run2b_2018-05-23-13-54-07.ids_5,37,0,drinking,drink,train,14679
a_column_driver__run1b_2018-05-29-14-02-47.ids_5__vp1__ann55__ch0.jpg,a_column_driver,1,vp1/run1b_2018-05-29-14-02-47.ids_5,55,0,drinking,drink,train,16781
a_column_driver__run1_2018-05-22-15-10-41.ids_5__vp5__ann125__ch12.jpg,a_column_driver,5,vp5/run1_2018-05-22-15-10-41.ids_5,125,12,eating,drink,test,47454
a_column_driver__run1_2018-05-22-15-10-41.ids_5__vp5__ann46__ch0.jpg,a_column_driver,5,vp5/run1_2018-05-22-15-10-41.ids_5,46,0,preparing_food,drink,test,20618
a_column_driver__run1_2018-05-23-13-16-52.ids_5__vp7__ann81__ch7.jpg,a_column_driver,7,vp7/run1_2018-05-23-13-16-52.ids_5,81,7,eating,drink,train,25811
a_column_driver__run1b_2018-05-23-16-19-17.ids_5__vp9__ann32__ch0.jpg,a_column_driver,9,vp9/run1b_2018-05-23-16-19-17.ids_5,32,0,eating,drink,train,11830
a_column_driver__run1_2018-05-22-15-10-41.ids_5__vp5__ann49__ch26.jpg,a_column_driver,5,vp5/run1_2018-05-22-15-10-41.ids_5,49,26,eating,drink,test,23314
a_column_driver__run2b_2018-05-22-15-50-07.ids_5__vp5__ann80__ch0.jpg,a_column_driver,5,vp5/run2b_2018-05-22-15-50-07.ids_5,80,0,closing_bottle,drink,test,29219
a_column_driver__run1d_2018-05-23-14-54-38.ids_5__vp8__ann58__ch4.jpg,a_column_driver,8,vp8/run1d_2018-05-23-14-54-38.ids_5,58,4,eating,drink,train,29502
a_column_driver__run2_2018-05-24-17-22-26.ids_5__vp2__ann41__ch1.jpg,a_column_driver,2,vp2/run2_2018-05-24-17-22-26.ids_5,41,1,opening_bottle,drink,train,21248
a_column_driver__run1d_2018-05-23-14-54-38.ids_5__vp8__ann58__ch26.jpg,a_column_driver,8,vp8/run1d_2018-05-23-14-54-38.ids_5,58,26,eating,drink,train,31491
a_column_driver__run1_2018-05-24-13-44-01.ids_5__vp11__ann107__ch0.jpg,a_column_driver,11,vp11/run1_2018-05-24-13-44-01.ids_5,107,0,preparing_food,drink,test,35518
a_column_driver__run1_2018-05-23-13-16-52.ids_5__vp7__ann16__ch0.jpg,a_column_driver,7,vp7/run1_2018-05-23-13-16-52.ids_5,16,0,drinking,drink,train,10215
a_column_driver__run2_2018-05-24-14-35-56.ids_5__vp11__ann13__ch0.jpg,a_column_driver,11,vp11/run2_2018-05-24-14-35-56.ids_5,13,0,opening_bottle,drink,test,6383
a_column_driver__run1_2018-05-24-13-14-41.ids_5__vp10__ann33__ch1.jpg,a_column_driver,10,vp10/run1_2018-05-24-13-14-41.ids_5,33,1,eating,drink,train,12338
a_column_driver__run1_2018-05-30-10-11-09.ids_5__vp14__ann90__ch8.jpg,a_column_driver,14,vp14/run1_2018-05-30-10-11-09.ids_5,90,8,eating,drink,val,38928
a_column_driver__run1b_2018-05-08-08-46-01.ids_5__vp3__ann80__ch8.jpg,a_column_driver,3,vp3/run1b_2018-05-08-08-46-01.ids_5,80,8,eating,drink,train,32772
a_column_driver__run2_2018-05-29-14-33-44.ids_5__vp1__ann41__ch4.jpg,a_column_driver,1,vp1/run2_2018-05-29-14-33-44.ids_5,41,4,eating,drink,train,20241
a_column_driver__run1_2018-05-24-13-44-01.ids_5__vp11__ann73__ch1.jpg,a_column_driver,11,vp11/run1_2018-05-24-13-44-01.ids_5,73,1,preparing_food,drink,test,29677
a_column_driver__run2_2018-05-23-15-30-27.ids_5__vp8__ann26__ch1.jpg,a_column_driver,8,vp8/run2_2018-05-23-15-30-27.ids_5,26,1,eating,drink,train,9585
a_column_driver__run2_2018-05-24-14-35-56.ids_5__vp11__ann65__ch1.jpg,a_column_driver,11,vp11/run2_2018-05-24-14-35-56.ids_5,65,1,opening_bottle,drink,test,16878
a_column_driver__run1_2018-05-29-15-21-10.ids_5__vp13__ann39__ch8.jpg,a_column_driver,13,vp13/run1_2018-05-29-15-21-10.ids_5,39,8,eating,drink,test,22501
a_column_driver__run1_2018-05-23-13-16-52.ids_5__vp7__ann81__ch4.jpg,a_column_driver,7,vp7/run1_2018-05-23-13-16-52.ids_5,81,4,eating,drink,train,25535
a_column_driver__run2_2018-05-23-15-30-27.ids_5__vp8__ann21__ch0.jpg,a_column_driver,8,vp8/run2_2018-05-23-15-30-27.ids_5,21,0,drinking,drink,train,9073
a_column_driver__run1_2018-05-24-13-44-01.ids_5__vp11__ann43__ch1.jpg,a_column_driver,11,vp11/run1_2018-05-24-13-44-01.ids_5,43,1,opening_bottle,drink,test,20147
a_column_driver__run1_2018-05-24-13-14-41.ids_5__vp10__ann47__ch0.jpg,a_column_driver,10,vp10/run1_2018-05-24-13-14-41.ids_5,47,0,closing_bottle,drink,train,15497
a_column_driver__run1b_2018-05-08-08-46-01.ids_5__vp3__ann96__ch0.jpg,a_column_driver,3,vp3/run1b_2018-05-08-08-46-01.ids_5,96,0,drinking,drink,train,36744
a_column_driver__run2_2018-05-24-16-21-35.ids_5__vp12__ann15__ch3.jpg,a_column_driver,12,vp12/run2_2018-05-24-16-21-35.ids_5,15,3,preparing_food,drink,train,8917
a_column_driver__run2_2018-05-30-10-42-33.ids_5__vp14__ann100__ch0.jpg,a_column_driver,14,vp14/run2_2018-05-30-10-42-33.ids_5,100,0,drinking,drink,val,39990
a_column_driver__run2_2018-05-24-17-22-26.ids_5__vp2__ann38__ch4.jpg,a_column_driver,2,vp2/run2_2018-05-24-17-22-26.ids_5,38,4,eating,drink,train,20318
a_column_driver__run2b_2018-05-22-15-50-07.ids_5__vp5__ann76__ch0.jpg,a_column_driver,5,vp5/run2b_2018-05-22-15-50-07.ids_5,76,0,eating,drink,test,27785
a_column_driver__run1_2018-05-22-15-10-41.ids_5__vp5__ann105__ch12.jpg,a_column_driver,5,vp5/run1_2018-05-22-15-10-41.ids_5,105,12,eating,drink,test,42131
a_column_driver__run1b_2018-05-29-14-02-47.ids_5__vp1__ann50__ch7.jpg,a_column_driver,1,vp1/run1b_2018-05-29-14-02-47.ids_5,50,7,eating,drink,train,15842
a_column_driver__run1_2018-05-22-15-10-41.ids_5__vp5__ann119__ch5.jpg,a_column_driver,5,vp5/run1_2018-05-22-15-10-41.ids_5,119,5,eating,drink,test,44496
a_column_driver__run1_2018-05-22-15-10-41.ids_5__vp5__ann49__ch6.jpg,a_column_driver,5,vp5/run1_2018-05-22-15-10-41.ids_5,49,6,eating,drink,test,21518
a_column_driver__run1b_2018-05-23-16-19-17.ids_5__vp9__ann54__ch0.jpg,a_column_driver,9,vp9/run1b_2018-05-23-16-19-17.ids_5,54,0,eating,drink,train,17429
a_column_driver__run2_2018-05-30-10-42-33.ids_5__vp14__ann78__ch0.jpg,a_column_driver,14,vp14/run2_2018-05-30-10-42-33.ids_5,78,0,eating,drink,val,30561
a_column_driver__run1_2018-05-23-13-16-52.ids_5__vp7__ann81__ch16.jpg,a_column_driver,7,vp7/run1_2018-05-23-13-16-52.ids_5,81,16,eating,drink,train,26638
a_column_driver__run1_2018-05-23-13-16-52.ids_5__vp7__ann81__ch14.jpg,a_column_driver,7,vp7/run1_2018-05-23-13-16-52.ids_5,81,14,eating,drink,train,26455
a_column_driver__run1_2018-05-23-13-16-52.ids_5__vp7__ann11__ch6.jpg,a_column_driver,7,vp7/run1_2018-05-23-13-16-52.ids_5,11,6,eating,drink,train,9617
a_column_driver__run1_2018-05-22-15-10-41.ids_5__vp5__ann32__ch0.jpg,a_column_driver,5,vp5/run1_2018-05-22-15-10-41.ids_5,32,0,eating,drink,test,17814
a_column_driver__run1_2018-05-22-13-28-51.ids_5__vp4__ann24__ch2.jpg,a_column_driver,4,vp4/run1_2018-05-22-13-28-51.ids_5,24,2,eating,drink,train,16310
a_column_driver__run1_2018-05-24-13-44-01.ids_5__vp11__ann85__ch4.jpg,a_column_driver,11,vp11/run1_2018-05-24-13-44-01.ids_5,85,4,eating,drink,test,31682
a_column_driver__run2_2018-05-30-13-34-33.ids_5__vp15__ann29__ch0.jpg,a_column_driver,15,vp15/run2_2018-05-30-13-34-33.ids_5,29,0,eating,drink,val,12389
a_column_driver__run1_2018-05-24-13-14-41.ids_5__vp10__ann104__ch0.jpg,a_column_driver,10,vp10/run1_2018-05-24-13-14-41.ids_5,104,0,closing_bottle,drink,train,36977
a_column_driver__run2_2018-05-23-15-30-27.ids_5__vp8__ann78__ch0.jpg,a_column_driver,8,vp8/run2_2018-05-23-15-30-27.ids_5,78,0,opening_bottle,drink,train,24290
a_column_driver__run1b_2018-05-29-14-02-47.ids_5__vp1__ann39__ch0.jpg,a_column_driver,1,vp1/run1b_2018-05-29-14-02-47.ids_5,39,0,closing_bottle,drink,train,12691
a_column_driver__run2_2018-05-30-10-42-33.ids_5__vp14__ann93__ch9.jpg,a_column_driver,14,vp14/run2_2018-05-30-10-42-33.ids_5,93,9,eating,drink,val,35266
a_column_driver__run2_2018-05-23-11-05-00.ids_5__vp6__ann35__ch1.jpg,a_column_driver,6,vp6/run2_2018-05-23-11-05-00.ids_5,35,1,closing_bottle,drink,train,17830
a_column_driver__run1d_2018-05-23-14-54-38.ids_5__vp8__ann58__ch21.jpg,a_column_driver,8,vp8/run1d_2018-05-23-14-54-38.ids_5,58,21,eating,drink,train,31041
a_column_driver__run1_2018-05-30-10-11-09.ids_5__vp14__ann52__ch0.jpg,a_column_driver,14,vp14/run1_2018-05-30-10-11-09.ids_5,52,0,opening_bottle,drink,val,23734
a_column_driver__run1_2018-05-24-13-14-41.ids_5__vp10__ann90__ch13.jpg,a_column_driver,10,vp10/run1_2018-05-24-13-14-41.ids_5,90,13,eating,drink,train,30198
a_column_driver__run1_2018-05-24-13-14-41.ids_5__vp10__ann90__ch3.jpg,a_column_driver,10,vp10/run1_2018-05-24-13-14-41.ids_5,90,3,eating,drink,train,29297
a_column_driver__run1b_2018-05-29-14-02-47.ids_5__vp1__ann38__ch1.jpg,a_column_driver,1,vp1/run1b_2018-05-29-14-02-47.ids_5,38,1,drinking,drink,train,12593
a_column_driver__run1_2018-05-30-10-11-09.ids_5__vp14__ann86__ch14.jpg,a_column_driver,14,vp14/run1_2018-05-30-10-11-09.ids_5,86,14,eating,drink,val,35844
a_column_driver__run1_2018-05-23-13-16-52.ids_5__vp7__ann11__ch0.jpg,a_column_driver,7,vp7/run1_2018-05-23-13-16-52.ids_5,11,0,eating,drink,train,9079
a_column_driver__run1_2018-05-22-15-10-41.ids_5__vp5__ann49__ch10.jpg,a_column_driver,5,vp5/run1_2018-05-22-15-10-41.ids_5,49,10,eating,drink,test,21876
a_column_driver__run1_2018-05-22-13-28-51.ids_5__vp4__ann29__ch1.jpg,a_column_driver,4,vp4/run1_2018-05-22-13-28-51.ids_5,29,1,drinking,drink,train,17840
a_column_driver__run2_2018-05-30-10-42-33.ids_5__vp14__ann100__ch3.jpg,a_column_driver,14,vp14/run2_2018-05-30-10-42-33.ids_5,100,3,drinking,drink,val,40234
a_column_driver__run2_2018-05-23-15-30-27.ids_5__vp8__ann16__ch0.jpg,a_column_driver,8,vp8/run2_2018-05-23-15-30-27.ids_5,16,0,eating,drink,train,7447
a_column_driver__run1_2018-05-23-13-16-52.ids_5__vp7__ann84__ch1.jpg,a_column_driver,7,vp7/run1_2018-05-23-13-16-52.ids_5,84,1,drinking,drink,train,27774
a_column_driver__run2_2018-05-22-14-25-04.ids_5__vp4__ann11__ch4.jpg,a_column_driver,4,vp4/run2_2018-05-22-14-25-04.ids_5,11,4,eating,drink,train,12096
a_column_driver__run2_2018-05-24-16-21-35.ids_5__vp12__ann85__ch3.jpg,a_column_driver,12,vp12/run2_2018-05-24-16-21-35.ids_5,85,3,eating,drink,train,33636
a_column_driver__run1_2018-05-22-15-10-41.ids_5__vp5__ann44__ch1.jpg,a_column_driver,5,vp5/run1_2018-05-22-15-10-41.ids_5,44,1,eating,drink,test,20413
a_column_driver__run1_2018-05-30-13-05-35.ids_5__vp15__ann77__ch0.jpg,a_column_driver,15,vp15/run1_2018-05-30-13-05-35.ids_5,77,0,opening_bottle,drink,val,20203
a_column_driver__run2_2018-05-24-16-21-35.ids_5__vp12__ann17__ch3.jpg,a_column_driver,12,vp12/run2_2018-05-24-16-21-35.ids_5,17,3,eating,drink,train,9475
a_column_driver__run1b_2018-05-29-14-02-47.ids_5__vp1__ann99__ch1.jpg,a_column_driver,1,vp1/run1b_2018-05-29-14-02-47.ids_5,99,1,drinking,drink,train,26924
a_column_driver__run1_2018-05-30-10-11-09.ids_5__vp14__ann90__ch17.jpg,a_column_driver,14,vp14/run1_2018-05-30-10-11-09.ids_5,90,17,eating,drink,val,39744
a_column_driver__run2_2018-05-24-16-21-35.ids_5__vp12__ann64__ch5.jpg,a_column_driver,12,vp12/run2_2018-05-24-16-21-35.ids_5,64,5,eating,drink,train,24795
a_column_driver__run1_2018-05-29-15-21-10.ids_5__vp13__ann39__ch14.jpg,a_column_driver,13,vp13/run1_2018-05-29-15-21-10.ids_5,39,14,eating,drink,test,23039
a_column_driver__run1_2018-05-24-13-14-41.ids_5__vp10__ann13__ch1.jpg,a_column_driver,10,vp10/run1_2018-05-24-13-14-41.ids_5,13,1,closing_bottle,drink,train,9352
a_column_driver__run1_2018-05-22-15-10-41.ids_5__vp5__ann121__ch8.jpg,a_column_driver,5,vp5/run1_2018-05-22-15-10-41.ids_5,121,8,eating,drink,test,45458
a_column_driver__run1_2018-05-22-15-10-41.ids_5__vp5__ann121__ch7.jpg,a_column_driver,5,vp5/run1_2018-05-22-15-10-41.ids_5,121,7,eating,drink,test,45367
a_column_driver__run1_2018-05-03-14-08-31.ids_5__vp2__ann75__ch0.jpg,a_column_driver,2,vp2/run1_2018-05-03-14-08-31.ids_5,75,0,drinking,drink,train,40540
a_column_driver__run1d_2018-05-23-14-54-38.ids_5__vp8__ann78__ch20.jpg,a_column_driver,8,vp8/run1d_2018-05-23-14-54-38.ids_5,78,20,eating,drink,train,39130
a_column_driver__run1d_2018-05-23-14-54-38.ids_5__vp8__ann58__ch29.jpg,a_column_driver,8,vp8/run1d_2018-05-23-14-54-38.ids_5,58,29,eating,drink,train,31762
a_column_driver__run2_2018-05-24-14-08-46.ids_5__vp10__ann96__ch0.jpg,a_column_driver,10,vp10/run2_2018-05-24-14-08-46.ids_5,96,0,closing_bottle,drink,train,34097
a_column_driver__run2b_2018-05-22-15-50-07.ids_5__vp5__ann70__ch6.jpg,a_column_driver,5,vp5/run2b_2018-05-22-15-50-07.ids_5,70,6,eating,drink,test,26949
a_column_driver__run1b_2018-05-08-08-46-01.ids_5__vp3__ann88__ch0.jpg,a_column_driver,3,vp3/run1b_2018-05-08-08-46-01.ids_5,88,0,drinking,drink,train,34535
a_column_driver__run1b_2018-05-08-08-46-01.ids_5__vp3__ann80__ch11.jpg,a_column_driver,3,vp3/run1b_2018-05-08-08-46-01.ids_5,80,11,eating,drink,train,33036
a_column_driver__run1_2018-05-22-13-28-51.ids_5__vp4__ann24__ch3.jpg,a_column_driver,4,vp4/run1_2018-05-22-13-28-51.ids_5,24,3,eating,drink,train,16399
a_column_driver__run2_2018-05-30-10-42-33.ids_5__vp14__ann93__ch1.jpg,a_column_driver,14,vp14/run2_2018-05-30-10-42-33.ids_5,93,1,eating,drink,val,34541
a_column_driver__run2_2018-05-30-10-42-33.ids_5__vp14__ann101__ch1.jpg,a_column_driver,14,vp14/run2_2018-05-30-10-42-33.ids_5,101,1,closing_bottle,drink,val,40352
a_column_driver__run1_2018-05-23-10-21-45.ids_5__vp6__ann84__ch1.jpg,a_column_driver,6,vp6/run1_2018-05-23-10-21-45.ids_5,84,1,preparing_food,drink,train,42192
a_column_driver__run1d_2018-05-23-14-54-38.ids_5__vp8__ann58__ch14.jpg,a_column_driver,8,vp8/run1d_2018-05-23-14-54-38.ids_5,58,14,eating,drink,train,30408
a_column_driver__run1_2018-05-24-13-14-41.ids_5__vp10__ann92__ch9.jpg,a_column_driver,10,vp10/run1_2018-05-24-13-14-41.ids_5,92,9,eating,drink,train,32430
a_column_driver__run1_2018-05-23-10-21-45.ids_5__vp6__ann47__ch4.jpg,a_column_driver,6,vp6/run1_2018-05-23-10-21-45.ids_5,47,4,interacting_with_phone,phone,train,25140
a_column_driver__run1_2018-05-22-13-28-51.ids_5__vp4__ann62__ch8.jpg,a_column_driver,4,vp4/run1_2018-05-22-13-28-51.ids_5,62,8,talking_on_phone,phone,train,35282
a_column_driver__run2_2018-05-23-11-05-00.ids_5__vp6__ann74__ch5.jpg,a_column_driver,6,vp6/run2_2018-05-23-11-05-00.ids_5,74,5,interacting_with_phone,phone,train,32902
a_column_driver__run1_2018-05-24-13-44-01.ids_5__vp11__ann32__ch11.jpg,a_column_driver,11,vp11/run1_2018-05-24-13-44-01.ids_5,32,11,talking_on_phone,phone,test,17885
a_column_driver__run1_2018-05-03-14-08-31.ids_5__vp2__ann21__ch1.jpg,a_column_driver,2,vp2/run1_2018-05-03-14-08-31.ids_5,21,1,interacting_with_phone,phone,train,15380
a_column_driver__run2_2018-05-29-14-33-44.ids_5__vp1__ann67__ch7.jpg,a_column_driver,1,vp1/run2_2018-05-29-14-33-44.ids_5,67,7,talking_on_phone,phone,train,27542
a_column_driver__run2_2018-05-30-10-42-33.ids_5__vp14__ann37__ch0.jpg,a_column_driver,14,vp14/run2_2018-05-30-10-42-33.ids_5,37,0,talking_on_phone,phone,val,17046
a_column_driver__run1_2018-05-03-14-08-31.ids_5__vp2__ann27__ch0.jpg,a_column_driver,2,vp2/run1_2018-05-03-14-08-31.ids_5,27,0,talking_on_phone,phone,train,17458
a_column_driver__run2_2018-05-24-16-21-35.ids_5__vp12__ann54__ch0.jpg,a_column_driver,12,vp12/run2_2018-05-24-16-21-35.ids_5,54,0,talking_on_phone,phone,train,21199
a_column_driver__run1_2018-05-22-15-10-41.ids_5__vp5__ann81__ch5.jpg,a_column_driver,5,vp5/run1_2018-05-22-15-10-41.ids_5,81,5,talking_on_phone,phone,test,33070
a_column_driver__run1_2018-05-22-15-10-41.ids_5__vp5__ann82__ch1.jpg,a_column_driver,5,vp5/run1_2018-05-22-15-10-41.ids_5,82,1,interacting_with_phone,phone,test,33995
a_column_driver__run2_2018-05-29-14-33-44.ids_5__vp1__ann92__ch6.jpg,a_column_driver,1,vp1/run2_2018-05-29-14-33-44.ids_5,92,6,interacting_with_phone,phone,train,40873
a_column_driver__run1_2018-05-24-15-44-28.ids_5__vp12__ann87__ch9.jpg,a_column_driver,12,vp12/run1_2018-05-24-15-44-28.ids_5,87,9,talking_on_phone,phone,train,37002
a_column_driver__run1_2018-05-29-15-21-10.ids_5__vp13__ann73__ch0.jpg,a_column_driver,13,vp13/run1_2018-05-29-15-21-10.ids_5,73,0,interacting_with_phone,phone,test,34088
a_column_driver__run2_2018-05-22-14-25-04.ids_5__vp4__ann95__ch1.jpg,a_column_driver,4,vp4/run2_2018-05-22-14-25-04.ids_5,95,1,talking_on_phone,phone,train,45736
a_column_driver__run2_2018-05-22-14-25-04.ids_5__vp4__ann54__ch5.jpg,a_column_driver,4,vp4/run2_2018-05-22-14-25-04.ids_5,54,5,interacting_with_phone,phone,train,29649
a_column_driver__run1_2018-05-23-10-21-45.ids_5__vp6__ann47__ch2.jpg,a_column_driver,6,vp6/run1_2018-05-23-10-21-45.ids_5,47,2,interacting_with_phone,phone,train,24961
a_column_driver__run2_2018-05-22-14-25-04.ids_5__vp4__ann80__ch8.jpg,a_column_driver,4,vp4/run2_2018-05-22-14-25-04.ids_5,80,8,talking_on_phone,phone,train,37698
a_column_driver__run2_2018-05-23-15-30-27.ids_5__vp8__ann38__ch4.jpg,a_column_driver,8,vp8/run2_2018-05-23-15-30-27.ids_5,38,4,talking_on_phone,phone,train,12251
a_column_driver__run1_2018-05-30-10-11-09.ids_5__vp14__ann12__ch3.jpg,a_column_driver,14,vp14/run1_2018-05-30-10-11-09.ids_5,12,3,talking_on_phone,phone,val,8213
a_column_driver__run2b_2018-05-23-13-54-07.ids_5__vp7__ann79__ch4.jpg,a_column_driver,7,vp7/run2b_2018-05-23-13-54-07.ids_5,79,4,talking_on_phone,phone,train,23645
a_column_driver__run1_2018-05-24-15-44-28.ids_5__vp12__ann24__ch7.jpg,a_column_driver,12,vp12/run1_2018-05-24-15-44-28.ids_5,24,7,interacting_with_phone,phone,train,13400
a_column_driver__run1_2018-05-23-10-21-45.ids_5__vp6__ann47__ch7.jpg,a_column_driver,6,vp6/run1_2018-05-23-10-21-45.ids_5,47,7,interacting_with_phone,phone,train,25413
a_column_driver__run1b_2018-05-29-14-02-47.ids_5__vp1__ann88__ch1.jpg,a_column_driver,1,vp1/run1b_2018-05-29-14-02-47.ids_5,88,1,interacting_with_phone,phone,train,25176
a_column_driver__run2_2018-05-23-11-05-00.ids_5__vp6__ann74__ch7.jpg,a_column_driver,6,vp6/run2_2018-05-23-11-05-00.ids_5,74,7,interacting_with_phone,phone,train,33081
a_column_driver__run2_2018-05-24-14-08-46.ids_5__vp10__ann115__ch14.jpg,a_column_driver,10,vp10/run2_2018-05-24-14-08-46.ids_5,115,14,interacting_with_phone,phone,train,39523
a_column_driver__run2_2018-05-23-15-30-27.ids_5__vp8__ann38__ch7.jpg,a_column_driver,8,vp8/run2_2018-05-23-15-30-27.ids_5,38,7,talking_on_phone,phone,train,12523
a_column_driver__run1b_2018-05-23-16-19-17.ids_5__vp9__ann101__ch9.jpg,a_column_driver,9,vp9/run1b_2018-05-23-16-19-17.ids_5,101,9,interacting_with_phone,phone,train,27323
a_column_driver__run1b_2018-05-29-14-02-47.ids_5__vp1__ann20__ch10.jpg,a_column_driver,1,vp1/run1b_2018-05-29-14-02-47.ids_5,20,10,interacting_with_phone,phone,train,9046
a_column_driver__run1_2018-05-22-13-28-51.ids_5__vp4__ann61__ch0.jpg,a_column_driver,4,vp4/run1_2018-05-22-13-28-51.ids_5,61,0,interacting_with_phone,phone,train,34461
a_column_driver__run2_2018-05-29-16-03-37.ids_5__vp3__ann46__ch8.jpg,a_column_driver,3,vp3/run2_2018-05-29-16-03-37.ids_5,46,8,talking_on_phone,phone,train,21192
a_column_driver__run2_2018-05-24-16-21-35.ids_5__vp12__ann114__ch3.jpg,a_column_driver,12,vp12/run2_2018-05-24-16-21-35.ids_5,114,3,interacting_with_phone,phone,train,44809
a_column_driver__run2_2018-05-24-16-21-35.ids_5__vp12__ann114__ch2.jpg,a_column_driver,12,vp12/run2_2018-05-24-16-21-35.ids_5,114,2,interacting_with_phone,phone,train,44718
a_column_driver__run1_2018-05-22-13-28-51.ids_5__vp4__ann62__ch2.jpg,a_column_driver,4,vp4/run1_2018-05-22-13-28-51.ids_5,62,2,talking_on_phone,phone,train,34742
a_column_driver__run2_2018-05-24-14-35-56.ids_5__vp11__ann57__ch0.jpg,a_column_driver,11,vp11/run2_2018-05-24-14-35-56.ids_5,57,0,interacting_with_phone,phone,test,14961
a_column_driver__run2_2018-05-29-16-03-37.ids_5__vp3__ann45__ch0.jpg,a_column_driver,3,vp3/run2_2018-05-29-16-03-37.ids_5,45,0,interacting_with_phone,phone,train,20398
a_column_driver__run2_2018-05-24-14-08-46.ids_5__vp10__ann115__ch13.jpg,a_column_driver,10,vp10/run2_2018-05-24-14-08-46.ids_5,115,13,interacting_with_phone,phone,train,39432
a_column_driver__run1_2018-05-03-14-08-31.ids_5__vp2__ann21__ch2.jpg,a_column_driver,2,vp2/run1_2018-05-03-14-08-31.ids_5,21,2,interacting_with_phone,phone,train,15467
a_column_driver__run2_2018-05-24-17-22-26.ids_5__vp2__ann62__ch8.jpg,a_column_driver,2,vp2/run2_2018-05-24-17-22-26.ids_5,62,8,interacting_with_phone,phone,train,27371
a_column_driver__run2_2018-05-24-14-08-46.ids_5__vp10__ann20__ch10.jpg,a_column_driver,10,vp10/run2_2018-05-24-14-08-46.ids_5,20,10,talking_on_phone,phone,train,10854
a_column_driver__run1_2018-05-30-13-05-35.ids_5__vp15__ann41__ch0.jpg,a_column_driver,15,vp15/run1_2018-05-30-13-05-35.ids_5,41,0,interacting_with_phone,phone,val,13045
a_column_driver__run1b_2018-05-08-08-46-01.ids_5__vp3__ann45__ch10.jpg,a_column_driver,3,vp3/run1b_2018-05-08-08-46-01.ids_5,45,10,talking_on_phone,phone,train,22549
a_column_driver__run1_2018-05-30-13-05-35.ids_5__vp15__ann43__ch0.jpg,a_column_driver,15,vp15/run1_2018-05-30-13-05-35.ids_5,43,0,interacting_with_phone,phone,val,13176
a_column_driver__run1d_2018-05-23-14-54-38.ids_5__vp8__ann23__ch2.jpg,a_column_driver,8,vp8/run1d_2018-05-23-14-54-38.ids_5,23,2,interacting_with_phone,phone,train,15983
a_column_driver__run1_2018-05-30-10-11-09.ids_5__vp14__ann12__ch7.jpg,a_column_driver,14,vp14/run1_2018-05-30-10-11-09.ids_5,12,7,talking_on_phone,phone,val,8575
a_column_driver__run2_2018-05-24-17-22-26.ids_5__vp2__ann82__ch9.jpg,a_column_driver,2,vp2/run2_2018-05-24-17-22-26.ids_5,82,9,talking_on_phone,phone,train,38702
a_column_driver__run1_2018-05-23-10-21-45.ids_5__vp6__ann47__ch1.jpg,a_column_driver,6,vp6/run1_2018-05-23-10-21-45.ids_5,47,1,interacting_with_phone,phone,train,24872
a_column_driver__run2_2018-05-24-16-21-35.ids_5__vp12__ann54__ch5.jpg,a_column_driver,12,vp12/run2_2018-05-24-16-21-35.ids_5,54,5,talking_on_phone,phone,train,21648
a_column_driver__run2_2018-05-29-16-03-37.ids_5__vp3__ann33__ch0.jpg,a_column_driver,3,vp3/run2_2018-05-29-16-03-37.ids_5,33,0,interacting_with_phone,phone,train,16166
a_column_driver__run2_2018-05-29-14-33-44.ids_5__vp1__ann92__ch2.jpg,a_column_driver,1,vp1/run2_2018-05-29-14-33-44.ids_5,92,2,interacting_with_phone,phone,train,40515
a_column_driver__run2_2018-05-24-14-08-46.ids_5__vp10__ann20__ch0.jpg,a_column_driver,10,vp10/run2_2018-05-24-14-08-46.ids_5,20,0,talking_on_phone,phone,train,9989
a_column_driver__run1_2018-05-22-15-10-41.ids_5__vp5__ann81__ch1.jpg,a_column_driver,5,vp5/run1_2018-05-22-15-10-41.ids_5,81,1,talking_on_phone,phone,test,32710
a_column_driver__run1_2018-05-24-13-44-01.ids_5__vp11__ann103__ch6.jpg,a_column_driver,11,vp11/run1_2018-05-24-13-44-01.ids_5,103,6,interacting_with_phone,phone,test,35169
a_column_driver__run2_2018-05-30-10-42-33.ids_5__vp14__ann37__ch4.jpg,a_column_driver,14,vp14/run2_2018-05-30-10-42-33.ids_5,37,4,talking_on_phone,phone,val,17406
a_column_driver__run2_2018-05-24-16-21-35.ids_5__vp12__ann114__ch0.jpg,a_column_driver,12,vp12/run2_2018-05-24-16-21-35.ids_5,114,0,interacting_with_phone,phone,train,44537
a_column_driver__run1_2018-05-03-14-08-31.ids_5__vp2__ann59__ch1.jpg,a_column_driver,2,vp2/run1_2018-05-03-14-08-31.ids_5,59,1,interacting_with_phone,phone,train,35376
a_column_driver__run2b_2018-05-22-15-50-07.ids_5__vp5__ann35__ch8.jpg,a_column_driver,5,vp5/run2b_2018-05-22-15-50-07.ids_5,35,8,talking_on_phone,phone,test,12411
a_column_driver__run2_2018-05-24-14-08-46.ids_5__vp10__ann20__ch8.jpg,a_column_driver,10,vp10/run2_2018-05-24-14-08-46.ids_5,20,8,talking_on_phone,phone,train,10713
a_column_driver__run2_2018-05-22-14-25-04.ids_5__vp4__ann95__ch5.jpg,a_column_driver,4,vp4/run2_2018-05-22-14-25-04.ids_5,95,5,talking_on_phone,phone,train,46092
a_column_driver__run2_2018-05-29-14-33-44.ids_5__vp1__ann67__ch12.jpg,a_column_driver,1,vp1/run2_2018-05-29-14-33-44.ids_5,67,12,talking_on_phone,phone,train,27996
a_column_driver__run1_2018-05-30-10-11-09.ids_5__vp14__ann12__ch8.jpg,a_column_driver,14,vp14/run1_2018-05-30-10-11-09.ids_5,12,8,talking_on_phone,phone,val,8665
a_column_driver__run2_2018-05-22-14-25-04.ids_5__vp4__ann80__ch2.jpg,a_column_driver,4,vp4/run2_2018-05-22-14-25-04.ids_5,80,2,talking_on_phone,phone,train,37190
a_column_driver__run1_2018-05-29-15-21-10.ids_5__vp13__ann72__ch11.jpg,a_column_driver,13,vp13/run1_2018-05-29-15-21-10.ids_5,72,11,talking_on_phone,phone,test,33936
a_column_driver__run1_2018-05-24-13-14-41.ids_5__vp10__ann62__ch5.jpg,a_column_driver,10,vp10/run1_2018-05-24-13-14-41.ids_5,62,5,talking_on_phone,phone,train,20970
a_column_driver__run1_2018-05-22-15-10-41.ids_5__vp5__ann81__ch2.jpg,a_column_driver,5,vp5/run1_2018-05-22-15-10-41.ids_5,81,2,talking_on_phone,phone,test,32801
a_column_driver__run1_2018-05-23-10-21-45.ids_5__vp6__ann95__ch4.jpg,a_column_driver,6,vp6/run1_2018-05-23-10-21-45.ids_5,95,4,talking_on_phone,phone,train,47867
a_column_driver__run2_2018-05-24-14-08-46.ids_5__vp10__ann20__ch5.jpg,a_column_driver,10,vp10/run2_2018-05-24-14-08-46.ids_5,20,5,talking_on_phone,phone,train,10441
a_column_driver__run1_2018-05-23-13-16-52.ids_5__vp7__ann38__ch2.jpg,a_column_driver,7,vp7/run1_2018-05-23-13-16-52.ids_5,38,2,interacting_with_phone,phone,train,15362
a_column_driver__run1_2018-05-29-15-21-10.ids_5__vp13__ann71__ch0.jpg,a_column_driver,13,vp13/run1_2018-05-29-15-21-10.ids_5,71,0,interacting_with_phone,phone,test,32858
a_column_driver__run2_2018-05-30-10-42-33.ids_5__vp14__ann60__ch0.jpg,a_column_driver,14,vp14/run2_2018-05-30-10-42-33.ids_5,60,0,interacting_with_phone,phone,val,25971
a_column_driver__run2_2018-05-30-10-42-33.ids_5__vp14__ann37__ch1.jpg,a_column_driver,14,vp14/run2_2018-05-30-10-42-33.ids_5,37,1,talking_on_phone,phone,val,17136
a_column_driver__run2_2018-05-30-10-42-33.ids_5__vp14__ann60__ch8.jpg,a_column_driver,14,vp14/run2_2018-05-30-10-42-33.ids_5,60,8,interacting_with_phone,phone,val,26692
a_column_driver__run1_2018-05-29-15-21-10.ids_5__vp13__ann60__ch12.jpg,a_column_driver,13,vp13/run1_2018-05-29-15-21-10.ids_5,60,12,interacting_with_phone,phone,test,31025
a_column_driver__run2_2018-05-30-13-34-33.ids_5__vp15__ann46__ch6.jpg,a_column_driver,15,vp15/run2_2018-05-30-13-34-33.ids_5,46,6,interacting_with_phone,phone,val,15147
a_column_driver__run1_2018-05-23-13-16-52.ids_5__vp7__ann108__ch5.jpg,a_column_driver,7,vp7/run1_2018-05-23-13-16-52.ids_5,108,5,talking_on_phone,phone,train,33599
a_column_driver__run2_2018-05-24-17-22-26.ids_5__vp2__ann62__ch4.jpg,a_column_driver,2,vp2/run2_2018-05-24-17-22-26.ids_5,62,4,interacting_with_phone,phone,train,27009
a_column_driver__run1_2018-05-23-13-16-52.ids_5__vp7__ann69__ch1.jpg,a_column_driver,7,vp7/run1_2018-05-23-13-16-52.ids_5,69,1,interacting_with_phone,phone,train,22724
a_column_driver__run1b_2018-05-29-14-02-47.ids_5__vp1__ann89__ch2.jpg,a_column_driver,1,vp1/run1b_2018-05-29-14-02-47.ids_5,89,2,talking_on_phone,phone,train,25407
a_column_driver__run1_2018-05-23-13-16-52.ids_5__vp7__ann110__ch0.jpg,a_column_driver,7,vp7/run1_2018-05-23-13-16-52.ids_5,110,0,talking_on_phone,phone,train,33921
a_column_driver__run2_2018-05-30-13-34-33.ids_5__vp15__ann44__ch1.jpg,a_column_driver,15,vp15/run2_2018-05-30-13-34-33.ids_5,44,1,interacting_with_phone,phone,val,14145
a_column_driver__run2b_2018-05-23-13-54-07.ids_5__vp7__ann45__ch4.jpg,a_column_driver,7,vp7/run2b_2018-05-23-13-54-07.ids_5,45,4,talking_on_phone,phone,train,17712
a_column_driver__run1_2018-05-03-14-08-31.ids_5__vp2__ann59__ch6.jpg,a_column_driver,2,vp2/run1_2018-05-03-14-08-31.ids_5,59,6,interacting_with_phone,phone,train,35826
a_column_driver__run2_2018-05-23-15-30-27.ids_5__vp8__ann119__ch4.jpg,a_column_driver,8,vp8/run2_2018-05-23-15-30-27.ids_5,119,4,interacting_with_phone,phone,train,36726
a_column_driver__run1_2018-05-24-13-14-41.ids_5__vp10__ann72__ch3.jpg,a_column_driver,10,vp10/run1_2018-05-24-13-14-41.ids_5,72,3,interacting_with_phone,phone,train,24800
a_column_driver__run2b_2018-05-22-15-50-07.ids_5__vp5__ann107__ch4.jpg,a_column_driver,5,vp5/run2b_2018-05-22-15-50-07.ids_5,107,4,interacting_with_phone,phone,test,36756
a_column_driver__run1_2018-05-29-15-21-10.ids_5__vp13__ann72__ch0.jpg,a_column_driver,13,vp13/run1_2018-05-29-15-21-10.ids_5,72,0,talking_on_phone,phone,test,32943
a_column_driver__run1_2018-05-24-13-44-01.ids_5__vp11__ann32__ch8.jpg,a_column_driver,11,vp11/run1_2018-05-24-13-44-01.ids_5,32,8,talking_on_phone,phone,test,17618
a_column_driver__run2_2018-05-30-13-34-33.ids_5__vp15__ann14__ch7.jpg,a_column_driver,15,vp15/run2_2018-05-30-13-34-33.ids_5,14,7,talking_on_phone,phone,val,8551
a_column_driver__run1_2018-05-30-13-05-35.ids_5__vp15__ann100__ch0.jpg,a_column_driver,15,vp15/run1_2018-05-30-13-05-35.ids_5,100,0,interacting_with_phone,phone,val,31348
a_column_driver__run1_2018-05-24-15-44-28.ids_5__vp12__ann87__ch12.jpg,a_column_driver,12,vp12/run1_2018-05-24-15-44-28.ids_5,87,12,talking_on_phone,phone,train,37270
a_column_driver__run2_2018-05-24-17-22-26.ids_5__vp2__ann82__ch12.jpg,a_column_driver,2,vp2/run2_2018-05-24-17-22-26.ids_5,82,12,talking_on_phone,phone,train,38977
a_column_driver__run2_2018-05-30-10-42-33.ids_5__vp14__ann37__ch6.jpg,a_column_driver,14,vp14/run2_2018-05-30-10-42-33.ids_5,37,6,talking_on_phone,phone,val,17587
a_column_driver__run1_2018-05-23-10-21-45.ids_5__vp6__ann47__ch13.jpg,a_column_driver,6,vp6/run1_2018-05-23-10-21-45.ids_5,47,13,interacting_with_phone,phone,train,25939
a_column_driver__run1_2018-05-30-10-11-09.ids_5__vp14__ann98__ch5.jpg,a_column_driver,14,vp14/run1_2018-05-30-10-11-09.ids_5,98,5,interacting_with_phone,phone,val,45053
a_column_driver__run1_2018-05-23-13-16-52.ids_5__vp7__ann37__ch0.jpg,a_column_driver,7,vp7/run1_2018-05-23-13-16-52.ids_5,37,0,talking_on_phone,phone,train,14940
a_column_driver__run1_2018-05-29-15-21-10.ids_5__vp13__ann60__ch9.jpg,a_column_driver,13,vp13/run1_2018-05-29-15-21-10.ids_5,60,9,interacting_with_phone,phone,test,30754
a_column_driver__run1_2018-05-23-10-21-45.ids_5__vp6__ann47__ch12.jpg,a_column_driver,6,vp6/run1_2018-05-23-10-21-45.ids_5,47,12,interacting_with_phone,phone,train,25865
a_column_driver__run2_2018-05-24-14-35-56.ids_5__vp11__ann99__ch5.jpg,a_column_driver,11,vp11/run2_2018-05-24-14-35-56.ids_5,99,5,interacting_with_phone,phone,test,24970
a_column_driver__run2b_2018-05-23-13-54-07.ids_5__vp7__ann79__ch1.jpg,a_column_driver,7,vp7/run2b_2018-05-23-13-54-07.ids_5,79,1,talking_on_phone,phone,train,23382
a_column_driver__run1_2018-05-30-13-05-35.ids_5__vp15__ann101__ch9.jpg,a_column_driver,15,vp15/run1_2018-05-30-13-05-35.ids_5,101,9,talking_on_phone,phone,val,32226
a_column_driver__run1_2018-05-24-13-14-41.ids_5__vp10__ann72__ch0.jpg,a_column_driver,10,vp10/run1_2018-05-24-13-14-41.ids_5,72,0,interacting_with_phone,phone,train,24529
a_column_driver__run1_2018-05-03-14-08-31.ids_5__vp2__ann26__ch5.jpg,a_column_driver,2,vp2/run1_2018-05-03-14-08-31.ids_5,26,5,interacting_with_phone,phone,train,16567
a_column_driver__run1_2018-05-24-15-44-28.ids_5__vp12__ann24__ch10.jpg,a_column_driver,12,vp12/run1_2018-05-24-15-44-28.ids_5,24,10,interacting_with_phone,phone,train,13666
a_column_driver__run1_2018-05-24-13-14-41.ids_5__vp10__ann72__ch6.jpg,a_column_driver,10,vp10/run1_2018-05-24-13-14-41.ids_5,72,6,interacting_with_phone,phone,train,25070
a_column_driver__run1_2018-05-23-13-16-52.ids_5__vp7__ann69__ch0.jpg,a_column_driver,7,vp7/run1_2018-05-23-13-16-52.ids_5,69,0,interacting_with_phone,phone,train,22630
a_column_driver__run2b_2018-05-23-13-54-07.ids_5__vp7__ann79__ch0.jpg,a_column_driver,7,vp7/run2b_2018-05-23-13-54-07.ids_5,79,0,talking_on_phone,phone,train,23291
a_column_driver__run1b_2018-05-08-08-46-01.ids_5__vp3__ann45__ch0.jpg,a_column_driver,3,vp3/run1b_2018-05-08-08-46-01.ids_5,45,0,talking_on_phone,phone,train,21650
a_column_driver__run2_2018-05-23-15-30-27.ids_5__vp8__ann38__ch13.jpg,a_column_driver,8,vp8/run2_2018-05-23-15-30-27.ids_5,38,13,talking_on_phone,phone,train,13063
a_column_driver__run1_2018-05-30-10-11-09.ids_5__vp14__ann12__ch12.jpg,a_column_driver,14,vp14/run1_2018-05-30-10-11-09.ids_5,12,12,talking_on_phone,phone,val,9017
a_column_driver__run1d_2018-05-23-14-54-38.ids_5__vp8__ann23__ch5.jpg,a_column_driver,8,vp8/run1d_2018-05-23-14-54-38.ids_5,23,5,interacting_with_phone,phone,train,16251
a_column_driver__run2_2018-05-30-10-42-33.ids_5__vp14__ann60__ch10.jpg,a_column_driver,14,vp14/run2_2018-05-30-10-42-33.ids_5,60,10,interacting_with_phone,phone,val,26870
a_column_driver__run2_2018-05-23-15-30-27.ids_5__vp8__ann34__ch1.jpg,a_column_driver,8,vp8/run2_2018-05-23-15-30-27.ids_5,34,1,interacting_with_phone,phone,train,11449
a_column_driver__run1_2018-05-23-13-16-52.ids_5__vp7__ann36__ch0.jpg,a_column_driver,7,vp7/run1_2018-05-23-13-16-52.ids_5,36,0,interacting_with_phone,phone,train,14784
a_column_driver__run1b_2018-05-23-16-19-17.ids_5__vp9__ann101__ch6.jpg,a_column_driver,9,vp9/run1b_2018-05-23-16-19-17.ids_5,101,6,interacting_with_phone,phone,train,27052
a_column_driver__run2_2018-05-24-14-08-46.ids_5__vp10__ann19__ch5.jpg,a_column_driver,10,vp10/run2_2018-05-24-14-08-46.ids_5,19,5,interacting_with_phone,phone,train,9857
a_column_driver__run1b_2018-05-29-14-02-47.ids_5__vp1__ann89__ch1.jpg,a_column_driver,1,vp1/run1b_2018-05-29-14-02-47.ids_5,89,1,talking_on_phone,phone,train,25317
a_column_driver__run2_2018-05-24-16-21-35.ids_5__vp12__ann114__ch11.jpg,a_column_driver,12,vp12/run2_2018-05-24-16-21-35.ids_5,114,11,interacting_with_phone,phone,train,45531
a_column_driver__run1d_2018-05-23-14-54-38.ids_5__vp8__ann23__ch0.jpg,a_column_driver,8,vp8/run1d_2018-05-23-14-54-38.ids_5,23,0,interacting_with_phone,phone,train,15804
a_column_driver__run1_2018-05-24-13-44-01.ids_5__vp11__ann31__ch2.jpg,a_column_driver,11,vp11/run1_2018-05-24-13-44-01.ids_5,31,2,interacting_with_phone,phone,test,16318
a_column_driver__run2_2018-05-30-11-34-54.ids_5__vp13__ann40__ch0.jpg,a_column_driver,13,vp13/run2_2018-05-30-11-34-54.ids_5,40,0,interacting_with_phone,phone,test,19859
a_column_driver__run1_2018-05-23-13-16-52.ids_5__vp7__ann107__ch1.jpg,a_column_driver,7,vp7/run1_2018-05-23-13-16-52.ids_5,107,1,interacting_with_phone,phone,train,33055
a_column_driver__run1_2018-05-30-10-11-09.ids_5__vp14__ann98__ch3.jpg,a_column_driver,14,vp14/run1_2018-05-30-10-11-09.ids_5,98,3,interacting_with_phone,phone,val,44872
a_column_driver__run2_2018-05-24-14-35-56.ids_5__vp11__ann56__ch4.jpg,a_column_driver,11,vp11/run2_2018-05-24-14-35-56.ids_5,56,4,talking_on_phone,phone,test,14396
a_column_driver__run1_2018-05-24-13-44-01.ids_5__vp11__ann31__ch5.jpg,a_column_driver,11,vp11/run1_2018-05-24-13-44-01.ids_5,31,5,interacting_with_phone,phone,test,16590
a_column_driver__run1_2018-05-22-13-28-51.ids_5__vp4__ann80__ch6.jpg,a_column_driver,4,vp4/run1_2018-05-22-13-28-51.ids_5,80,6,interacting_with_phone,phone,train,41045
a_column_driver__run1b_2018-05-23-16-19-17.ids_5__vp9__ann101__ch15.jpg,a_column_driver,9,vp9/run1b_2018-05-23-16-19-17.ids_5,101,15,interacting_with_phone,phone,train,27865
a_column_driver__run2_2018-05-24-14-08-46.ids_5__vp10__ann20__ch6.jpg,a_column_driver,10,vp10/run2_2018-05-24-14-08-46.ids_5,20,6,talking_on_phone,phone,train,10531
a_column_driver__run1b_2018-05-08-08-46-01.ids_5__vp3__ann45__ch8.jpg,a_column_driver,3,vp3/run1b_2018-05-08-08-46-01.ids_5,45,8,talking_on_phone,phone,train,22369
a_column_driver__run1_2018-05-24-15-44-28.ids_5__vp12__ann24__ch4.jpg,a_column_driver,12,vp12/run1_2018-05-24-15-44-28.ids_5,24,4,interacting_with_phone,phone,train,13131
a_column_driver__run1_2018-05-24-13-44-01.ids_5__vp11__ann34__ch0.jpg,a_column_driver,11,vp11/run1_2018-05-24-13-44-01.ids_5,34,0,interacting_with_phone,phone,test,18534
a_column_driver__run2_2018-05-29-14-33-44.ids_5__vp1__ann67__ch5.jpg,a_column_driver,1,vp1/run2_2018-05-29-14-33-44.ids_5,67,5,talking_on_phone,phone,train,27357
a_column_driver__run1_2018-05-22-13-28-51.ids_5__vp4__ann80__ch14.jpg,a_column_driver,4,vp4/run1_2018-05-22-13-28-51.ids_5,80,14,interacting_with_phone,phone,train,41762
a_column_driver__run1_2018-05-03-14-08-31.ids_5__vp2__ann66__ch1.jpg,a_column_driver,2,vp2/run1_2018-05-03-14-08-31.ids_5,66,1,interacting_with_phone,phone,train,39038
a_column_driver__run1_2018-05-30-10-11-09.ids_5__vp14__ann9__ch2.jpg,a_column_driver,14,vp14/run1_2018-05-30-10-11-09.ids_5,9,2,interacting_with_phone,phone,val,7531
a_column_driver__run2_2018-05-24-17-22-26.ids_5__vp2__ann82__ch13.jpg,a_column_driver,2,vp2/run2_2018-05-24-17-22-26.ids_5,82,13,talking_on_phone,phone,train,39043
a_column_driver__run1_2018-05-03-14-08-31.ids_5__vp2__ann26__ch9.jpg,a_column_driver,2,vp2/run1_2018-05-03-14-08-31.ids_5,26,9,interacting_with_phone,phone,train,16926
ceiling__run1b_2018-05-08-08-46-01.ids_3__vp3__ann80__ch2.jpg,ceiling,3,vp3/run1b_2018-05-08-08-46-01.ids_3,80,2,eating,drink,train,32259
ceiling__run1_2018-05-22-15-10-41.ids_3__vp5__ann46__ch0.jpg,ceiling,5,vp5/run1_2018-05-22-15-10-41.ids_3,46,0,preparing_food,drink,test,20622
ceiling__run2_2018-05-24-17-22-26.ids_3__vp2__ann38__ch8.jpg,ceiling,2,vp2/run2_2018-05-24-17-22-26.ids_3,38,8,eating,drink,train,20592
ceiling__run2_2018-05-24-14-35-56.ids_3__vp11__ann70__ch9.jpg,ceiling,11,vp11/run2_2018-05-24-14-35-56.ids_3,70,9,eating,drink,test,18035
ceiling__run1_2018-05-22-15-10-41.ids_3__vp5__ann49__ch9.jpg,ceiling,5,vp5/run1_2018-05-22-15-10-41.ids_3,49,9,eating,drink,test,21795
ceiling__run2_2018-05-30-11-34-54.ids_3__vp13__ann50__ch4.jpg,ceiling,13,vp13/run2_2018-05-30-11-34-54.ids_3,50,4,opening_bottle,drink,test,23225
ceiling__run1b_2018-05-29-14-02-47.ids_3__vp1__ann54__ch1.jpg,ceiling,1,vp1/run1b_2018-05-29-14-02-47.ids_3,54,1,opening_bottle,drink,train,16669
ceiling__run1b_2018-05-29-14-02-47.ids_3__vp1__ann50__ch4.jpg,ceiling,1,vp1/run1b_2018-05-29-14-02-47.ids_3,50,4,eating,drink,train,15521
ceiling__run1_2018-05-23-13-16-52.ids_3__vp7__ann13__ch0.jpg,ceiling,7,vp7/run1_2018-05-23-13-16-52.ids_3,13,0,opening_bottle,drink,train,9599
ceiling__run2_2018-05-30-10-42-33.ids_3__vp14__ann88__ch0.jpg,ceiling,14,vp14/run2_2018-05-30-10-42-33.ids_3,88,0,eating,drink,val,33154
ceiling__run2_2018-05-24-16-21-35.ids_3__vp12__ann88__ch1.jpg,ceiling,12,vp12/run2_2018-05-24-16-21-35.ids_3,88,1,drinking,drink,train,35334
ceiling__run1_2018-05-23-10-21-45.ids_3__vp6__ann89__ch1.jpg,ceiling,6,vp6/run1_2018-05-23-10-21-45.ids_3,89,1,opening_bottle,drink,train,46298
ceiling__run1_2018-05-24-15-44-28.ids_3__vp12__ann42__ch0.jpg,ceiling,12,vp12/run1_2018-05-24-15-44-28.ids_3,42,0,eating,drink,train,18406
ceiling__run1_2018-05-03-14-08-31.ids_3__vp2__ann72__ch0.jpg,ceiling,2,vp2/run1_2018-05-03-14-08-31.ids_3,72,0,opening_bottle,drink,train,39909
ceiling__run1_2018-05-22-15-10-41.ids_3__vp5__ann127__ch5.jpg,ceiling,5,vp5/run1_2018-05-22-15-10-41.ids_3,127,5,eating,drink,test,48253
ceiling__run2_2018-05-23-15-30-27.ids_3__vp8__ann16__ch2.jpg,ceiling,8,vp8/run2_2018-05-23-15-30-27.ids_3,16,2,eating,drink,train,7600
ceiling__run1_2018-05-23-10-21-45.ids_3__vp6__ann78__ch10.jpg,ceiling,6,vp6/run1_2018-05-23-10-21-45.ids_3,78,10,eating,drink,train,40635
ceiling__run2_2018-05-30-10-42-33.ids_3__vp14__ann93__ch21.jpg,ceiling,14,vp14/run2_2018-05-30-10-42-33.ids_3,93,21,eating,drink,val,36270
ceiling__run2_2018-05-30-10-42-33.ids_3__vp14__ann93__ch20.jpg,ceiling,14,vp14/run2_2018-05-30-10-42-33.ids_3,93,20,eating,drink,val,36180
ceiling__run1b_2018-05-23-16-19-17.ids_3__vp9__ann14__ch0.jpg,ceiling,9,vp9/run1b_2018-05-23-16-19-17.ids_3,14,0,closing_bottle,drink,train,8365
ceiling__run1b_2018-05-29-14-02-47.ids_3__vp1__ann110__ch1.jpg,ceiling,1,vp1/run1b_2018-05-29-14-02-47.ids_3,110,1,eating,drink,train,28641
ceiling__run1b_2018-05-08-08-46-01.ids_3__vp3__ann100__ch1.jpg,ceiling,3,vp3/run1b_2018-05-08-08-46-01.ids_3,100,1,eating,drink,train,38050
ceiling__run2b_2018-05-22-15-50-07.ids_3__vp5__ann79__ch0.jpg,ceiling,5,vp5/run2b_2018-05-22-15-50-07.ids_3,79,0,drinking,drink,test,29096
ceiling__run2_2018-05-24-17-22-26.ids_3__vp2__ann38__ch7.jpg,ceiling,2,vp2/run2_2018-05-24-17-22-26.ids_3,38,7,eating,drink,train,20501
ceiling__run2b_2018-05-22-15-50-07.ids_3__vp5__ann70__ch6.jpg,ceiling,5,vp5/run2b_2018-05-22-15-50-07.ids_3,70,6,eating,drink,test,26957
ceiling__run2_2018-05-24-14-35-56.ids_3__vp11__ann77__ch6.jpg,ceiling,11,vp11/run2_2018-05-24-14-35-56.ids_3,77,6,eating,drink,test,19304
ceiling__run2_2018-05-22-14-25-04.ids_3__vp4__ann104__ch2.jpg,ceiling,4,vp4/run2_2018-05-22-14-25-04.ids_3,104,2,eating,drink,train,48574
ceiling__run1_2018-05-24-13-14-41.ids_3__vp10__ann47__ch0.jpg,ceiling,10,vp10/run1_2018-05-24-13-14-41.ids_3,47,0,closing_bottle,drink,train,15473
ceiling__run1_2018-05-22-15-10-41.ids_3__vp5__ann123__ch5.jpg,ceiling,5,vp5/run1_2018-05-22-15-10-41.ids_3,123,5,eating,drink,test,46175
ceiling__run2_2018-05-30-11-34-54.ids_3__vp13__ann50__ch2.jpg,ceiling,13,vp13/run2_2018-05-30-11-34-54.ids_3,50,2,opening_bottle,drink,test,23042
ceiling__run1_2018-05-22-15-10-41.ids_3__vp5__ann121__ch0.jpg,ceiling,5,vp5/run1_2018-05-22-15-10-41.ids_3,121,0,eating,drink,test,44765
ceiling__run2_2018-05-29-14-33-44.ids_3__vp1__ann41__ch2.jpg,ceiling,1,vp1/run2_2018-05-29-14-33-44.ids_3,41,2,eating,drink,train,20008
ceiling__run2_2018-05-22-14-25-04.ids_3__vp4__ann9__ch4.jpg,ceiling,4,vp4/run2_2018-05-22-14-25-04.ids_3,9,4,eating,drink,train,11638
ceiling__run2b_2018-05-23-13-54-07.ids_3__vp7__ann37__ch2.jpg,ceiling,7,vp7/run2b_2018-05-23-13-54-07.ids_3,37,2,drinking,drink,train,14662
ceiling__run1b_2018-05-23-16-19-17.ids_3__vp9__ann90__ch0.jpg,ceiling,9,vp9/run1b_2018-05-23-16-19-17.ids_3,90,0,opening_bottle,drink,train,23107
ceiling__run1_2018-05-30-13-05-35.ids_3__vp15__ann12__ch0.jpg,ceiling,15,vp15/run1_2018-05-30-13-05-35.ids_3,12,0,eating,drink,val,8508
ceiling__run1b_2018-05-23-16-19-17.ids_3__vp9__ann91__ch3.jpg,ceiling,9,vp9/run1b_2018-05-23-16-19-17.ids_3,91,3,drinking,drink,train,23487
ceiling__run1_2018-05-24-13-14-41.ids_3__vp10__ann90__ch9.jpg,ceiling,10,vp10/run1_2018-05-24-13-14-41.ids_3,90,9,eating,drink,train,29779
ceiling__run1_2018-05-24-13-44-01.ids_3__vp11__ann94__ch1.jpg,ceiling,11,vp11/run1_2018-05-24-13-44-01.ids_3,94,1,preparing_food,drink,test,32678
ceiling__run1b_2018-05-29-14-02-47.ids_3__vp1__ann100__ch1.jpg,ceiling,1,vp1/run1b_2018-05-29-14-02-47.ids_3,100,1,closing_bottle,drink,train,26990
ceiling__run1_2018-05-22-15-10-41.ids_3__vp5__ann49__ch22.jpg,ceiling,5,vp5/run1_2018-05-22-15-10-41.ids_3,49,22,eating,drink,test,22966
ceiling__run1b_2018-05-23-16-19-17.ids_3__vp9__ann26__ch0.jpg,ceiling,9,vp9/run1b_2018-05-23-16-19-17.ids_3,26,0,eating,drink,train,10110
ceiling__run2_2018-05-30-11-34-54.ids_3__vp13__ann48__ch9.jpg,ceiling,13,vp13/run2_2018-05-30-11-34-54.ids_3,48,9,eating,drink,test,22101
ceiling__run1_2018-05-22-15-10-41.ids_3__vp5__ann125__ch9.jpg,ceiling,5,vp5/run1_2018-05-22-15-10-41.ids_3,125,9,eating,drink,test,47239
ceiling__run1_2018-05-22-15-10-41.ids_3__vp5__ann33__ch0.jpg,ceiling,5,vp5/run1_2018-05-22-15-10-41.ids_3,33,0,opening_bottle,drink,test,17941
ceiling__run1b_2018-05-08-08-46-01.ids_3__vp3__ann85__ch2.jpg,ceiling,3,vp3/run1b_2018-05-08-08-46-01.ids_3,85,2,drinking,drink,train,33948
ceiling__run2_2018-05-30-13-34-33.ids_3__vp15__ann19__ch0.jpg,ceiling,15,vp15/run2_2018-05-30-13-34-33.ids_3,19,0,preparing_food,drink,val,10740
ceiling__run1_2018-05-30-10-11-09.ids_3__vp14__ann86__ch11.jpg,ceiling,14,vp14/run1_2018-05-30-10-11-09.ids_3,86,11,eating,drink,val,35554
ceiling__run1d_2018-05-23-14-54-38.ids_3__vp8__ann78__ch3.jpg,ceiling,8,vp8/run1d_2018-05-23-14-54-38.ids_3,78,3,eating,drink,train,37509
ceiling__run2_2018-05-29-16-03-37.ids_3__vp3__ann82__ch0.jpg,ceiling,3,vp3/run2_2018-05-29-16-03-37.ids_3,82,0,drinking,drink,train,28795
ceiling__run1_2018-05-22-15-10-41.ids_3__vp5__ann49__ch0.jpg,ceiling,5,vp5/run1_2018-05-22-15-10-41.ids_3,49,0,eating,drink,test,20983
ceiling__run1_2018-05-22-13-28-51.ids_3__vp4__ann24__ch4.jpg,ceiling,4,vp4/run1_2018-05-22-13-28-51.ids_3,24,4,eating,drink,train,16439
ceiling__run2_2018-05-24-16-21-35.ids_3__vp12__ann99__ch0.jpg,ceiling,12,vp12/run2_2018-05-24-16-21-35.ids_3,99,0,eating,drink,train,39245
ceiling__run2_2018-05-30-11-34-54.ids_3__vp13__ann57__ch0.jpg,ceiling,13,vp13/run2_2018-05-30-11-34-54.ids_3,57,0,closing_bottle,drink,test,24462
ceiling__run1_2018-05-30-10-11-09.ids_3__vp14__ann90__ch14.jpg,ceiling,14,vp14/run1_2018-05-30-10-11-09.ids_3,90,14,eating,drink,val,39439
ceiling__run2_2018-05-30-10-42-33.ids_3__vp14__ann80__ch2.jpg,ceiling,14,vp14/run2_2018-05-30-10-42-33.ids_3,80,2,eating,drink,val,31543
ceiling__run2_2018-05-24-16-21-35.ids_3__vp12__ann17__ch1.jpg,ceiling,12,vp12/run2_2018-05-24-16-21-35.ids_3,17,1,eating,drink,train,9277
ceiling__run1_2018-05-24-13-14-41.ids_3__vp10__ann92__ch9.jpg,ceiling,10,vp10/run1_2018-05-24-13-14-41.ids_3,92,9,eating,drink,train,32365
ceiling__run2_2018-05-24-14-08-46.ids_3__vp10__ann96__ch2.jpg,ceiling,10,vp10/run2_2018-05-24-14-08-46.ids_3,96,2,closing_bottle,drink,train,34202
ceiling__run1b_2018-05-23-16-19-17.ids_3__vp9__ann17__ch0.jpg,ceiling,9,vp9/run1b_2018-05-23-16-19-17.ids_3,17,0,opening_bottle,drink,train,8979
ceiling__run1_2018-05-22-13-28-51.ids_3__vp4__ann26__ch5.jpg,ceiling,4,vp4/run1_2018-05-22-13-28-51.ids_3,26,5,eating,drink,train,16999
ceiling__run1d_2018-05-23-14-54-38.ids_3__vp8__ann58__ch3.jpg,ceiling,8,vp8/run1d_2018-05-23-14-54-38.ids_3,58,3,eating,drink,train,29340
ceiling__run1d_2018-05-23-14-54-38.ids_3__vp8__ann65__ch2.jpg,ceiling,8,vp8/run1d_2018-05-23-14-54-38.ids_3,65,2,drinking,drink,train,33252
ceiling__run1_2018-05-23-10-21-45.ids_3__vp6__ann76__ch1.jpg,ceiling,6,vp6/run1_2018-05-23-10-21-45.ids_3,76,1,preparing_food,drink,train,39441
ceiling__run1b_2018-05-23-16-19-17.ids_3__vp9__ann28__ch0.jpg,ceiling,9,vp9/run1b_2018-05-23-16-19-17.ids_3,28,0,eating,drink,train,10398
ceiling__run1b_2018-05-08-08-46-01.ids_3__vp3__ann70__ch0.jpg,ceiling,3,vp3/run1b_2018-05-08-08-46-01.ids_3,70,0,eating,drink,train,30274
ceiling__run2_2018-05-30-10-42-33.ids_3__vp14__ann104__ch2.jpg,ceiling,14,vp14/run2_2018-05-30-10-42-33.ids_3,104,2,eating,drink,val,40598
ceiling__run1b_2018-05-29-14-02-47.ids_3__vp1__ann55__ch0.jpg,ceiling,1,vp1/run1b_2018-05-29-14-02-47.ids_3,55,0,drinking,drink,train,16720
ceiling__run1_2018-05-30-10-11-09.ids_3__vp14__ann86__ch15.jpg,ceiling,14,vp14/run1_2018-05-30-10-11-09.ids_3,86,15,eating,drink,val,35917
ceiling__run1_2018-05-22-15-10-41.ids_3__vp5__ann121__ch5.jpg,ceiling,5,vp5/run1_2018-05-22-15-10-41.ids_3,121,5,eating,drink,test,45215
ceiling__run1_2018-05-24-13-14-41.ids_3__vp10__ann16__ch0.jpg,ceiling,10,vp10/run1_2018-05-24-13-14-41.ids_3,16,0,eating,drink,train,9501
ceiling__run1_2018-05-30-10-11-09.ids_3__vp14__ann28__ch3.jpg,ceiling,14,vp14/run1_2018-05-30-10-11-09.ids_3,28,3,eating,drink,val,13718
ceiling__run2_2018-05-23-15-30-27.ids_3__vp8__ann26__ch0.jpg,ceiling,8,vp8/run2_2018-05-23-15-30-27.ids_3,26,0,eating,drink,train,9474
ceiling__run1_2018-05-22-15-10-41.ids_3__vp5__ann125__ch6.jpg,ceiling,5,vp5/run1_2018-05-22-15-10-41.ids_3,125,6,eating,drink,test,46969
ceiling__run2b_2018-05-23-13-54-07.ids_3__vp7__ann37__ch1.jpg,ceiling,7,vp7/run2b_2018-05-23-13-54-07.ids_3,37,1,drinking,drink,train,14568
ceiling__run2_2018-05-29-16-03-37.ids_3__vp3__ann78__ch7.jpg,ceiling,3,vp3/run2_2018-05-29-16-03-37.ids_3,78,7,eating,drink,train,28795
ceiling__run1_2018-05-24-13-44-01.ids_3__vp11__ann108__ch3.jpg,ceiling,11,vp11/run1_2018-05-24-13-44-01.ids_3,108,3,eating,drink,test,35802
ceiling__run1d_2018-05-23-14-54-38.ids_3__vp8__ann78__ch9.jpg,ceiling,8,vp8/run1d_2018-05-23-14-54-38.ids_3,78,9,eating,drink,train,38046
ceiling__run1_2018-05-30-13-05-35.ids_3__vp15__ann16__ch0.jpg,ceiling,15,vp15/run1_2018-05-30-13-05-35.ids_3,16,0,drinking,drink,val,8973
ceiling__run2_2018-05-30-13-34-33.ids_3__vp15__ann22__ch1.jpg,ceiling,15,vp15/run2_2018-05-30-13-34-33.ids_3,22,1,opening_bottle,drink,val,11307
ceiling__run2_2018-05-24-16-21-35.ids_3__vp12__ann99__ch2.jpg,ceiling,12,vp12/run2_2018-05-24-16-21-35.ids_3,99,2,eating,drink,train,39424
ceiling__run1b_2018-05-29-14-02-47.ids_3__vp1__ann115__ch0.jpg,ceiling,1,vp1/run1b_2018-05-29-14-02-47.ids_3,115,0,closing_bottle,drink,train,29208
ceiling__run2_2018-05-24-16-21-35.ids_3__vp12__ann104__ch0.jpg,ceiling,12,vp12/run2_2018-05-24-16-21-35.ids_3,104,0,closing_bottle,drink,train,41312
ceiling__run1_2018-05-24-13-14-41.ids_3__vp10__ann102__ch0.jpg,ceiling,10,vp10/run1_2018-05-24-13-14-41.ids_3,102,0,opening_bottle,drink,train,36723
ceiling__run2_2018-05-24-16-21-35.ids_3__vp12__ann15__ch3.jpg,ceiling,12,vp12/run2_2018-05-24-16-21-35.ids_3,15,3,preparing_food,drink,train,8900
ceiling__run1b_2018-05-23-16-19-17.ids_3__vp9__ann13__ch1.jpg,ceiling,9,vp9/run1b_2018-05-23-16-19-17.ids_3,13,1,drinking,drink,train,8316
ceiling__run1_2018-05-22-15-10-41.ids_3__vp5__ann34__ch1.jpg,ceiling,5,vp5/run1_2018-05-22-15-10-41.ids_3,34,1,eating,drink,test,18380
ceiling__run2_2018-05-22-14-25-04.ids_3__vp4__ann101__ch2.jpg,ceiling,4,vp4/run2_2018-05-22-14-25-04.ids_3,101,2,eating,drink,train,47981
ceiling__run2_2018-05-23-15-30-27.ids_3__vp8__ann69__ch2.jpg,ceiling,8,vp8/run2_2018-05-23-15-30-27.ids_3,69,2,eating,drink,train,20745
ceiling__run1d_2018-05-23-14-54-38.ids_3__vp8__ann58__ch32.jpg,ceiling,8,vp8/run1d_2018-05-23-14-54-38.ids_3,58,32,eating,drink,train,31961
ceiling__run2_2018-05-24-16-21-35.ids_3__vp12__ann17__ch6.jpg,ceiling,12,vp12/run2_2018-05-24-16-21-35.ids_3,17,6,eating,drink,train,9726
ceiling__run2_2018-05-30-11-34-54.ids_3__vp13__ann48__ch15.jpg,ceiling,13,vp13/run2_2018-05-30-11-34-54.ids_3,48,15,eating,drink,test,22619
ceiling__run2_2018-05-24-16-21-35.ids_3__vp12__ann6__ch1.jpg,ceiling,12,vp12/run2_2018-05-24-16-21-35.ids_3,6,1,opening_bottle,drink,train,7566
ceiling__run1_2018-05-30-10-11-09.ids_3__vp14__ann86__ch14.jpg,ceiling,14,vp14/run1_2018-05-30-10-11-09.ids_3,86,14,eating,drink,val,35827
ceiling__run1_2018-05-24-13-14-41.ids_3__vp10__ann33__ch2.jpg,ceiling,10,vp10/run1_2018-05-24-13-14-41.ids_3,33,2,eating,drink,train,12381
ceiling__run2_2018-05-23-15-30-27.ids_3__vp8__ann21__ch2.jpg,ceiling,8,vp8/run2_2018-05-23-15-30-27.ids_3,21,2,drinking,drink,train,9190
ceiling__run2_2018-05-30-10-42-33.ids_3__vp14__ann80__ch6.jpg,ceiling,14,vp14/run2_2018-05-30-10-42-33.ids_3,80,6,eating,drink,val,31902
ceiling__run1b_2018-05-23-16-19-17.ids_3__vp9__ann90__ch1.jpg,ceiling,9,vp9/run1b_2018-05-23-16-19-17.ids_3,90,1,opening_bottle,drink,train,23167
ceiling__run1b_2018-05-29-14-02-47.ids_3__vp1__ann102__ch1.jpg,ceiling,1,vp1/run1b_2018-05-29-14-02-47.ids_3,102,1,preparing_food,drink,train,27228
ceiling__run1d_2018-05-23-14-54-38.ids_3__vp8__ann78__ch4.jpg,ceiling,8,vp8/run1d_2018-05-23-14-54-38.ids_3,78,4,eating,drink,train,37599
ceiling__run2_2018-05-24-16-21-35.ids_3__vp12__ann102__ch0.jpg,ceiling,12,vp12/run2_2018-05-24-16-21-35.ids_3,102,0,opening_bottle,drink,train,41038
ceiling__run2_2018-05-23-11-05-00.ids_3__vp6__ann33__ch0.jpg,ceiling,6,vp6/run2_2018-05-23-11-05-00.ids_3,33,0,opening_bottle,drink,train,17368
ceiling__run1_2018-05-24-13-14-41.ids_3__vp10__ann45__ch0.jpg,ceiling,10,vp10/run1_2018-05-24-13-14-41.ids_3,45,0,opening_bottle,drink,train,15308
ceiling__run1_2018-05-24-13-14-41.ids_3__vp10__ann90__ch21.jpg,ceiling,10,vp10/run1_2018-05-24-13-14-41.ids_3,90,21,eating,drink,train,30860
ceiling__run2_2018-05-24-17-22-26.ids_3__vp2__ann50__ch3.jpg,ceiling,2,vp2/run2_2018-05-24-17-22-26.ids_3,50,3,eating,drink,train,22901
ceiling__run1_2018-05-23-13-16-52.ids_3__vp7__ann16__ch0.jpg,ceiling,7,vp7/run1_2018-05-23-13-16-52.ids_3,16,0,drinking,drink,train,10009
ceiling__run2_2018-05-24-16-21-35.ids_3__vp12__ann27__ch4.jpg,ceiling,12,vp12/run2_2018-05-24-16-21-35.ids_3,27,4,drinking,drink,train,12746
ceiling__run1_2018-05-23-13-16-52.ids_3__vp7__ann81__ch5.jpg,ceiling,7,vp7/run1_2018-05-23-13-16-52.ids_3,81,5,eating,drink,train,25151
ceiling__run2_2018-05-30-11-34-54.ids_3__vp13__ann50__ch1.jpg,ceiling,13,vp13/run2_2018-05-30-11-34-54.ids_3,50,1,opening_bottle,drink,test,22951
ceiling__run1_2018-05-22-15-10-41.ids_3__vp5__ann123__ch1.jpg,ceiling,5,vp5/run1_2018-05-22-15-10-41.ids_3,123,1,eating,drink,test,45821
ceiling__run2_2018-05-29-16-03-37.ids_3__vp3__ann83__ch0.jpg,ceiling,3,vp3/run2_2018-05-29-16-03-37.ids_3,83,0,closing_bottle,drink,train,28795
ceiling__run1_2018-05-24-13-44-01.ids_3__vp11__ann44__ch0.jpg,ceiling,11,vp11/run1_2018-05-24-13-44-01.ids_3,44,0,drinking,drink,test,20411
ceiling__run1d_2018-05-23-14-54-38.ids_3__vp8__ann58__ch2.jpg,ceiling,8,vp8/run1d_2018-05-23-14-54-38.ids_3,58,2,eating,drink,train,29251
ceiling__run1b_2018-05-08-08-46-01.ids_3__vp3__ann85__ch5.jpg,ceiling,3,vp3/run1b_2018-05-08-08-46-01.ids_3,85,5,drinking,drink,train,34219
ceiling__run2_2018-05-29-16-03-37.ids_3__vp3__ann78__ch4.jpg,ceiling,3,vp3/run2_2018-05-29-16-03-37.ids_3,78,4,eating,drink,train,28795
ceiling__run1_2018-05-23-13-16-52.ids_3__vp7__ann81__ch0.jpg,ceiling,7,vp7/run1_2018-05-23-13-16-52.ids_3,81,0,eating,drink,train,24712
ceiling__run2_2018-05-23-11-05-00.ids_3__vp6__ann30__ch1.jpg,ceiling,6,vp6/run2_2018-05-23-11-05-00.ids_3,30,1,eating,drink,train,14921
ceiling__run1_2018-05-23-13-16-52.ids_3__vp7__ann81__ch7.jpg,ceiling,7,vp7/run1_2018-05-23-13-16-52.ids_3,81,7,eating,drink,train,25324
ceiling__run1_2018-05-22-15-10-41.ids_3__vp5__ann53__ch0.jpg,ceiling,5,vp5/run1_2018-05-22-15-10-41.ids_3,53,0,eating,drink,test,25082
ceiling__run2_2018-05-24-16-21-35.ids_3__vp12__ann27__ch0.jpg,ceiling,12,vp12/run2_2018-05-24-16-21-35.ids_3,27,0,drinking,drink,train,12390
ceiling__run1_2018-05-23-13-16-52.ids_3__vp7__ann81__ch10.jpg,ceiling,7,vp7/run1_2018-05-23-13-16-52.ids_3,81,10,eating,drink,train,25594
ceiling__run1_2018-05-23-13-16-52.ids_3__vp7__ann60__ch2.jpg,ceiling,7,vp7/run1_2018-05-23-13-16-52.ids_3,60,2,eating,drink,train,19794
ceiling__run2_2018-05-24-16-21-35.ids_3__vp12__ann27__ch5.jpg,ceiling,12,vp12/run2_2018-05-24-16-21-35.ids_3,27,5,drinking,drink,train,12835
ceiling__run1b_2018-05-29-14-02-47.ids_3__vp1__ann49__ch1.jpg,ceiling,1,vp1/run1b_2018-05-29-14-02-47.ids_3,49,1,preparing_food,drink,train,15052
ceiling__run1_2018-05-22-15-10-41.ids_3__vp5__ann49__ch32.jpg,ceiling,5,vp5/run1_2018-05-22-15-10-41.ids_3,49,32,eating,drink,test,23867
ceiling__run1_2018-05-22-15-10-41.ids_3__vp5__ann127__ch0.jpg,ceiling,5,vp5/run1_2018-05-22-15-10-41.ids_3,127,0,eating,drink,test,47821
ceiling__run1_2018-05-22-15-10-41.ids_3__vp5__ann53__ch6.jpg,ceiling,5,vp5/run1_2018-05-22-15-10-41.ids_3,53,6,eating,drink,test,25623
ceiling__run1b_2018-05-08-08-46-01.ids_3__vp3__ann85__ch4.jpg,ceiling,3,vp3/run1b_2018-05-08-08-46-01.ids_3,85,4,drinking,drink,train,34128
ceiling__run2_2018-05-30-11-34-54.ids_3__vp13__ann56__ch1.jpg,ceiling,13,vp13/run2_2018-05-30-11-34-54.ids_3,56,1,drinking,drink,test,24206
ceiling__run2_2018-05-30-10-42-33.ids_3__vp14__ann81__ch0.jpg,ceiling,14,vp14/run2_2018-05-30-10-42-33.ids_3,81,0,opening_bottle,drink,val,31990
ceiling__run2_2018-05-24-16-21-35.ids_3__vp12__ann17__ch17.jpg,ceiling,12,vp12/run2_2018-05-24-16-21-35.ids_3,17,17,eating,drink,train,10708
ceiling__run1d_2018-05-23-14-54-38.ids_3__vp8__ann87__ch0.jpg,ceiling,8,vp8/run1d_2018-05-23-14-54-38.ids_3,87,0,closing_bottle,drink,train,41395
ceiling__run1_2018-05-30-10-11-09.ids_3__vp14__ann90__ch15.jpg,ceiling,14,vp14/run1_2018-05-30-10-11-09.ids_3,90,15,eating,drink,val,39531
ceiling__run1_2018-05-22-15-10-41.ids_3__vp5__ann49__ch27.jpg,ceiling,5,vp5/run1_2018-05-22-15-10-41.ids_3,49,27,eating,drink,test,23417
ceiling__run1b_2018-05-08-08-46-01.ids_3__vp3__ann92__ch1.jpg,ceiling,3,vp3/run1b_2018-05-08-08-46-01.ids_3,92,1,drinking,drink,train,35505
ceiling__run1_2018-05-22-13-28-51.ids_3__vp4__ann24__ch0.jpg,ceiling,4,vp4/run1_2018-05-22-13-28-51.ids_3,24,0,eating,drink,train,16120
ceiling__run1_2018-05-22-15-10-41.ids_3__vp5__ann49__ch28.jpg,ceiling,5,vp5/run1_2018-05-22-15-10-41.ids_3,49,28,eating,drink,test,23507
ceiling__run1b_2018-05-29-14-02-47.ids_3__vp1__ann102__ch0.jpg,ceiling,1,vp1/run1b_2018-05-29-14-02-47.ids_3,102,0,preparing_food,drink,train,27138
ceiling__run2_2018-05-29-16-03-37.ids_3__vp3__ann78__ch1.jpg,ceiling,3,vp3/run2_2018-05-29-16-03-37.ids_3,78,1,eating,drink,train,28795
ceiling__run1_2018-05-30-13-05-35.ids_3__vp15__ann18__ch1.jpg,ceiling,15,vp15/run1_2018-05-30-13-05-35.ids_3,18,1,eating,drink,val,9263
ceiling__run1_2018-05-23-13-16-52.ids_3__vp7__ann83__ch5.jpg,ceiling,7,vp7/run1_2018-05-23-13-16-52.ids_3,83,5,opening_bottle,drink,train,26972
ceiling__run2b_2018-05-22-15-50-07.ids_3__vp5__ann70__ch4.jpg,ceiling,5,vp5/run2b_2018-05-22-15-50-07.ids_3,70,4,eating,drink,test,26778
ceiling__run1_2018-05-30-13-05-35.ids_3__vp15__ann16__ch1.jpg,ceiling,15,vp15/run1_2018-05-30-13-05-35.ids_3,16,1,drinking,drink,val,9027
ceiling__run2_2018-05-22-14-25-04.ids_3__vp4__ann101__ch5.jpg,ceiling,4,vp4/run2_2018-05-22-14-25-04.ids_3,101,5,eating,drink,train,48214
ceiling__run1_2018-05-22-15-10-41.ids_3__vp5__ann127__ch1.jpg,ceiling,5,vp5/run1_2018-05-22-15-10-41.ids_3,127,1,eating,drink,test,47911
ceiling__run1_2018-05-30-13-05-35.ids_3__vp15__ann18__ch4.jpg,ceiling,15,vp15/run1_2018-05-30-13-05-35.ids_3,18,4,eating,drink,val,9528
ceiling__run1_2018-05-24-13-14-41.ids_3__vp10__ann92__ch0.jpg,ceiling,10,vp10/run1_2018-05-24-13-14-41.ids_3,92,0,eating,drink,train,31555
ceiling__run2_2018-05-24-16-21-35.ids_3__vp12__ann64__ch4.jpg,ceiling,12,vp12/run2_2018-05-24-16-21-35.ids_3,64,4,eating,drink,train,24636
ceiling__run2_2018-05-29-14-33-44.ids_3__vp1__ann41__ch6.jpg,ceiling,1,vp1/run2_2018-05-29-14-33-44.ids_3,41,6,eating,drink,train,20368
ceiling__run1_2018-05-22-15-10-41.ids_3__vp5__ann105__ch7.jpg,ceiling,5,vp5/run1_2018-05-22-15-10-41.ids_3,105,7,eating,drink,test,41701
ceiling__run1_2018-05-23-13-16-52.ids_3__vp7__ann60__ch7.jpg,ceiling,7,vp7/run1_2018-05-23-13-16-52.ids_3,60,7,eating,drink,train,20236
ceiling__run1_2018-05-29-15-21-10.ids_3__vp13__ann39__ch11.jpg,ceiling,13,vp13/run1_2018-05-29-15-21-10.ids_3,39,11,eating,drink,test,22709
ceiling__run2_2018-05-23-11-05-00.ids_3__vp6__ann33__ch1.jpg,ceiling,6,vp6/run2_2018-05-23-11-05-00.ids_3,33,1,opening_bottle,drink,train,17430
ceiling__run1b_2018-05-23-16-19-17.ids_3__vp9__ann19__ch0.jpg,ceiling,9,vp9/run1b_2018-05-23-16-19-17.ids_3,19,0,closing_bottle,drink,train,9246
ceiling__run1b_2018-05-23-16-19-17.ids_3__vp9__ann92__ch1.jpg,ceiling,9,vp9/run1b_2018-05-23-16-19-17.ids_3,92,1,closing_bottle,drink,train,23633
ceiling__run1_2018-05-30-10-11-09.ids_3__vp14__ann90__ch9.jpg,ceiling,14,vp14/run1_2018-05-30-10-11-09.ids_3,90,9,eating,drink,val,38990
ceiling__run1_2018-05-24-13-14-41.ids_3__vp10__ann90__ch25.jpg,ceiling,10,vp10/run1_2018-05-24-13-14-41.ids_3,90,25,eating,drink,train,31216
ceiling__run2_2018-05-30-10-42-33.ids_3__vp14__ann78__ch0.jpg,ceiling,14,vp14/run2_2018-05-30-10-42-33.ids_3,78,0,eating,drink,val,30494
ceiling__run1_2018-05-22-15-10-41.ids_3__vp5__ann125__ch11.jpg,ceiling,5,vp5/run1_2018-05-22-15-10-41.ids_3,125,11,eating,drink,test,47418
ceiling__run2_2018-05-30-10-42-33.ids_3__vp14__ann93__ch16.jpg,ceiling,14,vp14/run2_2018-05-30-10-42-33.ids_3,93,16,eating,drink,val,35823
ceiling__run2_2018-05-24-16-21-35.ids_3__vp12__ann83__ch0.jpg,ceiling,12,vp12/run2_2018-05-24-16-21-35.ids_3,83,0,eating,drink,train,32868
ceiling__run2_2018-05-24-16-21-35.ids_3__vp12__ann17__ch7.jpg,ceiling,12,vp12/run2_2018-05-24-16-21-35.ids_3,17,7,eating,drink,train,9816
ceiling__run2_2018-05-23-11-05-00.ids_3__vp6__ann65__ch3.jpg,ceiling,6,vp6/run2_2018-05-23-11-05-00.ids_3,65,3,eating,drink,train,29912
ceiling__run1_2018-05-24-15-44-28.ids_3__vp12__ann42__ch15.jpg,ceiling,12,vp12/run1_2018-05-24-15-44-28.ids_3,42,15,eating,drink,train,19748
ceiling__run1_2018-05-22-15-10-41.ids_3__vp5__ann51__ch1.jpg,ceiling,5,vp5/run1_2018-05-22-15-10-41.ids_3,51,1,eating,drink,test,24224
ceiling__run1_2018-05-29-15-21-10.ids_3__vp13__ann39__ch1.jpg,ceiling,13,vp13/run1_2018-05-29-15-21-10.ids_3,39,1,eating,drink,test,21808
ceiling__run1_2018-05-24-15-44-28.ids_3__vp12__ann71__ch1.jpg,ceiling,12,vp12/run1_2018-05-24-15-44-28.ids_3,71,1,closing_bottle,drink,train,31318
ceiling__run2_2018-05-30-10-42-33.ids_3__vp14__ann100__ch3.jpg,ceiling,14,vp14/run2_2018-05-30-10-42-33.ids_3,100,3,drinking,drink,val,40137
ceiling__run1_2018-05-24-13-14-41.ids_3__vp10__ann90__ch1.jpg,ceiling,10,vp10/run1_2018-05-24-13-14-41.ids_3,90,1,eating,drink,train,29057
ceiling__run2b_2018-05-22-15-50-07.ids_3__vp5__ann70__ch8.jpg,ceiling,5,vp5/run2b_2018-05-22-15-50-07.ids_3,70,8,eating,drink,test,27135
ceiling__run1_2018-05-22-15-10-41.ids_3__vp5__ann49__ch10.jpg,ceiling,5,vp5/run1_2018-05-22-15-10-41.ids_3,49,10,eating,drink,test,21885
ceiling__run1_2018-05-24-15-44-28.ids_3__vp12__ann40__ch2.jpg,ceiling,12,vp12/run1_2018-05-24-15-44-28.ids_3,40,2,eating,drink,train,18031
ceiling__run1_2018-05-24-15-44-28.ids_3__vp12__ann42__ch14.jpg,ceiling,12,vp12/run1_2018-05-24-15-44-28.ids_3,42,14,eating,drink,train,19660
ceiling__run1_2018-05-22-15-10-41.ids_3__vp5__ann49__ch17.jpg,ceiling,5,vp5/run1_2018-05-22-15-10-41.ids_3,49,17,eating,drink,test,22514
ceiling__run1_2018-05-30-13-05-35.ids_3__vp15__ann79__ch1.jpg,ceiling,15,vp15/run1_2018-05-30-13-05-35.ids_3,79,1,closing_bottle,drink,val,20539
ceiling__run1_2018-05-24-13-14-41.ids_3__vp10__ann90__ch19.jpg,ceiling,10,vp10/run1_2018-05-24-13-14-41.ids_3,90,19,eating,drink,train,30681
ceiling__run2_2018-05-24-14-35-56.ids_3__vp11__ann62__ch2.jpg,ceiling,11,vp11/run2_2018-05-24-14-35-56.ids_3,62,2,preparing_food,drink,test,16492
ceiling__run1_2018-05-30-13-05-35.ids_3__vp15__ann21__ch1.jpg,ceiling,15,vp15/run1_2018-05-30-13-05-35.ids_3,21,1,closing_bottle,drink,val,10080
ceiling__run1_2018-05-23-13-16-52.ids_3__vp7__ann81__ch6.jpg,ceiling,7,vp7/run1_2018-05-23-13-16-52.ids_3,81,6,eating,drink,train,25237
ceiling__run1b_2018-05-29-14-02-47.ids_3__vp1__ann50__ch1.jpg,ceiling,1,vp1/run1b_2018-05-29-14-02-47.ids_3,50,1,eating,drink,train,15252
ceiling__run1b_2018-05-08-08-46-01.ids_3__vp3__ann80__ch9.jpg,ceiling,3,vp3/run1b_2018-05-08-08-46-01.ids_3,80,9,eating,drink,train,32888
ceiling__run1_2018-05-24-13-44-01.ids_3__vp11__ann85__ch4.jpg,ceiling,11,vp11/run1_2018-05-24-13-44-01.ids_3,85,4,eating,drink,test,31617
ceiling__run1_2018-05-22-13-28-51.ids_3__vp4__ann26__ch1.jpg,ceiling,4,vp4/run1_2018-05-22-13-28-51.ids_3,26,1,eating,drink,train,16639
ceiling__run2_2018-05-30-10-42-33.ids_3__vp14__ann104__ch3.jpg,ceiling,14,vp14/run2_2018-05-30-10-42-33.ids_3,104,3,eating,drink,val,40688
ceiling__run1_2018-05-22-15-10-41.ids_3__vp5__ann51__ch4.jpg,ceiling,5,vp5/run1_2018-05-22-15-10-41.ids_3,51,4,eating,drink,test,24491
ceiling__run1b_2018-05-29-14-02-47.ids_3__vp1__ann39__ch1.jpg,ceiling,1,vp1/run1b_2018-05-29-14-02-47.ids_3,39,1,closing_bottle,drink,train,12737
ceiling__run1_2018-05-22-15-10-41.ids_3__vp5__ann111__ch0.jpg,ceiling,5,vp5/run1_2018-05-22-15-10-41.ids_3,111,0,eating,drink,test,43317
ceiling__run2_2018-05-24-17-22-26.ids_3__vp2__ann38__ch6.jpg,ceiling,2,vp2/run2_2018-05-24-17-22-26.ids_3,38,6,eating,drink,train,20411
ceiling__run2_2018-05-30-13-34-33.ids_3__vp15__ann29__ch0.jpg,ceiling,15,vp15/run2_2018-05-30-13-34-33.ids_3,29,0,eating,drink,val,12350
ceiling__run1_2018-05-30-10-11-09.ids_3__vp14__ann86__ch18.jpg,ceiling,14,vp14/run1_2018-05-30-10-11-09.ids_3,86,18,eating,drink,val,36187
ceiling__run1_2018-05-22-15-10-41.ids_3__vp5__ann111__ch3.jpg,ceiling,5,vp5/run1_2018-05-22-15-10-41.ids_3,111,3,eating,drink,test,43590
ceiling__run1b_2018-05-08-08-46-01.ids_3__vp3__ann85__ch1.jpg,ceiling,3,vp3/run1b_2018-05-08-08-46-01.ids_3,85,1,drinking,drink,train,33858
ceiling__run1b_2018-05-23-16-19-17.ids_3__vp9__ann28__ch5.jpg,ceiling,9,vp9/run1b_2018-05-23-16-19-17.ids_3,28,5,eating,drink,train,10848
ceiling__run1_2018-05-22-15-10-41.ids_3__vp5__ann33__ch3.jpg,ceiling,5,vp5/run1_2018-05-22-15-10-41.ids_3,33,3,opening_bottle,drink,test,18206
ceiling__run1_2018-05-24-15-44-28.ids_3__vp12__ann70__ch0.jpg,ceiling,12,vp12/run1_2018-05-24-15-44-28.ids_3,70,0,drinking,drink,train,31051
ceiling__run1d_2018-05-23-14-54-38.ids_3__vp8__ann66__ch0.jpg,ceiling,8,vp8/run1d_2018-05-23-14-54-38.ids_3,66,0,closing_bottle,drink,train,33332
ceiling__run2_2018-05-30-10-42-33.ids_3__vp14__ann99__ch1.jpg,ceiling,14,vp14/run2_2018-05-30-10-42-33.ids_3,99,1,opening_bottle,drink,val,39831
ceiling__run2_2018-05-24-16-21-35.ids_3__vp12__ann27__ch2.jpg,ceiling,12,vp12/run2_2018-05-24-16-21-35.ids_3,27,2,drinking,drink,train,12568
ceiling__run1_2018-05-23-10-21-45.ids_3__vp6__ann85__ch1.jpg,ceiling,6,vp6/run1_2018-05-23-10-21-45.ids_3,85,1,eating,drink,train,42237
ceiling__run1_2018-05-24-13-44-01.ids_3__vp11__ann73__ch1.jpg,ceiling,11,vp11/run1_2018-05-24-13-44-01.ids_3,73,1,preparing_food,drink,test,29624
ceiling__run1_2018-05-24-15-44-28.ids_3__vp12__ann65__ch10.jpg,ceiling,12,vp12/run1_2018-05-24-15-44-28.ids_3,65,10,eating,drink,train,30343
ceiling__run2_2018-05-23-15-30-27.ids_3__vp8__ann69__ch12.jpg,ceiling,8,vp8/run2_2018-05-23-15-30-27.ids_3,69,12,eating,drink,train,21604
ceiling__run1_2018-05-30-10-11-09.ids_3__vp14__ann90__ch2.jpg,ceiling,14,vp14/run1_2018-05-30-10-11-09.ids_3,90,2,eating,drink,val,38362
ceiling__run1d_2018-05-23-14-54-38.ids_3__vp8__ann78__ch12.jpg,ceiling,8,vp8/run1d_2018-05-23-14-54-38.ids_3,78,12,eating,drink,train,38314
ceiling__run1_2018-05-23-13-16-52.ids_3__vp7__ann81__ch1.jpg,ceiling,7,vp7/run1_2018-05-23-13-16-52.ids_3,81,1,eating,drink,train,24799
ceiling__run2_2018-05-24-14-35-56.ids_3__vp11__ann66__ch0.jpg,ceiling,11,vp11/run2_2018-05-24-14-35-56.ids_3,66,0,drinking,drink,test,16892
ceiling__run1b_2018-05-29-14-02-47.ids_3__vp1__ann50__ch5.jpg,ceiling,1,vp1/run1b_2018-05-29-14-02-47.ids_3,50,5,eating,drink,train,15611
ceiling__run2_2018-05-30-10-42-33.ids_3__vp14__ann93__ch2.jpg,ceiling,14,vp14/run2_2018-05-30-10-42-33.ids_3,93,2,eating,drink,val,34564
ceiling__run2_2018-05-24-14-35-56.ids_3__vp11__ann70__ch0.jpg,ceiling,11,vp11/run2_2018-05-24-14-35-56.ids_3,70,0,eating,drink,test,17228
ceiling__run1_2018-05-24-13-14-41.ids_3__vp10__ann90__ch28.jpg,ceiling,10,vp10/run1_2018-05-24-13-14-41.ids_3,90,28,eating,drink,train,31444
ceiling__run1_2018-05-29-15-21-10.ids_3__vp13__ann45__ch2.jpg,ceiling,13,vp13/run1_2018-05-29-15-21-10.ids_3,45,2,opening_bottle,drink,test,24750
ceiling__run2b_2018-05-23-13-54-07.ids_3__vp7__ann37__ch0.jpg,ceiling,7,vp7/run2b_2018-05-23-13-54-07.ids_3,37,0,drinking,drink,train,14477
ceiling__run1_2018-05-24-13-14-41.ids_3__vp10__ann90__ch22.jpg,ceiling,10,vp10/run1_2018-05-24-13-14-41.ids_3,90,22,eating,drink,train,30949
ceiling__run1_2018-05-30-10-11-09.ids_3__vp14__ann28__ch0.jpg,ceiling,14,vp14/run1_2018-05-30-10-11-09.ids_3,28,0,eating,drink,val,13469
ceiling__run1b_2018-05-08-08-46-01.ids_3__vp3__ann80__ch11.jpg,ceiling,3,vp3/run1b_2018-05-08-08-46-01.ids_3,80,11,eating,drink,train,33063
ceiling__run1_2018-05-22-15-10-41.ids_3__vp5__ann33__ch1.jpg,ceiling,5,vp5/run1_2018-05-22-15-10-41.ids_3,33,1,opening_bottle,drink,test,18033
ceiling__run2_2018-05-24-17-22-26.ids_3__vp2__ann82__ch6.jpg,ceiling,2,vp2/run2_2018-05-24-17-22-26.ids_3,82,6,talking_on_phone,phone,train,38292
ceiling__run1_2018-05-22-15-10-41.ids_3__vp5__ann81__ch2.jpg,ceiling,5,vp5/run1_2018-05-22-15-10-41.ids_3,81,2,talking_on_phone,phone,test,32809
ceiling__run2_2018-05-29-16-03-37.ids_3__vp3__ann33__ch5.jpg,ceiling,3,vp3/run2_2018-05-29-16-03-37.ids_3,33,5,interacting_with_phone,phone,train,16567
ceiling__run2_2018-05-30-13-34-33.ids_3__vp15__ann14__ch13.jpg,ceiling,15,vp15/run2_2018-05-30-13-34-33.ids_3,14,13,talking_on_phone,phone,val,9058
ceiling__run1_2018-05-22-13-28-51.ids_3__vp4__ann80__ch0.jpg,ceiling,4,vp4/run1_2018-05-22-13-28-51.ids_3,80,0,interacting_with_phone,phone,train,40514
ceiling__run2b_2018-05-23-13-54-07.ids_3__vp7__ann69__ch2.jpg,ceiling,7,vp7/run2b_2018-05-23-13-54-07.ids_3,69,2,interacting_with_phone,phone,train,21882
ceiling__run1_2018-05-30-10-11-09.ids_3__vp14__ann12__ch4.jpg,ceiling,14,vp14/run1_2018-05-30-10-11-09.ids_3,12,4,talking_on_phone,phone,val,8292
ceiling__run2b_2018-05-23-13-54-07.ids_3__vp7__ann45__ch3.jpg,ceiling,7,vp7/run2b_2018-05-23-13-54-07.ids_3,45,3,talking_on_phone,phone,train,17388
ceiling__run2_2018-05-22-14-25-04.ids_3__vp4__ann81__ch1.jpg,ceiling,4,vp4/run2_2018-05-22-14-25-04.ids_3,81,1,interacting_with_phone,phone,train,37876
ceiling__run2_2018-05-24-14-35-56.ids_3__vp11__ann99__ch1.jpg,ceiling,11,vp11/run2_2018-05-24-14-35-56.ids_3,99,1,interacting_with_phone,phone,test,24558
ceiling__run2_2018-05-22-14-25-04.ids_3__vp4__ann95__ch5.jpg,ceiling,4,vp4/run2_2018-05-22-14-25-04.ids_3,95,5,talking_on_phone,phone,train,46164
ceiling__run2_2018-05-30-10-42-33.ids_3__vp14__ann37__ch6.jpg,ceiling,14,vp14/run2_2018-05-30-10-42-33.ids_3,37,6,talking_on_phone,phone,val,17572
ceiling__run2_2018-05-24-14-35-56.ids_3__vp11__ann99__ch3.jpg,ceiling,11,vp11/run2_2018-05-24-14-35-56.ids_3,99,3,interacting_with_phone,phone,test,24737
ceiling__run2_2018-05-22-14-25-04.ids_3__vp4__ann54__ch2.jpg,ceiling,4,vp4/run2_2018-05-22-14-25-04.ids_3,54,2,interacting_with_phone,phone,train,29428
ceiling__run2_2018-05-24-14-35-56.ids_3__vp11__ann56__ch9.jpg,ceiling,11,vp11/run2_2018-05-24-14-35-56.ids_3,56,9,talking_on_phone,phone,test,14808
ceiling__run1_2018-05-30-10-11-09.ids_3__vp14__ann98__ch5.jpg,ceiling,14,vp14/run1_2018-05-30-10-11-09.ids_3,98,5,interacting_with_phone,phone,val,45003
ceiling__run2_2018-05-22-14-25-04.ids_3__vp4__ann54__ch11.jpg,ceiling,4,vp4/run2_2018-05-22-14-25-04.ids_3,54,11,interacting_with_phone,phone,train,30239
ceiling__run1_2018-05-24-15-44-28.ids_3__vp12__ann87__ch2.jpg,ceiling,12,vp12/run1_2018-05-24-15-44-28.ids_3,87,2,talking_on_phone,phone,train,36245
ceiling__run1_2018-05-22-15-10-41.ids_3__vp5__ann17__ch1.jpg,ceiling,5,vp5/run1_2018-05-22-15-10-41.ids_3,17,1,interacting_with_phone,phone,test,13326
ceiling__run2_2018-05-24-17-22-26.ids_3__vp2__ann62__ch5.jpg,ceiling,2,vp2/run2_2018-05-24-17-22-26.ids_3,62,5,interacting_with_phone,phone,train,26986
ceiling__run2_2018-05-23-11-05-00.ids_3__vp6__ann74__ch9.jpg,ceiling,6,vp6/run2_2018-05-23-11-05-00.ids_3,74,9,interacting_with_phone,phone,train,33162
ceiling__run1_2018-05-23-13-16-52.ids_3__vp7__ann69__ch0.jpg,ceiling,7,vp7/run1_2018-05-23-13-16-52.ids_3,69,0,interacting_with_phone,phone,train,22212
ceiling__run1_2018-05-22-13-28-51.ids_3__vp4__ann80__ch19.jpg,ceiling,4,vp4/run1_2018-05-22-13-28-51.ids_3,80,19,interacting_with_phone,phone,train,42219
ceiling__run1_2018-05-22-15-10-41.ids_3__vp5__ann81__ch14.jpg,ceiling,5,vp5/run1_2018-05-22-15-10-41.ids_3,81,14,talking_on_phone,phone,test,33866
ceiling__run2_2018-05-24-16-21-35.ids_3__vp12__ann54__ch4.jpg,ceiling,12,vp12/run2_2018-05-24-16-21-35.ids_3,54,4,talking_on_phone,phone,train,21500
ceiling__run1_2018-05-22-13-28-51.ids_3__vp4__ann62__ch5.jpg,ceiling,4,vp4/run1_2018-05-22-13-28-51.ids_3,62,5,talking_on_phone,phone,train,35031
ceiling__run2_2018-05-30-10-42-33.ids_3__vp14__ann108__ch3.jpg,ceiling,14,vp14/run2_2018-05-30-10-42-33.ids_3,108,3,interacting_with_phone,phone,val,42116
ceiling__run1_2018-05-22-15-10-41.ids_3__vp5__ann81__ch8.jpg,ceiling,5,vp5/run1_2018-05-22-15-10-41.ids_3,81,8,talking_on_phone,phone,test,33347
ceiling__run2b_2018-05-22-15-50-07.ids_3__vp5__ann36__ch0.jpg,ceiling,5,vp5/run2b_2018-05-22-15-50-07.ids_3,36,0,interacting_with_phone,phone,test,12634
ceiling__run1_2018-05-24-13-14-41.ids_3__vp10__ann72__ch13.jpg,ceiling,10,vp10/run1_2018-05-24-13-14-41.ids_3,72,13,interacting_with_phone,phone,train,25619
ceiling__run2_2018-05-29-16-03-37.ids_3__vp3__ann33__ch4.jpg,ceiling,3,vp3/run2_2018-05-29-16-03-37.ids_3,33,4,interacting_with_phone,phone,train,16476
ceiling__run2_2018-05-30-13-34-33.ids_3__vp15__ann46__ch3.jpg,ceiling,15,vp15/run2_2018-05-30-13-34-33.ids_3,46,3,interacting_with_phone,phone,val,14834
ceiling__run1_2018-05-22-13-28-51.ids_3__vp4__ann80__ch8.jpg,ceiling,4,vp4/run1_2018-05-22-13-28-51.ids_3,80,8,interacting_with_phone,phone,train,41231
ceiling__run2_2018-05-24-16-21-35.ids_3__vp12__ann114__ch2.jpg,ceiling,12,vp12/run2_2018-05-24-16-21-35.ids_3,114,2,interacting_with_phone,phone,train,44544
ceiling__run1_2018-05-30-10-11-09.ids_3__vp14__ann98__ch12.jpg,ceiling,14,vp14/run1_2018-05-30-10-11-09.ids_3,98,12,interacting_with_phone,phone,val,45631
ceiling__run2_2018-05-30-11-34-54.ids_3__vp13__ann39__ch11.jpg,ceiling,13,vp13/run2_2018-05-30-11-34-54.ids_3,39,11,talking_on_phone,phone,test,19328
ceiling__run1b_2018-05-08-08-46-01.ids_3__vp3__ann45__ch7.jpg,ceiling,3,vp3/run1b_2018-05-08-08-46-01.ids_3,45,7,talking_on_phone,phone,train,22294
ceiling__run2_2018-05-30-10-42-33.ids_3__vp14__ann60__ch1.jpg,ceiling,14,vp14/run2_2018-05-30-10-42-33.ids_3,60,1,interacting_with_phone,phone,val,26012
ceiling__run1_2018-05-30-13-05-35.ids_3__vp15__ann41__ch0.jpg,ceiling,15,vp15/run1_2018-05-30-13-05-35.ids_3,41,0,interacting_with_phone,phone,val,13014
ceiling__run2_2018-05-30-11-34-54.ids_3__vp13__ann39__ch2.jpg,ceiling,13,vp13/run2_2018-05-30-11-34-54.ids_3,39,2,talking_on_phone,phone,test,18524
ceiling__run1_2018-05-03-14-08-31.ids_3__vp2__ann59__ch5.jpg,ceiling,2,vp2/run1_2018-05-03-14-08-31.ids_3,59,5,interacting_with_phone,phone,train,35756
ceiling__run1_2018-05-03-14-08-31.ids_3__vp2__ann66__ch0.jpg,ceiling,2,vp2/run1_2018-05-03-14-08-31.ids_3,66,0,interacting_with_phone,phone,train,38969
ceiling__run2_2018-05-23-15-30-27.ids_3__vp8__ann37__ch0.jpg,ceiling,8,vp8/run2_2018-05-23-15-30-27.ids_3,37,0,interacting_with_phone,phone,train,11769
ceiling__run2_2018-05-23-11-05-00.ids_3__vp6__ann74__ch2.jpg,ceiling,6,vp6/run2_2018-05-23-11-05-00.ids_3,74,2,interacting_with_phone,phone,train,32546
ceiling__run2_2018-05-29-14-33-44.ids_3__vp1__ann67__ch2.jpg,ceiling,1,vp1/run2_2018-05-29-14-33-44.ids_3,67,2,talking_on_phone,phone,train,27018
ceiling__run1_2018-05-22-13-28-51.ids_3__vp4__ann62__ch6.jpg,ceiling,4,vp4/run1_2018-05-22-13-28-51.ids_3,62,6,talking_on_phone,phone,train,35121
ceiling__run1_2018-05-29-15-21-10.ids_3__vp13__ann60__ch6.jpg,ceiling,13,vp13/run1_2018-05-29-15-21-10.ids_3,60,6,interacting_with_phone,phone,test,30414
ceiling__run1_2018-05-24-15-44-28.ids_3__vp12__ann24__ch4.jpg,ceiling,12,vp12/run1_2018-05-24-15-44-28.ids_3,24,4,interacting_with_phone,phone,train,13087
ceiling__run1b_2018-05-23-16-19-17.ids_3__vp9__ann101__ch2.jpg,ceiling,9,vp9/run1b_2018-05-23-16-19-17.ids_3,101,2,interacting_with_phone,phone,train,26632
ceiling__run2_2018-05-24-14-08-46.ids_3__vp10__ann115__ch4.jpg,ceiling,10,vp10/run2_2018-05-24-14-08-46.ids_3,115,4,interacting_with_phone,phone,train,38542
ceiling__run1_2018-05-22-13-28-51.ids_3__vp4__ann62__ch14.jpg,ceiling,4,vp4/run1_2018-05-22-13-28-51.ids_3,62,14,talking_on_phone,phone,train,35838
ceiling__run1_2018-05-23-10-21-45.ids_3__vp6__ann47__ch7.jpg,ceiling,6,vp6/run1_2018-05-23-10-21-45.ids_3,47,7,interacting_with_phone,phone,train,25339
ceiling__run2_2018-05-29-14-33-44.ids_3__vp1__ann92__ch7.jpg,ceiling,1,vp1/run2_2018-05-29-14-33-44.ids_3,92,7,interacting_with_phone,phone,train,40855
ceiling__run2b_2018-05-22-15-50-07.ids_3__vp5__ann35__ch1.jpg,ceiling,5,vp5/run2b_2018-05-22-15-50-07.ids_3,35,1,talking_on_phone,phone,test,11799
ceiling__run1_2018-05-23-13-16-52.ids_3__vp7__ann102__ch1.jpg,ceiling,7,vp7/run1_2018-05-23-13-16-52.ids_3,102,1,interacting_with_phone,phone,train,31993
ceiling__run1_2018-05-22-13-28-51.ids_3__vp4__ann80__ch11.jpg,ceiling,4,vp4/run1_2018-05-22-13-28-51.ids_3,80,11,interacting_with_phone,phone,train,41500
ceiling__run1d_2018-05-23-14-54-38.ids_3__vp8__ann23__ch5.jpg,ceiling,8,vp8/run1d_2018-05-23-14-54-38.ids_3,23,5,interacting_with_phone,phone,train,16193
ceiling__run2_2018-05-24-14-35-56.ids_3__vp11__ann56__ch2.jpg,ceiling,11,vp11/run2_2018-05-24-14-35-56.ids_3,56,2,talking_on_phone,phone,test,14180
ceiling__run1_2018-05-23-10-21-45.ids_3__vp6__ann47__ch1.jpg,ceiling,6,vp6/run1_2018-05-23-10-21-45.ids_3,47,1,interacting_with_phone,phone,train,24800
ceiling__run2_2018-05-24-14-08-46.ids_3__vp10__ann115__ch13.jpg,ceiling,10,vp10/run2_2018-05-24-14-08-46.ids_3,115,13,interacting_with_phone,phone,train,39355
ceiling__run2_2018-05-29-16-03-37.ids_3__vp3__ann46__ch8.jpg,ceiling,3,vp3/run2_2018-05-29-16-03-37.ids_3,46,8,talking_on_phone,phone,train,21143
ceiling__run1_2018-05-22-15-10-41.ids_3__vp5__ann17__ch5.jpg,ceiling,5,vp5/run1_2018-05-22-15-10-41.ids_3,17,5,interacting_with_phone,phone,test,13673
ceiling__run1_2018-05-24-13-44-01.ids_3__vp11__ann32__ch1.jpg,ceiling,11,vp11/run1_2018-05-24-13-44-01.ids_3,32,1,talking_on_phone,phone,test,16958
ceiling__run2_2018-05-23-15-30-27.ids_3__vp8__ann38__ch3.jpg,ceiling,8,vp8/run2_2018-05-23-15-30-27.ids_3,38,3,talking_on_phone,phone,train,12126
ceiling__run2_2018-05-29-16-03-37.ids_3__vp3__ann46__ch0.jpg,ceiling,3,vp3/run2_2018-05-29-16-03-37.ids_3,46,0,talking_on_phone,phone,train,20425
ceiling__run1_2018-05-29-15-21-10.ids_3__vp13__ann72__ch1.jpg,ceiling,13,vp13/run1_2018-05-29-15-21-10.ids_3,72,1,talking_on_phone,phone,test,32948
ceiling__run1b_2018-05-29-14-02-47.ids_3__vp1__ann90__ch0.jpg,ceiling,1,vp1/run1b_2018-05-29-14-02-47.ids_3,90,0,talking_on_phone,phone,train,25580
ceiling__run1b_2018-05-08-08-46-01.ids_3__vp3__ann34__ch7.jpg,ceiling,3,vp3/run1b_2018-05-08-08-46-01.ids_3,34,7,interacting_with_phone,phone,train,19208
ceiling__run2b_2018-05-22-15-50-07.ids_3__vp5__ann35__ch9.jpg,ceiling,5,vp5/run2b_2018-05-22-15-50-07.ids_3,35,9,talking_on_phone,phone,test,12518
ceiling__run1_2018-05-30-10-11-09.ids_3__vp14__ann12__ch6.jpg,ceiling,14,vp14/run1_2018-05-30-10-11-09.ids_3,12,6,talking_on_phone,phone,val,8473
ceiling__run1_2018-05-24-13-44-01.ids_3__vp11__ann32__ch10.jpg,ceiling,11,vp11/run1_2018-05-24-13-44-01.ids_3,32,10,talking_on_phone,phone,test,17766
ceiling__run1_2018-05-29-15-21-10.ids_3__vp13__ann72__ch10.jpg,ceiling,13,vp13/run1_2018-05-29-15-21-10.ids_3,72,10,talking_on_phone,phone,test,33757
ceiling__run2_2018-05-30-10-42-33.ids_3__vp14__ann37__ch3.jpg,ceiling,14,vp14/run2_2018-05-30-10-42-33.ids_3,37,3,talking_on_phone,phone,val,17301
ceiling__run2_2018-05-29-14-33-44.ids_3__vp1__ann68__ch0.jpg,ceiling,1,vp1/run2_2018-05-29-14-33-44.ids_3,68,0,interacting_with_phone,phone,train,28365
ceiling__run1b_2018-05-08-08-46-01.ids_3__vp3__ann45__ch3.jpg,ceiling,3,vp3/run1b_2018-05-08-08-46-01.ids_3,45,3,talking_on_phone,phone,train,21933
ceiling__run2_2018-05-30-10-42-33.ids_3__vp14__ann108__ch6.jpg,ceiling,14,vp14/run2_2018-05-30-10-42-33.ids_3,108,6,interacting_with_phone,phone,val,42387
ceiling__run1_2018-05-30-10-11-09.ids_3__vp14__ann98__ch3.jpg,ceiling,14,vp14/run1_2018-05-30-10-11-09.ids_3,98,3,interacting_with_phone,phone,val,44823
ceiling__run2_2018-05-30-13-34-33.ids_3__vp15__ann44__ch1.jpg,ceiling,15,vp15/run2_2018-05-30-13-34-33.ids_3,44,1,interacting_with_phone,phone,val,14096
ceiling__run2_2018-05-30-11-34-54.ids_3__vp13__ann33__ch0.jpg,ceiling,13,vp13/run2_2018-05-30-11-34-54.ids_3,33,0,interacting_with_phone,phone,test,15887
ceiling__run1d_2018-05-23-14-54-38.ids_3__vp8__ann31__ch4.jpg,ceiling,8,vp8/run1d_2018-05-23-14-54-38.ids_3,31,4,talking_on_phone,phone,train,19376
ceiling__run1_2018-05-30-13-05-35.ids_3__vp15__ann43__ch3.jpg,ceiling,15,vp15/run1_2018-05-30-13-05-35.ids_3,43,3,interacting_with_phone,phone,val,13388
ceiling__run1_2018-05-23-13-16-52.ids_3__vp7__ann102__ch0.jpg,ceiling,7,vp7/run1_2018-05-23-13-16-52.ids_3,102,0,interacting_with_phone,phone,train,31942
ceiling__run2_2018-05-30-10-42-33.ids_3__vp14__ann37__ch8.jpg,ceiling,14,vp14/run2_2018-05-30-10-42-33.ids_3,37,8,talking_on_phone,phone,val,17752
ceiling__run1b_2018-05-08-08-46-01.ids_3__vp3__ann34__ch8.jpg,ceiling,3,vp3/run1b_2018-05-08-08-46-01.ids_3,34,8,interacting_with_phone,phone,train,19279
ceiling__run2_2018-05-24-14-35-56.ids_3__vp11__ann56__ch3.jpg,ceiling,11,vp11/run2_2018-05-24-14-35-56.ids_3,56,3,talking_on_phone,phone,test,14269
ceiling__run2_2018-05-29-14-33-44.ids_3__vp1__ann67__ch11.jpg,ceiling,1,vp1/run2_2018-05-29-14-33-44.ids_3,67,11,talking_on_phone,phone,train,27832
ceiling__run1_2018-05-24-13-44-01.ids_3__vp11__ann103__ch5.jpg,ceiling,11,vp11/run1_2018-05-24-13-44-01.ids_3,103,5,interacting_with_phone,phone,test,35008
ceiling__run1_2018-05-30-10-11-09.ids_3__vp14__ann12__ch10.jpg,ceiling,14,vp14/run1_2018-05-30-10-11-09.ids_3,12,10,talking_on_phone,phone,val,8835
ceiling__run1_2018-05-23-13-16-52.ids_3__vp7__ann69__ch1.jpg,ceiling,7,vp7/run1_2018-05-23-13-16-52.ids_3,69,1,interacting_with_phone,phone,train,22300
ceiling__run2_2018-05-30-10-42-33.ids_3__vp14__ann37__ch9.jpg,ceiling,14,vp14/run2_2018-05-30-10-42-33.ids_3,37,9,talking_on_phone,phone,val,17841
ceiling__run2_2018-05-24-14-08-46.ids_3__vp10__ann19__ch5.jpg,ceiling,10,vp10/run2_2018-05-24-14-08-46.ids_3,19,5,interacting_with_phone,phone,train,9841
ceiling__run1b_2018-05-29-14-02-47.ids_3__vp1__ann90__ch3.jpg,ceiling,1,vp1/run1b_2018-05-29-14-02-47.ids_3,90,3,talking_on_phone,phone,train,25832
ceiling__run1b_2018-05-08-08-46-01.ids_3__vp3__ann34__ch6.jpg,ceiling,3,vp3/run1b_2018-05-08-08-46-01.ids_3,34,6,interacting_with_phone,phone,train,19117
ceiling__run1_2018-05-30-10-11-09.ids_3__vp14__ann98__ch10.jpg,ceiling,14,vp14/run1_2018-05-30-10-11-09.ids_3,98,10,interacting_with_phone,phone,val,45450
ceiling__run1b_2018-05-23-16-19-17.ids_3__vp9__ann101__ch18.jpg,ceiling,9,vp9/run1b_2018-05-23-16-19-17.ids_3,101,18,interacting_with_phone,phone,train,28068
ceiling__run2_2018-05-22-14-25-04.ids_3__vp4__ann79__ch0.jpg,ceiling,4,vp4/run2_2018-05-22-14-25-04.ids_3,79,0,interacting_with_phone,phone,train,36972
ceiling__run1_2018-05-24-13-14-41.ids_3__vp10__ann72__ch0.jpg,ceiling,10,vp10/run1_2018-05-24-13-14-41.ids_3,72,0,interacting_with_phone,phone,train,24474
ceiling__run1_2018-05-24-13-44-01.ids_3__vp11__ann32__ch3.jpg,ceiling,11,vp11/run1_2018-05-24-13-44-01.ids_3,32,3,talking_on_phone,phone,test,17137
ceiling__run1_2018-05-03-14-08-31.ids_3__vp2__ann26__ch1.jpg,ceiling,2,vp2/run1_2018-05-03-14-08-31.ids_3,26,1,interacting_with_phone,phone,train,16210
ceiling__run1b_2018-05-08-08-46-01.ids_3__vp3__ann34__ch1.jpg,ceiling,3,vp3/run1b_2018-05-08-08-46-01.ids_3,34,1,interacting_with_phone,phone,train,18666
ceiling__run1_2018-05-23-10-21-45.ids_3__vp6__ann95__ch1.jpg,ceiling,6,vp6/run1_2018-05-23-10-21-45.ids_3,95,1,talking_on_phone,phone,train,47504
ceiling__run1_2018-05-29-15-21-10.ids_3__vp13__ann60__ch9.jpg,ceiling,13,vp13/run1_2018-05-29-15-21-10.ids_3,60,9,interacting_with_phone,phone,test,30684
ceiling__run2_2018-05-30-10-42-33.ids_3__vp14__ann60__ch3.jpg,ceiling,14,vp14/run2_2018-05-30-10-42-33.ids_3,60,3,interacting_with_phone,phone,val,26189
ceiling__run1_2018-05-24-13-44-01.ids_3__vp11__ann32__ch4.jpg,ceiling,11,vp11/run1_2018-05-24-13-44-01.ids_3,32,4,talking_on_phone,phone,test,17226
ceiling__run1_2018-05-24-13-44-01.ids_3__vp11__ann31__ch0.jpg,ceiling,11,vp11/run1_2018-05-24-13-44-01.ids_3,31,0,interacting_with_phone,phone,test,16111
ceiling__run2_2018-05-22-14-25-04.ids_3__vp4__ann96__ch2.jpg,ceiling,4,vp4/run2_2018-05-22-14-25-04.ids_3,96,2,interacting_with_phone,phone,train,46489
ceiling__run1_2018-05-22-13-28-51.ids_3__vp4__ann61__ch0.jpg,ceiling,4,vp4/run1_2018-05-22-13-28-51.ids_3,61,0,interacting_with_phone,phone,train,34479
ceiling__run2_2018-05-24-14-08-46.ids_3__vp10__ann19__ch3.jpg,ceiling,10,vp10/run2_2018-05-24-14-08-46.ids_3,19,3,interacting_with_phone,phone,train,9661
ceiling__run2_2018-05-22-14-25-04.ids_3__vp4__ann54__ch10.jpg,ceiling,4,vp4/run2_2018-05-22-14-25-04.ids_3,54,10,interacting_with_phone,phone,train,30150
ceiling__run1_2018-05-30-10-11-09.ids_3__vp14__ann9__ch1.jpg,ceiling,14,vp14/run1_2018-05-30-10-11-09.ids_3,9,1,interacting_with_phone,phone,val,7438
ceiling__run1_2018-05-30-10-11-09.ids_3__vp14__ann12__ch11.jpg,ceiling,14,vp14/run1_2018-05-30-10-11-09.ids_3,12,11,talking_on_phone,phone,val,8925
ceiling__run1b_2018-05-23-16-19-17.ids_3__vp9__ann101__ch17.jpg,ceiling,9,vp9/run1b_2018-05-23-16-19-17.ids_3,101,17,interacting_with_phone,phone,train,27979
ceiling__run1_2018-05-24-13-44-01.ids_3__vp11__ann31__ch7.jpg,ceiling,11,vp11/run1_2018-05-24-13-44-01.ids_3,31,7,interacting_with_phone,phone,test,16740
ceiling__run2_2018-05-30-13-34-33.ids_3__vp15__ann14__ch5.jpg,ceiling,15,vp15/run2_2018-05-30-13-34-33.ids_3,14,5,talking_on_phone,phone,val,8338
ceiling__run1_2018-05-30-10-11-09.ids_3__vp14__ann71__ch0.jpg,ceiling,14,vp14/run1_2018-05-30-10-11-09.ids_3,71,0,interacting_with_phone,phone,val,26428
ceiling__run2_2018-05-22-14-25-04.ids_3__vp4__ann96__ch0.jpg,ceiling,4,vp4/run2_2018-05-22-14-25-04.ids_3,96,0,interacting_with_phone,phone,train,46307
ceiling__run1_2018-05-23-13-16-52.ids_3__vp7__ann69__ch3.jpg,ceiling,7,vp7/run1_2018-05-23-13-16-52.ids_3,69,3,interacting_with_phone,phone,train,22481
ceiling__run1d_2018-05-23-14-54-38.ids_3__vp8__ann31__ch3.jpg,ceiling,8,vp8/run1d_2018-05-23-14-54-38.ids_3,31,3,talking_on_phone,phone,train,19287
ceiling__run1_2018-05-03-14-08-31.ids_3__vp2__ann27__ch1.jpg,ceiling,2,vp2/run1_2018-05-03-14-08-31.ids_3,27,1,talking_on_phone,phone,train,17553
ceiling__run1_2018-05-03-14-08-31.ids_3__vp2__ann21__ch2.jpg,ceiling,2,vp2/run1_2018-05-03-14-08-31.ids_3,21,2,interacting_with_phone,phone,train,15467
ceiling__run2_2018-05-23-11-05-00.ids_3__vp6__ann74__ch6.jpg,ceiling,6,vp6/run2_2018-05-23-11-05-00.ids_3,74,6,interacting_with_phone,phone,train,32906
ceiling__run2_2018-05-24-14-08-46.ids_3__vp10__ann115__ch11.jpg,ceiling,10,vp10/run2_2018-05-24-14-08-46.ids_3,115,11,interacting_with_phone,phone,train,39173
ceiling__run1b_2018-05-29-14-02-47.ids_3__vp1__ann20__ch2.jpg,ceiling,1,vp1/run1b_2018-05-29-14-02-47.ids_3,20,2,interacting_with_phone,phone,train,8296
ceiling__run1_2018-05-23-13-16-52.ids_3__vp7__ann36__ch1.jpg,ceiling,7,vp7/run1_2018-05-23-13-16-52.ids_3,36,1,interacting_with_phone,phone,train,14581
ceiling__run2_2018-05-24-14-35-56.ids_3__vp11__ann56__ch0.jpg,ceiling,11,vp11/run2_2018-05-24-14-35-56.ids_3,56,0,talking_on_phone,phone,test,14000
ceiling__run2_2018-05-22-14-25-04.ids_3__vp4__ann54__ch13.jpg,ceiling,4,vp4/run2_2018-05-22-14-25-04.ids_3,54,13,interacting_with_phone,phone,train,30418
ceiling__run1_2018-05-23-13-16-52.ids_3__vp7__ann110__ch1.jpg,ceiling,7,vp7/run1_2018-05-23-13-16-52.ids_3,110,1,talking_on_phone,phone,train,33390
ceiling__run2_2018-05-30-11-34-54.ids_3__vp13__ann33__ch2.jpg,ceiling,13,vp13/run2_2018-05-30-11-34-54.ids_3,33,2,interacting_with_phone,phone,test,16070
ceiling__run2_2018-05-30-13-34-33.ids_3__vp15__ann14__ch9.jpg,ceiling,15,vp15/run2_2018-05-30-13-34-33.ids_3,14,9,talking_on_phone,phone,val,8699
ceiling__run2_2018-05-29-16-03-37.ids_3__vp3__ann45__ch0.jpg,ceiling,3,vp3/run2_2018-05-29-16-03-37.ids_3,45,0,interacting_with_phone,phone,train,20350
ceiling__run1_2018-05-03-14-08-31.ids_3__vp2__ann27__ch4.jpg,ceiling,2,vp2/run1_2018-05-03-14-08-31.ids_3,27,4,talking_on_phone,phone,train,17823
ceiling__run1b_2018-05-23-16-19-17.ids_3__vp9__ann101__ch1.jpg,ceiling,9,vp9/run1b_2018-05-23-16-19-17.ids_3,101,1,interacting_with_phone,phone,train,26541
ceiling__run2_2018-05-24-14-08-46.ids_3__vp10__ann115__ch1.jpg,ceiling,10,vp10/run2_2018-05-24-14-08-46.ids_3,115,1,interacting_with_phone,phone,train,38273
ceiling__run2_2018-05-23-15-30-27.ids_3__vp8__ann119__ch2.jpg,ceiling,8,vp8/run2_2018-05-23-15-30-27.ids_3,119,2,interacting_with_phone,phone,train,36493
ceiling__run2_2018-05-30-11-34-54.ids_3__vp13__ann39__ch8.jpg,ceiling,13,vp13/run2_2018-05-30-11-34-54.ids_3,39,8,talking_on_phone,phone,test,19059
ceiling__run2_2018-05-30-10-42-33.ids_3__vp14__ann31__ch2.jpg,ceiling,14,vp14/run2_2018-05-30-10-42-33.ids_3,31,2,interacting_with_phone,phone,val,16437
inner_mirror__run2_2018-05-30-11-34-54.ids_1__vp13__ann48__ch9.jpg,inner_mirror,13,vp13/run2_2018-05-30-11-34-54.ids_1,48,9,eating,drink,test,22118
inner_mirror__run1_2018-05-22-15-10-41.ids_1__vp5__ann121__ch1.jpg,inner_mirror,5,vp5/run1_2018-05-22-15-10-41.ids_1,121,1,eating,drink,test,44847
inner_mirror__run1b_2018-05-29-14-02-47.ids_1__vp1__ann39__ch0.jpg,inner_mirror,1,vp1/run1b_2018-05-29-14-02-47.ids_1,39,0,closing_bottle,drink,train,12659
inner_mirror__run1_2018-05-22-15-10-41.ids_1__vp5__ann49__ch5.jpg,inner_mirror,5,vp5/run1_2018-05-22-15-10-41.ids_1,49,5,eating,drink,test,21426
inner_mirror__run2_2018-05-22-14-25-04.ids_1__vp4__ann104__ch7.jpg,inner_mirror,4,vp4/run2_2018-05-22-14-25-04.ids_1,104,7,eating,drink,train,48984
inner_mirror__run1_2018-05-30-10-11-09.ids_1__vp14__ann19__ch2.jpg,inner_mirror,14,vp14/run1_2018-05-30-10-11-09.ids_1,19,2,opening_bottle,drink,val,11624
inner_mirror__run1_2018-05-23-13-16-52.ids_1__vp7__ann81__ch12.jpg,inner_mirror,7,vp7/run1_2018-05-23-13-16-52.ids_1,81,12,eating,drink,train,25777
inner_mirror__run1_2018-05-22-15-10-41.ids_1__vp5__ann44__ch2.jpg,inner_mirror,5,vp5/run1_2018-05-22-15-10-41.ids_1,44,2,eating,drink,test,20482
inner_mirror__run1d_2018-05-23-14-54-38.ids_1__vp8__ann58__ch11.jpg,inner_mirror,8,vp8/run1d_2018-05-23-14-54-38.ids_1,58,11,eating,drink,train,30045
inner_mirror__run1_2018-05-24-13-14-41.ids_1__vp10__ann90__ch28.jpg,inner_mirror,10,vp10/run1_2018-05-24-13-14-41.ids_1,90,28,eating,drink,train,31452
inner_mirror__run2_2018-05-30-11-34-54.ids_1__vp13__ann50__ch5.jpg,inner_mirror,13,vp13/run2_2018-05-30-11-34-54.ids_1,50,5,opening_bottle,drink,test,23290
inner_mirror__run1_2018-05-22-15-10-41.ids_1__vp5__ann125__ch3.jpg,inner_mirror,5,vp5/run1_2018-05-22-15-10-41.ids_1,125,3,eating,drink,test,46691
inner_mirror__run1d_2018-05-23-14-54-38.ids_1__vp8__ann58__ch30.jpg,inner_mirror,8,vp8/run1d_2018-05-23-14-54-38.ids_1,58,30,eating,drink,train,31755
inner_mirror__run1b_2018-05-23-16-19-17.ids_1__vp9__ann36__ch1.jpg,inner_mirror,9,vp9/run1b_2018-05-23-16-19-17.ids_1,36,1,eating,drink,train,12564
inner_mirror__run1_2018-05-22-15-10-41.ids_1__vp5__ann51__ch1.jpg,inner_mirror,5,vp5/run1_2018-05-22-15-10-41.ids_1,51,1,eating,drink,test,24212
inner_mirror__run2_2018-05-23-11-05-00.ids_1__vp6__ann65__ch3.jpg,inner_mirror,6,vp6/run2_2018-05-23-11-05-00.ids_1,65,3,eating,drink,train,29858
inner_mirror__run2_2018-05-30-11-34-54.ids_1__vp13__ann56__ch1.jpg,inner_mirror,13,vp13/run2_2018-05-30-11-34-54.ids_1,56,1,drinking,drink,test,24215
inner_mirror__run1_2018-05-22-15-10-41.ids_1__vp5__ann35__ch1.jpg,inner_mirror,5,vp5/run1_2018-05-22-15-10-41.ids_1,35,1,drinking,drink,test,18902
inner_mirror__run1b_2018-05-23-16-19-17.ids_1__vp9__ann12__ch1.jpg,inner_mirror,9,vp9/run1b_2018-05-23-16-19-17.ids_1,12,1,opening_bottle,drink,train,8190
inner_mirror__run1_2018-05-23-10-21-45.ids_1__vp6__ann78__ch1.jpg,inner_mirror,6,vp6/run1_2018-05-23-10-21-45.ids_1,78,1,eating,drink,train,39850
inner_mirror__run1d_2018-05-23-14-54-38.ids_1__vp8__ann58__ch0.jpg,inner_mirror,8,vp8/run1d_2018-05-23-14-54-38.ids_1,58,0,eating,drink,train,29055
inner_mirror__run2_2018-05-24-16-21-35.ids_1__vp12__ann99__ch1.jpg,inner_mirror,12,vp12/run2_2018-05-24-16-21-35.ids_1,99,1,eating,drink,train,39387
inner_mirror__run1_2018-05-24-13-14-41.ids_1__vp10__ann33__ch0.jpg,inner_mirror,10,vp10/run1_2018-05-24-13-14-41.ids_1,33,0,eating,drink,train,12225
inner_mirror__run1_2018-05-23-13-16-52.ids_1__vp7__ann84__ch1.jpg,inner_mirror,7,vp7/run1_2018-05-23-13-16-52.ids_1,84,1,drinking,drink,train,27256
inner_mirror__run2_2018-05-24-14-35-56.ids_1__vp11__ann65__ch1.jpg,inner_mirror,11,vp11/run2_2018-05-24-14-35-56.ids_1,65,1,opening_bottle,drink,test,16826
inner_mirror__run1_2018-05-22-15-10-41.ids_1__vp5__ann49__ch23.jpg,inner_mirror,5,vp5/run1_2018-05-22-15-10-41.ids_1,49,23,eating,drink,test,23046
inner_mirror__run2_2018-05-22-14-25-04.ids_1__vp4__ann104__ch8.jpg,inner_mirror,4,vp4/run2_2018-05-22-14-25-04.ids_1,104,8,eating,drink,train,49074
inner_mirror__run1_2018-05-23-13-16-52.ids_1__vp7__ann60__ch5.jpg,inner_mirror,7,vp7/run1_2018-05-23-13-16-52.ids_1,60,5,eating,drink,train,20088
inner_mirror__run2_2018-05-24-16-21-35.ids_1__vp12__ann15__ch4.jpg,inner_mirror,12,vp12/run2_2018-05-24-16-21-35.ids_1,15,4,preparing_food,drink,train,8982
inner_mirror__run1_2018-05-22-15-10-41.ids_1__vp5__ann105__ch2.jpg,inner_mirror,5,vp5/run1_2018-05-22-15-10-41.ids_1,105,2,eating,drink,test,41255
inner_mirror__run2_2018-05-30-10-42-33.ids_1__vp14__ann11__ch1.jpg,inner_mirror,14,vp14/run2_2018-05-30-10-42-33.ids_1,11,1,drinking,drink,val,7586
inner_mirror__run1_2018-05-22-15-10-41.ids_1__vp5__ann113__ch0.jpg,inner_mirror,5,vp5/run1_2018-05-22-15-10-41.ids_1,113,0,eating,drink,test,43732
inner_mirror__run1_2018-05-30-13-05-35.ids_1__vp15__ann21__ch0.jpg,inner_mirror,15,vp15/run1_2018-05-30-13-05-35.ids_1,21,0,closing_bottle,drink,val,10024
inner_mirror__run1_2018-05-22-15-10-41.ids_1__vp5__ann49__ch21.jpg,inner_mirror,5,vp5/run1_2018-05-22-15-10-41.ids_1,49,21,eating,drink,test,22866
inner_mirror__run1d_2018-05-23-14-54-38.ids_1__vp8__ann78__ch19.jpg,inner_mirror,8,vp8/run1d_2018-05-23-14-54-38.ids_1,78,19,eating,drink,train,38932
inner_mirror__run1_2018-05-23-13-16-52.ids_1__vp7__ann60__ch6.jpg,inner_mirror,7,vp7/run1_2018-05-23-13-16-52.ids_1,60,6,eating,drink,train,20178
inner_mirror__run1_2018-05-23-13-16-52.ids_1__vp7__ann81__ch15.jpg,inner_mirror,7,vp7/run1_2018-05-23-13-16-52.ids_1,81,15,eating,drink,train,26047
inner_mirror__run1_2018-05-23-10-21-45.ids_1__vp6__ann91__ch0.jpg,inner_mirror,6,vp6/run1_2018-05-23-10-21-45.ids_1,91,0,closing_bottle,drink,train,46549
inner_mirror__run2_2018-05-30-10-42-33.ids_1__vp14__ann100__ch2.jpg,inner_mirror,14,vp14/run2_2018-05-30-10-42-33.ids_1,100,2,drinking,drink,val,40050
inner_mirror__run1b_2018-05-29-14-02-47.ids_1__vp1__ann54__ch1.jpg,inner_mirror,1,vp1/run1b_2018-05-29-14-02-47.ids_1,54,1,opening_bottle,drink,train,16695
inner_mirror__run1_2018-05-23-10-21-45.ids_1__vp6__ann78__ch10.jpg,inner_mirror,6,vp6/run1_2018-05-23-10-21-45.ids_1,78,10,eating,drink,train,40639
inner_mirror__run2_2018-05-22-14-25-04.ids_1__vp4__ann11__ch2.jpg,inner_mirror,4,vp4/run2_2018-05-22-14-25-04.ids_1,11,2,eating,drink,train,11963
inner_mirror__run1b_2018-05-08-08-46-01.ids_1__vp3__ann80__ch0.jpg,inner_mirror,3,vp3/run1b_2018-05-08-08-46-01.ids_1,80,0,eating,drink,train,32068
inner_mirror__run1_2018-05-22-13-28-51.ids_1__vp4__ann26__ch2.jpg,inner_mirror,4,vp4/run1_2018-05-22-13-28-51.ids_1,26,2,eating,drink,train,16753
inner_mirror__run1_2018-05-24-15-44-28.ids_1__vp12__ann40__ch5.jpg,inner_mirror,12,vp12/run1_2018-05-24-15-44-28.ids_1,40,5,eating,drink,train,18317
inner_mirror__run2_2018-05-24-14-35-56.ids_1__vp11__ann70__ch5.jpg,inner_mirror,11,vp11/run2_2018-05-24-14-35-56.ids_1,70,5,eating,drink,test,17674
inner_mirror__run2_2018-05-23-11-05-00.ids_1__vp6__ann30__ch1.jpg,inner_mirror,6,vp6/run2_2018-05-23-11-05-00.ids_1,30,1,eating,drink,train,14901
inner_mirror__run1_2018-05-29-15-21-10.ids_1__vp13__ann39__ch9.jpg,inner_mirror,13,vp13/run1_2018-05-29-15-21-10.ids_1,39,9,eating,drink,test,22513
inner_mirror__run2_2018-05-24-14-08-46.ids_1__vp10__ann89__ch2.jpg,inner_mirror,10,vp10/run2_2018-05-24-14-08-46.ids_1,89,2,preparing_food,drink,train,32908
inner_mirror__run2_2018-05-24-14-35-56.ids_1__vp11__ann70__ch10.jpg,inner_mirror,11,vp11/run2_2018-05-24-14-35-56.ids_1,70,10,eating,drink,test,18083
inner_mirror__run1_2018-05-30-10-11-09.ids_1__vp14__ann90__ch8.jpg,inner_mirror,14,vp14/run1_2018-05-30-10-11-09.ids_1,90,8,eating,drink,val,38887
inner_mirror__run1_2018-05-29-15-21-10.ids_1__vp13__ann47__ch0.jpg,inner_mirror,13,vp13/run1_2018-05-29-15-21-10.ids_1,47,0,closing_bottle,drink,test,25384
inner_mirror__run1b_2018-05-23-16-19-17.ids_1__vp9__ann26__ch0.jpg,inner_mirror,9,vp9/run1b_2018-05-23-16-19-17.ids_1,26,0,eating,drink,train,10106
inner_mirror__run1_2018-05-22-15-10-41.ids_1__vp5__ann105__ch0.jpg,inner_mirror,5,vp5/run1_2018-05-22-15-10-41.ids_1,105,0,eating,drink,test,41075
inner_mirror__run2_2018-05-29-14-33-44.ids_1__vp1__ann41__ch1.jpg,inner_mirror,1,vp1/run2_2018-05-29-14-33-44.ids_1,41,1,eating,drink,train,19932
inner_mirror__run1b_2018-05-08-08-46-01.ids_1__vp3__ann70__ch2.jpg,inner_mirror,3,vp3/run1b_2018-05-08-08-46-01.ids_1,70,2,eating,drink,train,30439
inner_mirror__run2_2018-05-24-14-08-46.ids_1__vp10__ann89__ch0.jpg,inner_mirror,10,vp10/run2_2018-05-24-14-08-46.ids_1,89,0,preparing_food,drink,train,32759
inner_mirror__run1_2018-05-30-10-11-09.ids_1__vp14__ann16__ch1.jpg,inner_mirror,14,vp14/run1_2018-05-30-10-11-09.ids_1,16,1,eating,drink,val,10621
inner_mirror__run1_2018-05-24-13-44-01.ids_1__vp11__ann82__ch0.jpg,inner_mirror,11,vp11/run1_2018-05-24-13-44-01.ids_1,82,0,eating,drink,test,30964
inner_mirror__run2_2018-05-24-16-21-35.ids_1__vp12__ann85__ch9.jpg,inner_mirror,12,vp12/run2_2018-05-24-16-21-35.ids_1,85,9,eating,drink,train,34107
inner_mirror__run1_2018-05-24-13-44-01.ids_1__vp11__ann95__ch0.jpg,inner_mirror,11,vp11/run1_2018-05-24-13-44-01.ids_1,95,0,eating,drink,test,32838
inner_mirror__run2_2018-05-23-15-30-27.ids_1__vp8__ann69__ch4.jpg,inner_mirror,8,vp8/run2_2018-05-23-15-30-27.ids_1,69,4,eating,drink,train,20921
inner_mirror__run2_2018-05-23-15-30-27.ids_1__vp8__ann26__ch6.jpg,inner_mirror,8,vp8/run2_2018-05-23-15-30-27.ids_1,26,6,eating,drink,train,10023
inner_mirror__run1_2018-05-23-10-21-45.ids_1__vp6__ann89__ch1.jpg,inner_mirror,6,vp6/run1_2018-05-23-10-21-45.ids_1,89,1,opening_bottle,drink,train,46320
inner_mirror__run1_2018-05-23-10-21-45.ids_1__vp6__ann80__ch1.jpg,inner_mirror,6,vp6/run1_2018-05-23-10-21-45.ids_1,80,1,eating,drink,train,40889
inner_mirror__run1_2018-05-22-15-10-41.ids_1__vp5__ann121__ch4.jpg,inner_mirror,5,vp5/run1_2018-05-22-15-10-41.ids_1,121,4,eating,drink,test,45117
inner_mirror__run1_2018-05-30-10-11-09.ids_1__vp14__ann90__ch32.jpg,inner_mirror,14,vp14/run1_2018-05-30-10-11-09.ids_1,90,32,eating,drink,val,41047
inner_mirror__run1_2018-05-29-15-21-10.ids_1__vp13__ann46__ch4.jpg,inner_mirror,13,vp13/run1_2018-05-29-15-21-10.ids_1,46,4,drinking,drink,test,25336
inner_mirror__run1d_2018-05-23-14-54-38.ids_1__vp8__ann58__ch22.jpg,inner_mirror,8,vp8/run1d_2018-05-23-14-54-38.ids_1,58,22,eating,drink,train,31035
inner_mirror__run1_2018-05-22-15-10-41.ids_1__vp5__ann51__ch0.jpg,inner_mirror,5,vp5/run1_2018-05-22-15-10-41.ids_1,51,0,eating,drink,test,24122
inner_mirror__run2_2018-05-24-16-21-35.ids_1__vp12__ann28__ch0.jpg,inner_mirror,12,vp12/run2_2018-05-24-16-21-35.ids_1,28,0,closing_bottle,drink,train,12972
inner_mirror__run2b_2018-05-23-13-54-07.ids_1__vp7__ann36__ch0.jpg,inner_mirror,7,vp7/run2b_2018-05-23-13-54-07.ids_1,36,0,opening_bottle,drink,train,14333
inner_mirror__run1_2018-05-24-15-44-28.ids_1__vp12__ann42__ch12.jpg,inner_mirror,12,vp12/run1_2018-05-24-15-44-28.ids_1,42,12,eating,drink,train,19519
inner_mirror__run1_2018-05-24-13-14-41.ids_1__vp10__ann96__ch0.jpg,inner_mirror,10,vp10/run1_2018-05-24-13-14-41.ids_1,96,0,eating,drink,train,34018
inner_mirror__run1_2018-05-24-13-14-41.ids_1__vp10__ann90__ch7.jpg,inner_mirror,10,vp10/run1_2018-05-24-13-14-41.ids_1,90,7,eating,drink,train,29604
inner_mirror__run1b_2018-05-23-16-19-17.ids_1__vp9__ann25__ch1.jpg,inner_mirror,9,vp9/run1b_2018-05-23-16-19-17.ids_1,25,1,preparing_food,drink,train,10044
inner_mirror__run1b_2018-05-23-16-19-17.ids_1__vp9__ann14__ch0.jpg,inner_mirror,9,vp9/run1b_2018-05-23-16-19-17.ids_1,14,0,closing_bottle,drink,train,8358
inner_mirror__run1_2018-05-22-15-10-41.ids_1__vp5__ann49__ch4.jpg,inner_mirror,5,vp5/run1_2018-05-22-15-10-41.ids_1,49,4,eating,drink,test,21336
inner_mirror__run2_2018-05-24-16-21-35.ids_1__vp12__ann89__ch1.jpg,inner_mirror,12,vp12/run2_2018-05-24-16-21-35.ids_1,89,1,closing_bottle,drink,train,35712
inner_mirror__run1_2018-05-30-13-05-35.ids_1__vp15__ann18__ch5.jpg,inner_mirror,15,vp15/run1_2018-05-30-13-05-35.ids_1,18,5,eating,drink,val,9611
inner_mirror__run1d_2018-05-23-14-54-38.ids_1__vp8__ann58__ch24.jpg,inner_mirror,8,vp8/run1d_2018-05-23-14-54-38.ids_1,58,24,eating,drink,train,31215
inner_mirror__run2_2018-05-22-14-25-04.ids_1__vp4__ann9__ch0.jpg,inner_mirror,4,vp4/run2_2018-05-22-14-25-04.ids_1,9,0,eating,drink,train,11304
inner_mirror__run1_2018-05-23-13-16-52.ids_1__vp7__ann85__ch2.jpg,inner_mirror,7,vp7/run1_2018-05-23-13-16-52.ids_1,85,2,closing_bottle,drink,train,27592
inner_mirror__run1b_2018-05-08-08-46-01.ids_1__vp3__ann80__ch9.jpg,inner_mirror,3,vp3/run1b_2018-05-08-08-46-01.ids_1,80,9,eating,drink,train,32878
inner_mirror__run1_2018-05-23-10-21-45.ids_1__vp6__ann76__ch0.jpg,inner_mirror,6,vp6/run1_2018-05-23-10-21-45.ids_1,76,0,preparing_food,drink,train,39352
inner_mirror__run1b_2018-05-29-14-02-47.ids_1__vp1__ann50__ch4.jpg,inner_mirror,1,vp1/run1b_2018-05-29-14-02-47.ids_1,50,4,eating,drink,train,15539
inner_mirror__run1_2018-05-30-13-05-35.ids_1__vp15__ann77__ch0.jpg,inner_mirror,15,vp15/run1_2018-05-30-13-05-35.ids_1,77,0,opening_bottle,drink,val,20142
inner_mirror__run1_2018-05-24-13-14-41.ids_1__vp10__ann90__ch14.jpg,inner_mirror,10,vp10/run1_2018-05-24-13-14-41.ids_1,90,14,eating,drink,train,30234
inner_mirror__run2_2018-05-24-16-21-35.ids_1__vp12__ann17__ch11.jpg,inner_mirror,12,vp12/run2_2018-05-24-16-21-35.ids_1,17,11,eating,drink,train,10169
inner_mirror__run2_2018-05-30-10-42-33.ids_1__vp14__ann93__ch16.jpg,inner_mirror,14,vp14/run2_2018-05-30-10-42-33.ids_1,93,16,eating,drink,val,35795
inner_mirror__run1_2018-05-22-15-10-41.ids_1__vp5__ann49__ch16.jpg,inner_mirror,5,vp5/run1_2018-05-22-15-10-41.ids_1,49,16,eating,drink,test,22416
inner_mirror__run1_2018-05-29-15-21-10.ids_1__vp13__ann46__ch1.jpg,inner_mirror,13,vp13/run1_2018-05-29-15-21-10.ids_1,46,1,drinking,drink,test,25109
inner_mirror__run1_2018-05-24-13-44-01.ids_1__vp11__ann108__ch5.jpg,inner_mirror,11,vp11/run1_2018-05-24-13-44-01.ids_1,108,5,eating,drink,test,35999
inner_mirror__run2_2018-05-24-14-35-56.ids_1__vp11__ann77__ch7.jpg,inner_mirror,11,vp11/run2_2018-05-24-14-35-56.ids_1,77,7,eating,drink,test,19390
inner_mirror__run2_2018-05-24-16-21-35.ids_1__vp12__ann85__ch11.jpg,inner_mirror,12,vp12/run2_2018-05-24-16-21-35.ids_1,85,11,eating,drink,train,34287
inner_mirror__run2_2018-05-22-14-25-04.ids_1__vp4__ann104__ch5.jpg,inner_mirror,4,vp4/run2_2018-05-22-14-25-04.ids_1,104,5,eating,drink,train,48804
inner_mirror__run2_2018-05-23-15-30-27.ids_1__vp8__ann16__ch0.jpg,inner_mirror,8,vp8/run2_2018-05-23-15-30-27.ids_1,16,0,eating,drink,train,7432
inner_mirror__run2_2018-05-24-16-21-35.ids_1__vp12__ann104__ch0.jpg,inner_mirror,12,vp12/run2_2018-05-24-16-21-35.ids_1,104,0,closing_bottle,drink,train,41376
inner_mirror__run1_2018-05-29-15-21-10.ids_1__vp13__ann39__ch15.jpg,inner_mirror,13,vp13/run1_2018-05-29-15-21-10.ids_1,39,15,eating,drink,test,23045
inner_mirror__run1b_2018-05-23-16-19-17.ids_1__vp9__ann92__ch1.jpg,inner_mirror,9,vp9/run1b_2018-05-23-16-19-17.ids_1,92,1,closing_bottle,drink,train,23660
inner_mirror__run2_2018-05-23-15-30-27.ids_1__vp8__ann16__ch2.jpg,inner_mirror,8,vp8/run2_2018-05-23-15-30-27.ids_1,16,2,eating,drink,train,7612
inner_mirror__run1d_2018-05-23-14-54-38.ids_1__vp8__ann58__ch34.jpg,inner_mirror,8,vp8/run1d_2018-05-23-14-54-38.ids_1,58,34,eating,drink,train,32072
inner_mirror__run1_2018-05-22-15-10-41.ids_1__vp5__ann33__ch0.jpg,inner_mirror,5,vp5/run1_2018-05-22-15-10-41.ids_1,33,0,opening_bottle,drink,test,17934
inner_mirror__run1_2018-05-22-15-10-41.ids_1__vp5__ann127__ch2.jpg,inner_mirror,5,vp5/run1_2018-05-22-15-10-41.ids_1,127,2,eating,drink,test,47994
inner_mirror__run1_2018-05-24-13-44-01.ids_1__vp11__ann108__ch1.jpg,inner_mirror,11,vp11/run1_2018-05-24-13-44-01.ids_1,108,1,eating,drink,test,35639
inner_mirror__run2_2018-05-30-10-42-33.ids_1__vp14__ann88__ch0.jpg,inner_mirror,14,vp14/run2_2018-05-30-10-42-33.ids_1,88,0,eating,drink,val,33130
inner_mirror__run2_2018-05-29-14-33-44.ids_1__vp1__ann45__ch1.jpg,inner_mirror,1,vp1/run2_2018-05-29-14-33-44.ids_1,45,1,opening_bottle,drink,train,21077
inner_mirror__run1b_2018-05-29-14-02-47.ids_1__vp1__ann102__ch0.jpg,inner_mirror,1,vp1/run1b_2018-05-29-14-02-47.ids_1,102,0,preparing_food,drink,train,27197
inner_mirror__run1b_2018-05-08-08-46-01.ids_1__vp3__ann92__ch1.jpg,inner_mirror,3,vp3/run1b_2018-05-08-08-46-01.ids_1,92,1,drinking,drink,train,35486
inner_mirror__run2_2018-05-30-10-42-33.ids_1__vp14__ann93__ch39.jpg,inner_mirror,14,vp14/run2_2018-05-30-10-42-33.ids_1,93,39,eating,drink,val,37865
inner_mirror__run1_2018-05-22-13-28-51.ids_1__vp4__ann26__ch1.jpg,inner_mirror,4,vp4/run1_2018-05-22-13-28-51.ids_1,26,1,eating,drink,train,16663
inner_mirror__run1b_2018-05-23-16-19-17.ids_1__vp9__ann54__ch1.jpg,inner_mirror,9,vp9/run1b_2018-05-23-16-19-17.ids_1,54,1,eating,drink,train,17487
inner_mirror__run2_2018-05-24-16-21-35.ids_1__vp12__ann99__ch8.jpg,inner_mirror,12,vp12/run2_2018-05-24-16-21-35.ids_1,99,8,eating,drink,train,40017
inner_mirror__run2_2018-05-24-16-21-35.ids_1__vp12__ann27__ch1.jpg,inner_mirror,12,vp12/run2_2018-05-24-16-21-35.ids_1,27,1,drinking,drink,train,12478
inner_mirror__run1b_2018-05-08-08-46-01.ids_1__vp3__ann85__ch2.jpg,inner_mirror,3,vp3/run1b_2018-05-08-08-46-01.ids_1,85,2,drinking,drink,train,33939
inner_mirror__run1_2018-05-23-13-16-52.ids_1__vp7__ann81__ch0.jpg,inner_mirror,7,vp7/run1_2018-05-23-13-16-52.ids_1,81,0,eating,drink,train,24697
inner_mirror__run1_2018-05-23-13-16-52.ids_1__vp7__ann84__ch2.jpg,inner_mirror,7,vp7/run1_2018-05-23-13-16-52.ids_1,84,2,drinking,drink,train,27336
inner_mirror__run1_2018-05-24-15-44-28.ids_1__vp12__ann42__ch13.jpg,inner_mirror,12,vp12/run1_2018-05-24-15-44-28.ids_1,42,13,eating,drink,train,19609
inner_mirror__run1_2018-05-22-15-10-41.ids_1__vp5__ann49__ch20.jpg,inner_mirror,5,vp5/run1_2018-05-22-15-10-41.ids_1,49,20,eating,drink,test,22776
inner_mirror__run1_2018-05-30-10-11-09.ids_1__vp14__ann90__ch34.jpg,inner_mirror,14,vp14/run1_2018-05-30-10-11-09.ids_1,90,34,eating,drink,val,41227
inner_mirror__run1b_2018-05-08-08-46-01.ids_1__vp3__ann85__ch7.jpg,inner_mirror,3,vp3/run1b_2018-05-08-08-46-01.ids_1,85,7,drinking,drink,train,34358
inner_mirror__run1b_2018-05-29-14-02-47.ids_1__vp1__ann113__ch0.jpg,inner_mirror,1,vp1/run1b_2018-05-29-14-02-47.ids_1,113,0,opening_bottle,drink,train,29057
inner_mirror__run1_2018-05-24-13-44-01.ids_1__vp11__ann43__ch3.jpg,inner_mirror,11,vp11/run1_2018-05-24-13-44-01.ids_1,43,3,opening_bottle,drink,test,20290
inner_mirror__run2_2018-05-24-16-21-35.ids_1__vp12__ann99__ch6.jpg,inner_mirror,12,vp12/run2_2018-05-24-16-21-35.ids_1,99,6,eating,drink,train,39837
inner_mirror__run2_2018-05-24-16-21-35.ids_1__vp12__ann62__ch0.jpg,inner_mirror,12,vp12/run2_2018-05-24-16-21-35.ids_1,62,0,preparing_food,drink,train,23981
inner_mirror__run2_2018-05-30-10-42-33.ids_1__vp14__ann104__ch4.jpg,inner_mirror,14,vp14/run2_2018-05-30-10-42-33.ids_1,104,4,eating,drink,val,40759
inner_mirror__run1_2018-05-23-10-21-45.ids_1__vp6__ann78__ch7.jpg,inner_mirror,6,vp6/run1_2018-05-23-10-21-45.ids_1,78,7,eating,drink,train,40390
inner_mirror__run2_2018-05-24-16-21-35.ids_1__vp12__ann6__ch1.jpg,inner_mirror,12,vp12/run2_2018-05-24-16-21-35.ids_1,6,1,opening_bottle,drink,train,7564
inner_mirror__run1d_2018-05-23-14-54-38.ids_1__vp8__ann78__ch8.jpg,inner_mirror,8,vp8/run1d_2018-05-23-14-54-38.ids_1,78,8,eating,drink,train,37942
inner_mirror__run1_2018-05-22-13-28-51.ids_1__vp4__ann30__ch1.jpg,inner_mirror,4,vp4/run1_2018-05-22-13-28-51.ids_1,30,1,closing_bottle,drink,train,18094
inner_mirror__run2_2018-05-30-11-34-54.ids_1__vp13__ann48__ch1.jpg,inner_mirror,13,vp13/run2_2018-05-30-11-34-54.ids_1,48,1,eating,drink,test,21398
inner_mirror__run1b_2018-05-08-08-46-01.ids_1__vp3__ann75__ch0.jpg,inner_mirror,3,vp3/run1b_2018-05-08-08-46-01.ids_1,75,0,opening_bottle,drink,train,31627
inner_mirror__run1_2018-05-24-13-14-41.ids_1__vp10__ann96__ch2.jpg,inner_mirror,10,vp10/run1_2018-05-24-13-14-41.ids_1,96,2,eating,drink,train,34158
inner_mirror__run1_2018-05-30-10-11-09.ids_1__vp14__ann90__ch22.jpg,inner_mirror,14,vp14/run1_2018-05-30-10-11-09.ids_1,90,22,eating,drink,val,40147
inner_mirror__run1b_2018-05-29-14-02-47.ids_1__vp1__ann115__ch0.jpg,inner_mirror,1,vp1/run1b_2018-05-29-14-02-47.ids_1,115,0,closing_bottle,drink,train,29275
inner_mirror__run1d_2018-05-23-14-54-38.ids_1__vp8__ann58__ch1.jpg,inner_mirror,8,vp8/run1d_2018-05-23-14-54-38.ids_1,58,1,eating,drink,train,29145
inner_mirror__run1_2018-05-24-15-44-28.ids_1__vp12__ann69__ch0.jpg,inner_mirror,12,vp12/run1_2018-05-24-15-44-28.ids_1,69,0,opening_bottle,drink,train,31038
inner_mirror__run1_2018-05-30-13-05-35.ids_1__vp15__ann79__ch1.jpg,inner_mirror,15,vp15/run1_2018-05-30-13-05-35.ids_1,79,1,closing_bottle,drink,val,20522
inner_mirror__run2b_2018-05-22-15-50-07.ids_1__vp5__ann76__ch6.jpg,inner_mirror,5,vp5/run2b_2018-05-22-15-50-07.ids_1,76,6,eating,drink,test,28338
inner_mirror__run2_2018-05-30-11-34-54.ids_1__vp13__ann48__ch12.jpg,inner_mirror,13,vp13/run2_2018-05-30-11-34-54.ids_1,48,12,eating,drink,test,22388
inner_mirror__run2_2018-05-30-10-42-33.ids_1__vp14__ann93__ch18.jpg,inner_mirror,14,vp14/run2_2018-05-30-10-42-33.ids_1,93,18,eating,drink,val,35975
inner_mirror__run1_2018-05-23-10-21-45.ids_1__vp6__ann80__ch0.jpg,inner_mirror,6,vp6/run1_2018-05-23-10-21-45.ids_1,80,0,eating,drink,train,40799
inner_mirror__run1b_2018-05-29-14-02-47.ids_1__vp1__ann98__ch0.jpg,inner_mirror,1,vp1/run1b_2018-05-29-14-02-47.ids_1,98,0,opening_bottle,drink,train,26727
inner_mirror__run1_2018-05-24-13-14-41.ids_1__vp10__ann33__ch2.jpg,inner_mirror,10,vp10/run1_2018-05-24-13-14-41.ids_1,33,2,eating,drink,train,12379
inner_mirror__run2_2018-05-30-10-42-33.ids_1__vp14__ann93__ch15.jpg,inner_mirror,14,vp14/run2_2018-05-30-10-42-33.ids_1,93,15,eating,drink,val,35705
inner_mirror__run1_2018-05-30-13-05-35.ids_1__vp15__ann16__ch0.jpg,inner_mirror,15,vp15/run1_2018-05-30-13-05-35.ids_1,16,0,drinking,drink,val,8962
inner_mirror__run2_2018-05-23-11-05-00.ids_1__vp6__ann65__ch4.jpg,inner_mirror,6,vp6/run2_2018-05-23-11-05-00.ids_1,65,4,eating,drink,train,29948
inner_mirror__run2_2018-05-22-14-25-04.ids_1__vp4__ann104__ch6.jpg,inner_mirror,4,vp4/run2_2018-05-22-14-25-04.ids_1,104,6,eating,drink,train,48894
inner_mirror__run1d_2018-05-23-14-54-38.ids_1__vp8__ann78__ch18.jpg,inner_mirror,8,vp8/run1d_2018-05-23-14-54-38.ids_1,78,18,eating,drink,train,38842
inner_mirror__run2_2018-05-24-14-35-56.ids_1__vp11__ann44__ch0.jpg,inner_mirror,11,vp11/run2_2018-05-24-14-35-56.ids_1,44,0,opening_bottle,drink,test,12543
inner_mirror__run2_2018-05-24-16-21-35.ids_1__vp12__ann17__ch17.jpg,inner_mirror,12,vp12/run2_2018-05-24-16-21-35.ids_1,17,17,eating,drink,train,10708
inner_mirror__run1b_2018-05-08-08-46-01.ids_1__vp3__ann86__ch0.jpg,inner_mirror,3,vp3/run1b_2018-05-08-08-46-01.ids_1,86,0,closing_bottle,drink,train,34414
inner_mirror__run1_2018-05-24-13-44-01.ids_1__vp11__ann73__ch1.jpg,inner_mirror,11,vp11/run1_2018-05-24-13-44-01.ids_1,73,1,preparing_food,drink,test,29623
inner_mirror__run2_2018-05-30-10-42-33.ids_1__vp14__ann93__ch2.jpg,inner_mirror,14,vp14/run2_2018-05-30-10-42-33.ids_1,93,2,eating,drink,val,34535
inner_mirror__run2_2018-05-29-14-33-44.ids_1__vp1__ann40__ch1.jpg,inner_mirror,1,vp1/run2_2018-05-29-14-33-44.ids_1,40,1,preparing_food,drink,train,19785
inner_mirror__run2_2018-05-24-16-21-35.ids_1__vp12__ann89__ch2.jpg,inner_mirror,12,vp12/run2_2018-05-24-16-21-35.ids_1,89,2,closing_bottle,drink,train,35801
inner_mirror__run2_2018-05-24-16-21-35.ids_1__vp12__ann17__ch15.jpg,inner_mirror,12,vp12/run2_2018-05-24-16-21-35.ids_1,17,15,eating,drink,train,10529
inner_mirror__run2_2018-05-23-11-05-00.ids_1__vp6__ann35__ch1.jpg,inner_mirror,6,vp6/run2_2018-05-23-11-05-00.ids_1,35,1,closing_bottle,drink,train,17739
inner_mirror__run2b_2018-05-22-15-50-07.ids_1__vp5__ann66__ch1.jpg,inner_mirror,5,vp5/run2b_2018-05-22-15-50-07.ids_1,66,1,preparing_food,drink,test,26103
inner_mirror__run2_2018-05-29-14-33-44.ids_1__vp1__ann41__ch4.jpg,inner_mirror,1,vp1/run2_2018-05-29-14-33-44.ids_1,41,4,eating,drink,train,20202
inner_mirror__run1d_2018-05-23-14-54-38.ids_1__vp8__ann58__ch27.jpg,inner_mirror,8,vp8/run1d_2018-05-23-14-54-38.ids_1,58,27,eating,drink,train,31485
inner_mirror__run2_2018-05-30-10-42-33.ids_1__vp14__ann93__ch22.jpg,inner_mirror,14,vp14/run2_2018-05-30-10-42-33.ids_1,93,22,eating,drink,val,36335
inner_mirror__run1_2018-05-30-13-05-35.ids_1__vp15__ann18__ch4.jpg,inner_mirror,15,vp15/run1_2018-05-30-13-05-35.ids_1,18,4,eating,drink,val,9521
inner_mirror__run1_2018-05-22-15-10-41.ids_1__vp5__ann46__ch2.jpg,inner_mirror,5,vp5/run1_2018-05-22-15-10-41.ids_1,46,2,preparing_food,drink,test,20772
inner_mirror__run1_2018-05-24-15-44-28.ids_1__vp12__ann42__ch5.jpg,inner_mirror,12,vp12/run1_2018-05-24-15-44-28.ids_1,42,5,eating,drink,train,18889
inner_mirror__run2_2018-05-24-14-35-56.ids_1__vp11__ann15__ch2.jpg,inner_mirror,11,vp11/run2_2018-05-24-14-35-56.ids_1,15,2,closing_bottle,drink,test,6689
inner_mirror__run2_2018-05-30-11-34-54.ids_1__vp13__ann48__ch0.jpg,inner_mirror,13,vp13/run2_2018-05-30-11-34-54.ids_1,48,0,eating,drink,test,21308
inner_mirror__run1_2018-05-23-13-16-52.ids_1__vp7__ann15__ch1.jpg,inner_mirror,7,vp7/run1_2018-05-23-13-16-52.ids_1,15,1,opening_bottle,drink,train,9973
inner_mirror__run2_2018-05-23-11-05-00.ids_1__vp6__ann65__ch5.jpg,inner_mirror,6,vp6/run2_2018-05-23-11-05-00.ids_1,65,5,eating,drink,train,30016
inner_mirror__run2_2018-05-24-14-35-56.ids_1__vp11__ann70__ch6.jpg,inner_mirror,11,vp11/run2_2018-05-24-14-35-56.ids_1,70,6,eating,drink,test,17764
inner_mirror__run1b_2018-05-23-16-19-17.ids_1__vp9__ann75__ch4.jpg,inner_mirror,9,vp9/run1b_2018-05-23-16-19-17.ids_1,75,4,eating,drink,train,19755
inner_mirror__run1b_2018-05-23-16-19-17.ids_1__vp9__ann54__ch4.jpg,inner_mirror,9,vp9/run1b_2018-05-23-16-19-17.ids_1,54,4,eating,drink,train,17722
inner_mirror__run1_2018-05-23-13-16-52.ids_1__vp7__ann81__ch5.jpg,inner_mirror,7,vp7/run1_2018-05-23-13-16-52.ids_1,81,5,eating,drink,train,25147
inner_mirror__run2b_2018-05-22-15-50-07.ids_1__vp5__ann70__ch8.jpg,inner_mirror,5,vp5/run2b_2018-05-22-15-50-07.ids_1,70,8,eating,drink,test,27139
inner_mirror__run1_2018-05-24-13-14-41.ids_1__vp10__ann104__ch0.jpg,inner_mirror,10,vp10/run1_2018-05-24-13-14-41.ids_1,104,0,closing_bottle,drink,train,36920
inner_mirror__run2_2018-05-24-16-21-35.ids_1__vp12__ann27__ch5.jpg,inner_mirror,12,vp12/run2_2018-05-24-16-21-35.ids_1,27,5,drinking,drink,train,12838
inner_mirror__run1_2018-05-24-15-44-28.ids_1__vp12__ann71__ch0.jpg,inner_mirror,12,vp12/run1_2018-05-24-15-44-28.ids_1,71,0,closing_bottle,drink,train,31336
inner_mirror__run2_2018-05-24-17-22-26.ids_1__vp2__ann50__ch2.jpg,inner_mirror,2,vp2/run2_2018-05-24-17-22-26.ids_1,50,2,eating,drink,train,22828
inner_mirror__run2_2018-05-30-10-42-33.ids_1__vp14__ann78__ch1.jpg,inner_mirror,14,vp14/run2_2018-05-30-10-42-33.ids_1,78,1,eating,drink,val,30564
inner_mirror__run1b_2018-05-23-16-19-17.ids_1__vp9__ann32__ch2.jpg,inner_mirror,9,vp9/run1b_2018-05-23-16-19-17.ids_1,32,2,eating,drink,train,11954
inner_mirror__run2_2018-05-24-17-22-26.ids_1__vp2__ann50__ch6.jpg,inner_mirror,2,vp2/run2_2018-05-24-17-22-26.ids_1,50,6,eating,drink,train,23188
inner_mirror__run2_2018-05-29-16-03-37.ids_1__vp3__ann81__ch0.jpg,inner_mirror,3,vp3/run2_2018-05-29-16-03-37.ids_1,81,0,opening_bottle,drink,train,30630
inner_mirror__run1b_2018-05-08-08-46-01.ids_1__vp3__ann70__ch0.jpg,inner_mirror,3,vp3/run1b_2018-05-08-08-46-01.ids_1,70,0,eating,drink,train,30259
inner_mirror__run2_2018-05-29-14-33-44.ids_1__vp1__ann41__ch5.jpg,inner_mirror,1,vp1/run2_2018-05-29-14-33-44.ids_1,41,5,eating,drink,train,20292
inner_mirror__run2_2018-05-24-16-21-35.ids_1__vp12__ann64__ch5.jpg,inner_mirror,12,vp12/run2_2018-05-24-16-21-35.ids_1,64,5,eating,drink,train,24749
inner_mirror__run2_2018-05-23-15-30-27.ids_1__vp8__ann69__ch8.jpg,inner_mirror,8,vp8/run2_2018-05-23-15-30-27.ids_1,69,8,eating,drink,train,21281
inner_mirror__run1d_2018-05-23-14-54-38.ids_1__vp8__ann58__ch2.jpg,inner_mirror,8,vp8/run1d_2018-05-23-14-54-38.ids_1,58,2,eating,drink,train,29235
inner_mirror__run1_2018-05-23-13-16-52.ids_1__vp7__ann81__ch9.jpg,inner_mirror,7,vp7/run1_2018-05-23-13-16-52.ids_1,81,9,eating,drink,train,25507
inner_mirror__run2b_2018-05-22-15-50-07.ids_1__vp5__ann70__ch1.jpg,inner_mirror,5,vp5/run2b_2018-05-22-15-50-07.ids_1,70,1,eating,drink,test,26509
inner_mirror__run1_2018-05-30-13-05-35.ids_1__vp15__ann18__ch0.jpg,inner_mirror,15,vp15/run1_2018-05-30-13-05-35.ids_1,18,0,eating,drink,val,9161
inner_mirror__run2_2018-05-24-14-35-56.ids_1__vp11__ann70__ch2.jpg,inner_mirror,11,vp11/run2_2018-05-24-14-35-56.ids_1,70,2,eating,drink,test,17404
inner_mirror__run1d_2018-05-23-14-54-38.ids_1__vp8__ann78__ch13.jpg,inner_mirror,8,vp8/run1d_2018-05-23-14-54-38.ids_1,78,13,eating,drink,train,38392
inner_mirror__run1_2018-05-29-15-21-10.ids_1__vp13__ann39__ch10.jpg,inner_mirror,13,vp13/run1_2018-05-29-15-21-10.ids_1,39,10,eating,drink,test,22603
inner_mirror__run2_2018-05-29-14-33-44.ids_1__vp1__ann47__ch0.jpg,inner_mirror,1,vp1/run2_2018-05-29-14-33-44.ids_1,47,0,closing_bottle,drink,train,21567
inner_mirror__run1_2018-05-24-13-14-41.ids_1__vp10__ann90__ch9.jpg,inner_mirror,10,vp10/run1_2018-05-24-13-14-41.ids_1,90,9,eating,drink,train,29784
inner_mirror__run2_2018-05-30-10-42-33.ids_1__vp14__ann104__ch2.jpg,inner_mirror,14,vp14/run2_2018-05-30-10-42-33.ids_1,104,2,eating,drink,val,40579
inner_mirror__run1_2018-05-30-10-11-09.ids_1__vp14__ann20__ch1.jpg,inner_mirror,14,vp14/run1_2018-05-30-10-11-09.ids_1,20,1,drinking,drink,val,11777
inner_mirror__run1_2018-05-23-13-16-52.ids_1__vp7__ann60__ch2.jpg,inner_mirror,7,vp7/run1_2018-05-23-13-16-52.ids_1,60,2,eating,drink,train,19818
inner_mirror__run1_2018-05-30-10-11-09.ids_1__vp14__ann90__ch6.jpg,inner_mirror,14,vp14/run1_2018-05-30-10-11-09.ids_1,90,6,eating,drink,val,38707
inner_mirror__run1_2018-05-22-15-10-41.ids_1__vp5__ann51__ch2.jpg,inner_mirror,5,vp5/run1_2018-05-22-15-10-41.ids_1,51,2,eating,drink,test,24302
inner_mirror__run2b_2018-05-22-15-50-07.ids_1__vp5__ann70__ch9.jpg,inner_mirror,5,vp5/run2b_2018-05-22-15-50-07.ids_1,70,9,eating,drink,test,27201
inner_mirror__run2_2018-05-23-11-05-00.ids_1__vp6__ann30__ch10.jpg,inner_mirror,6,vp6/run2_2018-05-23-11-05-00.ids_1,30,10,eating,drink,train,15711
inner_mirror__run1b_2018-05-29-14-02-47.ids_1__vp1__ann100__ch1.jpg,inner_mirror,1,vp1/run1b_2018-05-29-14-02-47.ids_1,100,1,closing_bottle,drink,train,27047
inner_mirror__run1_2018-05-23-13-16-52.ids_1__vp7__ann11__ch6.jpg,inner_mirror,7,vp7/run1_2018-05-23-13-16-52.ids_1,11,6,eating,drink,train,9435
inner_mirror__run1_2018-05-22-15-10-41.ids_1__vp5__ann51__ch8.jpg,inner_mirror,5,vp5/run1_2018-05-22-15-10-41.ids_1,51,8,eating,drink,test,24842
inner_mirror__run2_2018-05-30-10-42-33.ids_1__vp14__ann12__ch0.jpg,inner_mirror,14,vp14/run2_2018-05-30-10-42-33.ids_1,12,0,closing_bottle,drink,val,7657
inner_mirror__run1b_2018-05-23-16-19-17.ids_1__vp9__ann36__ch4.jpg,inner_mirror,9,vp9/run1b_2018-05-23-16-19-17.ids_1,36,4,eating,drink,train,12834
inner_mirror__run1_2018-05-24-15-44-28.ids_1__vp12__ann40__ch2.jpg,inner_mirror,12,vp12/run1_2018-05-24-15-44-28.ids_1,40,2,eating,drink,train,18065
inner_mirror__run1_2018-05-29-15-21-10.ids_1__vp13__ann45__ch2.jpg,inner_mirror,13,vp13/run1_2018-05-29-15-21-10.ids_1,45,2,opening_bottle,drink,test,24728
inner_mirror__run1_2018-05-22-15-10-41.ids_1__vp5__ann53__ch1.jpg,inner_mirror,5,vp5/run1_2018-05-22-15-10-41.ids_1,53,1,eating,drink,test,25164
inner_mirror__run2_2018-05-24-17-22-26.ids_1__vp2__ann48__ch0.jpg,inner_mirror,2,vp2/run2_2018-05-24-17-22-26.ids_1,48,0,eating,drink,train,22350
inner_mirror__run2_2018-05-30-10-42-33.ids_1__vp14__ann78__ch6.jpg,inner_mirror,14,vp14/run2_2018-05-30-10-42-33.ids_1,78,6,eating,drink,val,31014
inner_mirror__run2_2018-05-30-13-34-33.ids_1__vp15__ann23__ch0.jpg,inner_mirror,15,vp15/run2_2018-05-30-13-34-33.ids_1,23,0,drinking,drink,val,11378
inner_mirror__run1_2018-05-23-13-16-52.ids_1__vp7__ann85__ch0.jpg,inner_mirror,7,vp7/run1_2018-05-23-13-16-52.ids_1,85,0,closing_bottle,drink,train,27417
inner_mirror__run2_2018-05-24-16-21-35.ids_1__vp12__ann89__ch0.jpg,inner_mirror,12,vp12/run2_2018-05-24-16-21-35.ids_1,89,0,closing_bottle,drink,train,35622
inner_mirror__run2_2018-05-24-17-22-26.ids_1__vp2__ann48__ch2.jpg,inner_mirror,2,vp2/run2_2018-05-24-17-22-26.ids_1,48,2,eating,drink,train,22527
inner_mirror__run1_2018-05-24-13-44-01.ids_1__vp11__ann32__ch9.jpg,inner_mirror,11,vp11/run1_2018-05-24-13-44-01.ids_1,32,9,talking_on_phone,phone,test,17674
inner_mirror__run2_2018-05-22-14-25-04.ids_1__vp4__ann80__ch3.jpg,inner_mirror,4,vp4/run2_2018-05-22-14-25-04.ids_1,80,3,talking_on_phone,phone,train,37318
inner_mirror__run2_2018-05-24-14-35-56.ids_1__vp11__ann55__ch0.jpg,inner_mirror,11,vp11/run2_2018-05-24-14-35-56.ids_1,55,0,interacting_with_phone,phone,test,13910
inner_mirror__run1_2018-05-30-10-11-09.ids_1__vp14__ann12__ch4.jpg,inner_mirror,14,vp14/run1_2018-05-30-10-11-09.ids_1,12,4,talking_on_phone,phone,val,8286
inner_mirror__run2_2018-05-30-13-34-33.ids_1__vp15__ann14__ch3.jpg,inner_mirror,15,vp15/run2_2018-05-30-13-34-33.ids_1,14,3,talking_on_phone,phone,val,8173
inner_mirror__run1_2018-05-23-13-16-52.ids_1__vp7__ann36__ch1.jpg,inner_mirror,7,vp7/run1_2018-05-23-13-16-52.ids_1,36,1,interacting_with_phone,phone,train,14563
inner_mirror__run1_2018-05-22-15-10-41.ids_1__vp5__ann81__ch4.jpg,inner_mirror,5,vp5/run1_2018-05-22-15-10-41.ids_1,81,4,talking_on_phone,phone,test,32976
inner_mirror__run2_2018-05-23-15-30-27.ids_1__vp8__ann38__ch1.jpg,inner_mirror,8,vp8/run2_2018-05-23-15-30-27.ids_1,38,1,talking_on_phone,phone,train,11959
inner_mirror__run2_2018-05-24-14-35-56.ids_1__vp11__ann56__ch0.jpg,inner_mirror,11,vp11/run2_2018-05-24-14-35-56.ids_1,56,0,talking_on_phone,phone,test,13987
inner_mirror__run1d_2018-05-23-14-54-38.ids_1__vp8__ann31__ch7.jpg,inner_mirror,8,vp8/run1d_2018-05-23-14-54-38.ids_1,31,7,talking_on_phone,phone,train,19643
inner_mirror__run1_2018-05-30-10-11-09.ids_1__vp14__ann12__ch5.jpg,inner_mirror,14,vp14/run1_2018-05-30-10-11-09.ids_1,12,5,talking_on_phone,phone,val,8376
inner_mirror__run1_2018-05-23-13-16-52.ids_1__vp7__ann69__ch1.jpg,inner_mirror,7,vp7/run1_2018-05-23-13-16-52.ids_1,69,1,interacting_with_phone,phone,train,22294
inner_mirror__run1_2018-05-22-13-28-51.ids_1__vp4__ann62__ch15.jpg,inner_mirror,4,vp4/run1_2018-05-22-13-28-51.ids_1,62,15,talking_on_phone,phone,train,35906
inner_mirror__run2_2018-05-24-14-08-46.ids_1__vp10__ann20__ch3.jpg,inner_mirror,10,vp10/run2_2018-05-24-14-08-46.ids_1,20,3,talking_on_phone,phone,train,10261
inner_mirror__run1d_2018-05-23-14-54-38.ids_1__vp8__ann31__ch8.jpg,inner_mirror,8,vp8/run1d_2018-05-23-14-54-38.ids_1,31,8,talking_on_phone,phone,train,19733
inner_mirror__run1_2018-05-24-13-14-41.ids_1__vp10__ann62__ch2.jpg,inner_mirror,10,vp10/run1_2018-05-24-13-14-41.ids_1,62,2,talking_on_phone,phone,train,20656
inner_mirror__run2_2018-05-30-13-34-33.ids_1__vp15__ann14__ch4.jpg,inner_mirror,15,vp15/run2_2018-05-30-13-34-33.ids_1,14,4,talking_on_phone,phone,val,8263
inner_mirror__run1b_2018-05-23-16-19-17.ids_1__vp9__ann101__ch17.jpg,inner_mirror,9,vp9/run1b_2018-05-23-16-19-17.ids_1,101,17,interacting_with_phone,phone,train,27987
inner_mirror__run1_2018-05-23-10-21-45.ids_1__vp6__ann95__ch2.jpg,inner_mirror,6,vp6/run1_2018-05-23-10-21-45.ids_1,95,2,talking_on_phone,phone,train,47612
inner_mirror__run2_2018-05-24-17-22-26.ids_1__vp2__ann82__ch10.jpg,inner_mirror,2,vp2/run2_2018-05-24-17-22-26.ids_1,82,10,talking_on_phone,phone,train,38685
inner_mirror__run1b_2018-05-08-08-46-01.ids_1__vp3__ann34__ch3.jpg,inner_mirror,3,vp3/run1b_2018-05-08-08-46-01.ids_1,34,3,interacting_with_phone,phone,train,18844
inner_mirror__run1_2018-05-24-15-44-28.ids_1__vp12__ann24__ch6.jpg,inner_mirror,12,vp12/run1_2018-05-24-15-44-28.ids_1,24,6,interacting_with_phone,phone,train,13282
inner_mirror__run2_2018-05-30-13-34-33.ids_1__vp15__ann14__ch2.jpg,inner_mirror,15,vp15/run2_2018-05-30-13-34-33.ids_1,14,2,talking_on_phone,phone,val,8083
inner_mirror__run1_2018-05-23-10-21-45.ids_1__vp6__ann47__ch8.jpg,inner_mirror,6,vp6/run1_2018-05-23-10-21-45.ids_1,47,8,interacting_with_phone,phone,train,25437
inner_mirror__run2_2018-05-29-14-33-44.ids_1__vp1__ann92__ch4.jpg,inner_mirror,1,vp1/run2_2018-05-29-14-33-44.ids_1,92,4,interacting_with_phone,phone,train,40607
inner_mirror__run1_2018-05-22-15-10-41.ids_1__vp5__ann81__ch13.jpg,inner_mirror,5,vp5/run1_2018-05-22-15-10-41.ids_1,81,13,talking_on_phone,phone,test,33786
inner_mirror__run2_2018-05-22-14-25-04.ids_1__vp4__ann96__ch0.jpg,inner_mirror,4,vp4/run2_2018-05-22-14-25-04.ids_1,96,0,interacting_with_phone,phone,train,46271
inner_mirror__run1b_2018-05-29-14-02-47.ids_1__vp1__ann20__ch2.jpg,inner_mirror,1,vp1/run1b_2018-05-29-14-02-47.ids_1,20,2,interacting_with_phone,phone,train,8301
inner_mirror__run1b_2018-05-29-14-02-47.ids_1__vp1__ann89__ch3.jpg,inner_mirror,1,vp1/run1b_2018-05-29-14-02-47.ids_1,89,3,talking_on_phone,phone,train,25455
inner_mirror__run1_2018-05-24-13-44-01.ids_1__vp11__ann103__ch6.jpg,inner_mirror,11,vp11/run1_2018-05-24-13-44-01.ids_1,103,6,interacting_with_phone,phone,test,35106
inner_mirror__run1d_2018-05-23-14-54-38.ids_1__vp8__ann23__ch5.jpg,inner_mirror,8,vp8/run1d_2018-05-23-14-54-38.ids_1,23,5,interacting_with_phone,phone,train,16187
inner_mirror__run1_2018-05-24-15-44-28.ids_1__vp12__ann87__ch9.jpg,inner_mirror,12,vp12/run1_2018-05-24-15-44-28.ids_1,87,9,talking_on_phone,phone,train,36943
inner_mirror__run2_2018-05-29-14-33-44.ids_1__vp1__ann67__ch3.jpg,inner_mirror,1,vp1/run2_2018-05-29-14-33-44.ids_1,67,3,talking_on_phone,phone,train,27115
inner_mirror__run2_2018-05-24-16-21-35.ids_1__vp12__ann54__ch1.jpg,inner_mirror,12,vp12/run2_2018-05-24-16-21-35.ids_1,54,1,talking_on_phone,phone,train,21246
inner_mirror__run1_2018-05-22-13-28-51.ids_1__vp4__ann80__ch3.jpg,inner_mirror,4,vp4/run1_2018-05-22-13-28-51.ids_1,80,3,interacting_with_phone,phone,train,40772
inner_mirror__run1_2018-05-22-13-28-51.ids_1__vp4__ann62__ch12.jpg,inner_mirror,4,vp4/run1_2018-05-22-13-28-51.ids_1,62,12,talking_on_phone,phone,train,35655
inner_mirror__run2_2018-05-30-10-42-33.ids_1__vp14__ann60__ch4.jpg,inner_mirror,14,vp14/run2_2018-05-30-10-42-33.ids_1,60,4,interacting_with_phone,phone,val,26262
inner_mirror__run1_2018-05-24-13-44-01.ids_1__vp11__ann103__ch3.jpg,inner_mirror,11,vp11/run1_2018-05-24-13-44-01.ids_1,103,3,interacting_with_phone,phone,test,34839
inner_mirror__run1b_2018-05-29-14-02-47.ids_1__vp1__ann20__ch9.jpg,inner_mirror,1,vp1/run1b_2018-05-29-14-02-47.ids_1,20,9,interacting_with_phone,phone,train,8931
inner_mirror__run2_2018-05-22-14-25-04.ids_1__vp4__ann54__ch4.jpg,inner_mirror,4,vp4/run2_2018-05-22-14-25-04.ids_1,54,4,interacting_with_phone,phone,train,29590
inner_mirror__run2_2018-05-24-14-08-46.ids_1__vp10__ann20__ch5.jpg,inner_mirror,10,vp10/run2_2018-05-24-14-08-46.ids_1,20,5,talking_on_phone,phone,train,10441
inner_mirror__run1_2018-05-29-15-21-10.ids_1__vp13__ann72__ch1.jpg,inner_mirror,13,vp13/run1_2018-05-29-15-21-10.ids_1,72,1,talking_on_phone,phone,test,32932
inner_mirror__run2_2018-05-23-15-30-27.ids_1__vp8__ann119__ch5.jpg,inner_mirror,8,vp8/run2_2018-05-23-15-30-27.ids_1,119,5,interacting_with_phone,phone,train,36766
inner_mirror__run2_2018-05-30-13-34-33.ids_1__vp15__ann14__ch11.jpg,inner_mirror,15,vp15/run2_2018-05-30-13-34-33.ids_1,14,11,talking_on_phone,phone,val,8893
inner_mirror__run2_2018-05-23-15-30-27.ids_1__vp8__ann38__ch8.jpg,inner_mirror,8,vp8/run2_2018-05-23-15-30-27.ids_1,38,8,talking_on_phone,phone,train,12589
inner_mirror__run1_2018-05-22-15-10-41.ids_1__vp5__ann82__ch1.jpg,inner_mirror,5,vp5/run1_2018-05-22-15-10-41.ids_1,82,1,interacting_with_phone,phone,test,33990
inner_mirror__run2_2018-05-24-17-22-26.ids_1__vp2__ann62__ch9.jpg,inner_mirror,2,vp2/run2_2018-05-24-17-22-26.ids_1,62,9,interacting_with_phone,phone,train,27370
inner_mirror__run1b_2018-05-29-14-02-47.ids_1__vp1__ann20__ch13.jpg,inner_mirror,1,vp1/run1b_2018-05-29-14-02-47.ids_1,20,13,interacting_with_phone,phone,train,9291
inner_mirror__run1b_2018-05-23-16-19-17.ids_1__vp9__ann101__ch14.jpg,inner_mirror,9,vp9/run1b_2018-05-23-16-19-17.ids_1,101,14,interacting_with_phone,phone,train,27717
inner_mirror__run2_2018-05-24-14-08-46.ids_1__vp10__ann115__ch8.jpg,inner_mirror,10,vp10/run2_2018-05-24-14-08-46.ids_1,115,8,interacting_with_phone,phone,train,38919
inner_mirror__run1_2018-05-22-15-10-41.ids_1__vp5__ann81__ch8.jpg,inner_mirror,5,vp5/run1_2018-05-22-15-10-41.ids_1,81,8,talking_on_phone,phone,test,33336
inner_mirror__run2_2018-05-24-14-35-56.ids_1__vp11__ann56__ch3.jpg,inner_mirror,11,vp11/run2_2018-05-24-14-35-56.ids_1,56,3,talking_on_phone,phone,test,14257
inner_mirror__run2_2018-05-29-14-33-44.ids_1__vp1__ann67__ch11.jpg,inner_mirror,1,vp1/run2_2018-05-29-14-33-44.ids_1,67,11,talking_on_phone,phone,train,27835
inner_mirror__run2_2018-05-30-13-34-33.ids_1__vp15__ann14__ch10.jpg,inner_mirror,15,vp15/run2_2018-05-30-13-34-33.ids_1,14,10,talking_on_phone,phone,val,8803
inner_mirror__run1_2018-05-24-15-44-28.ids_1__vp12__ann87__ch13.jpg,inner_mirror,12,vp12/run1_2018-05-24-15-44-28.ids_1,87,13,talking_on_phone,phone,train,37302
inner_mirror__run2_2018-05-29-16-03-37.ids_1__vp3__ann33__ch5.jpg,inner_mirror,3,vp3/run2_2018-05-29-16-03-37.ids_1,33,5,interacting_with_phone,phone,train,16584
inner_mirror__run1_2018-05-24-13-14-41.ids_1__vp10__ann62__ch4.jpg,inner_mirror,10,vp10/run1_2018-05-24-13-14-41.ids_1,62,4,talking_on_phone,phone,train,20836
inner_mirror__run2_2018-05-23-11-05-00.ids_1__vp6__ann74__ch8.jpg,inner_mirror,6,vp6/run2_2018-05-23-11-05-00.ids_1,74,8,interacting_with_phone,phone,train,33032
inner_mirror__run2_2018-05-29-16-03-37.ids_1__vp3__ann46__ch4.jpg,inner_mirror,3,vp3/run2_2018-05-29-16-03-37.ids_1,46,4,talking_on_phone,phone,train,20803
inner_mirror__run1b_2018-05-08-08-46-01.ids_1__vp3__ann45__ch3.jpg,inner_mirror,3,vp3/run1b_2018-05-08-08-46-01.ids_1,45,3,talking_on_phone,phone,train,21925
inner_mirror__run1b_2018-05-23-16-19-17.ids_1__vp9__ann101__ch15.jpg,inner_mirror,9,vp9/run1b_2018-05-23-16-19-17.ids_1,101,15,interacting_with_phone,phone,train,27807
inner_mirror__run2_2018-05-24-17-22-26.ids_1__vp2__ann79__ch0.jpg,inner_mirror,2,vp2/run2_2018-05-24-17-22-26.ids_1,79,0,interacting_with_phone,phone,train,37367
inner_mirror__run1_2018-05-03-14-08-31.ids_1__vp2__ann21__ch2.jpg,inner_mirror,2,vp2/run1_2018-05-03-14-08-31.ids_1,21,2,interacting_with_phone,phone,train,15462
inner_mirror__run2b_2018-05-23-13-54-07.ids_1__vp7__ann79__ch4.jpg,inner_mirror,7,vp7/run2b_2018-05-23-13-54-07.ids_1,79,4,talking_on_phone,phone,train,23273
inner_mirror__run1_2018-05-24-15-44-28.ids_1__vp12__ann87__ch10.jpg,inner_mirror,12,vp12/run1_2018-05-24-15-44-28.ids_1,87,10,talking_on_phone,phone,train,37033
inner_mirror__run2_2018-05-24-17-22-26.ids_1__vp2__ann82__ch6.jpg,inner_mirror,2,vp2/run2_2018-05-24-17-22-26.ids_1,82,6,talking_on_phone,phone,train,38325
inner_mirror__run2_2018-05-23-15-30-27.ids_1__vp8__ann38__ch4.jpg,inner_mirror,8,vp8/run2_2018-05-23-15-30-27.ids_1,38,4,talking_on_phone,phone,train,12229
inner_mirror__run1b_2018-05-23-16-19-17.ids_1__vp9__ann101__ch16.jpg,inner_mirror,9,vp9/run1b_2018-05-23-16-19-17.ids_1,101,16,interacting_with_phone,phone,train,27897
inner_mirror__run1_2018-05-03-14-08-31.ids_1__vp2__ann59__ch10.jpg,inner_mirror,2,vp2/run1_2018-05-03-14-08-31.ids_1,59,10,interacting_with_phone,phone,train,36183
inner_mirror__run1_2018-05-23-13-16-52.ids_1__vp7__ann38__ch2.jpg,inner_mirror,7,vp7/run1_2018-05-23-13-16-52.ids_1,38,2,interacting_with_phone,phone,train,15053
inner_mirror__run2_2018-05-24-14-08-46.ids_1__vp10__ann19__ch2.jpg,inner_mirror,10,vp10/run2_2018-05-24-14-08-46.ids_1,19,2,interacting_with_phone,phone,train,9587
inner_mirror__run1_2018-05-22-13-28-51.ids_1__vp4__ann80__ch7.jpg,inner_mirror,4,vp4/run1_2018-05-22-13-28-51.ids_1,80,7,interacting_with_phone,phone,train,41132
inner_mirror__run2b_2018-05-23-13-54-07.ids_1__vp7__ann78__ch0.jpg,inner_mirror,7,vp7/run2b_2018-05-23-13-54-07.ids_1,78,0,interacting_with_phone,phone,train,22848
inner_mirror__run1_2018-05-30-13-05-35.ids_1__vp15__ann101__ch2.jpg,inner_mirror,15,vp15/run1_2018-05-30-13-05-35.ids_1,101,2,talking_on_phone,phone,val,31501
inner_mirror__run2_2018-05-23-15-30-27.ids_1__vp8__ann119__ch9.jpg,inner_mirror,8,vp8/run2_2018-05-23-15-30-27.ids_1,119,9,interacting_with_phone,phone,train,37126
inner_mirror__run2_2018-05-24-17-22-26.ids_1__vp2__ann82__ch1.jpg,inner_mirror,2,vp2/run2_2018-05-24-17-22-26.ids_1,82,1,talking_on_phone,phone,train,37875
inner_mirror__run1_2018-05-23-10-21-45.ids_1__vp6__ann95__ch3.jpg,inner_mirror,6,vp6/run1_2018-05-23-10-21-45.ids_1,95,3,talking_on_phone,phone,train,47702
inner_mirror__run1_2018-05-24-13-44-01.ids_1__vp11__ann103__ch4.jpg,inner_mirror,11,vp11/run1_2018-05-24-13-44-01.ids_1,103,4,interacting_with_phone,phone,test,34929
inner_mirror__run1_2018-05-30-10-11-09.ids_1__vp14__ann71__ch0.jpg,inner_mirror,14,vp14/run1_2018-05-30-10-11-09.ids_1,71,0,interacting_with_phone,phone,val,26419
inner_mirror__run1d_2018-05-23-14-54-38.ids_1__vp8__ann23__ch7.jpg,inner_mirror,8,vp8/run1d_2018-05-23-14-54-38.ids_1,23,7,interacting_with_phone,phone,train,16367
inner_mirror__run1_2018-05-30-10-11-09.ids_1__vp14__ann63__ch1.jpg,inner_mirror,14,vp14/run1_2018-05-30-10-11-09.ids_1,63,1,interacting_with_phone,phone,val,25236
inner_mirror__run2_2018-05-24-14-08-46.ids_1__vp10__ann115__ch13.jpg,inner_mirror,10,vp10/run2_2018-05-24-14-08-46.ids_1,115,13,interacting_with_phone,phone,train,39369
inner_mirror__run2_2018-05-24-17-22-26.ids_1__vp2__ann82__ch7.jpg,inner_mirror,2,vp2/run2_2018-05-24-17-22-26.ids_1,82,7,talking_on_phone,phone,train,38415
inner_mirror__run2_2018-05-29-14-33-44.ids_1__vp1__ann67__ch0.jpg,inner_mirror,1,vp1/run2_2018-05-29-14-33-44.ids_1,67,0,talking_on_phone,phone,train,26845
inner_mirror__run2_2018-05-30-11-34-54.ids_1__vp13__ann33__ch11.jpg,inner_mirror,13,vp13/run2_2018-05-30-11-34-54.ids_1,33,11,interacting_with_phone,phone,test,16881
inner_mirror__run1b_2018-05-29-14-02-47.ids_1__vp1__ann20__ch4.jpg,inner_mirror,1,vp1/run1b_2018-05-29-14-02-47.ids_1,20,4,interacting_with_phone,phone,train,8481
inner_mirror__run1_2018-05-24-15-44-28.ids_1__vp12__ann87__ch5.jpg,inner_mirror,12,vp12/run1_2018-05-24-15-44-28.ids_1,87,5,talking_on_phone,phone,train,36583
inner_mirror__run2_2018-05-30-10-42-33.ids_1__vp14__ann37__ch11.jpg,inner_mirror,14,vp14/run2_2018-05-30-10-42-33.ids_1,37,11,talking_on_phone,phone,val,18011
inner_mirror__run2_2018-05-30-11-34-54.ids_1__vp13__ann33__ch12.jpg,inner_mirror,13,vp13/run2_2018-05-30-11-34-54.ids_1,33,12,interacting_with_phone,phone,test,16955
inner_mirror__run1b_2018-05-29-14-02-47.ids_1__vp1__ann20__ch7.jpg,inner_mirror,1,vp1/run1b_2018-05-29-14-02-47.ids_1,20,7,interacting_with_phone,phone,train,8751
inner_mirror__run1_2018-05-29-15-21-10.ids_1__vp13__ann72__ch10.jpg,inner_mirror,13,vp13/run1_2018-05-29-15-21-10.ids_1,72,10,talking_on_phone,phone,test,33742
inner_mirror__run2b_2018-05-23-13-54-07.ids_1__vp7__ann44__ch1.jpg,inner_mirror,7,vp7/run2b_2018-05-23-13-54-07.ids_1,44,1,interacting_with_phone,phone,train,16927
inner_mirror__run2_2018-05-30-10-42-33.ids_1__vp14__ann108__ch6.jpg,inner_mirror,14,vp14/run2_2018-05-30-10-42-33.ids_1,108,6,interacting_with_phone,phone,val,42365
inner_mirror__run1_2018-05-24-13-14-41.ids_1__vp10__ann72__ch0.jpg,inner_mirror,10,vp10/run1_2018-05-24-13-14-41.ids_1,72,0,interacting_with_phone,phone,train,24475
inner_mirror__run2_2018-05-30-10-42-33.ids_1__vp14__ann37__ch12.jpg,inner_mirror,14,vp14/run2_2018-05-30-10-42-33.ids_1,37,12,talking_on_phone,phone,val,18101
inner_mirror__run1_2018-05-22-13-28-51.ids_1__vp4__ann62__ch5.jpg,inner_mirror,4,vp4/run1_2018-05-22-13-28-51.ids_1,62,5,talking_on_phone,phone,train,35025
inner_mirror__run2_2018-05-24-14-08-46.ids_1__vp10__ann20__ch1.jpg,inner_mirror,10,vp10/run2_2018-05-24-14-08-46.ids_1,20,1,talking_on_phone,phone,train,10081
inner_mirror__run1_2018-05-23-13-16-52.ids_1__vp7__ann69__ch4.jpg,inner_mirror,7,vp7/run1_2018-05-23-13-16-52.ids_1,69,4,interacting_with_phone,phone,train,22564
inner_mirror__run2_2018-05-29-14-33-44.ids_1__vp1__ann67__ch5.jpg,inner_mirror,1,vp1/run2_2018-05-29-14-33-44.ids_1,67,5,talking_on_phone,phone,train,27295
inner_mirror__run1_2018-05-24-15-44-28.ids_1__vp12__ann87__ch1.jpg,inner_mirror,12,vp12/run1_2018-05-24-15-44-28.ids_1,87,1,talking_on_phone,phone,train,36223
inner_mirror__run2_2018-05-23-15-30-27.ids_1__vp8__ann38__ch6.jpg,inner_mirror,8,vp8/run2_2018-05-23-15-30-27.ids_1,38,6,talking_on_phone,phone,train,12409
inner_mirror__run2b_2018-05-22-15-50-07.ids_1__vp5__ann35__ch8.jpg,inner_mirror,5,vp5/run2b_2018-05-22-15-50-07.ids_1,35,8,talking_on_phone,phone,test,12437
inner_mirror__run2_2018-05-30-11-34-54.ids_1__vp13__ann39__ch4.jpg,inner_mirror,13,vp13/run2_2018-05-30-11-34-54.ids_1,39,4,talking_on_phone,phone,test,18717
inner_mirror__run1_2018-05-22-13-28-51.ids_1__vp4__ann80__ch19.jpg,inner_mirror,4,vp4/run1_2018-05-22-13-28-51.ids_1,80,19,interacting_with_phone,phone,train,42212
inner_mirror__run2b_2018-05-22-15-50-07.ids_1__vp5__ann34__ch0.jpg,inner_mirror,5,vp5/run2b_2018-05-22-15-50-07.ids_1,34,0,interacting_with_phone,phone,test,11608
inner_mirror__run1_2018-05-22-15-10-41.ids_1__vp5__ann81__ch9.jpg,inner_mirror,5,vp5/run1_2018-05-22-15-10-41.ids_1,81,9,talking_on_phone,phone,test,33426
inner_mirror__run1b_2018-05-23-16-19-17.ids_1__vp9__ann101__ch20.jpg,inner_mirror,9,vp9/run1b_2018-05-23-16-19-17.ids_1,101,20,interacting_with_phone,phone,train,28257
inner_mirror__run1_2018-05-22-13-28-51.ids_1__vp4__ann80__ch12.jpg,inner_mirror,4,vp4/run1_2018-05-22-13-28-51.ids_1,80,12,interacting_with_phone,phone,train,41582
inner_mirror__run2_2018-05-30-13-34-33.ids_1__vp15__ann46__ch1.jpg,inner_mirror,15,vp15/run2_2018-05-30-13-34-33.ids_1,46,1,interacting_with_phone,phone,val,14671
inner_mirror__run1b_2018-05-23-16-19-17.ids_1__vp9__ann101__ch13.jpg,inner_mirror,9,vp9/run1b_2018-05-23-16-19-17.ids_1,101,13,interacting_with_phone,phone,train,27627
inner_mirror__run1b_2018-05-23-16-19-17.ids_1__vp9__ann101__ch22.jpg,inner_mirror,9,vp9/run1b_2018-05-23-16-19-17.ids_1,101,22,interacting_with_phone,phone,train,28400
inner_mirror__run1_2018-05-24-15-44-28.ids_1__vp12__ann87__ch6.jpg,inner_mirror,12,vp12/run1_2018-05-24-15-44-28.ids_1,87,6,talking_on_phone,phone,train,36673
inner_mirror__run1_2018-05-03-14-08-31.ids_1__vp2__ann26__ch3.jpg,inner_mirror,2,vp2/run1_2018-05-03-14-08-31.ids_1,26,3,interacting_with_phone,phone,train,16384
inner_mirror__run2_2018-05-24-16-21-35.ids_1__vp12__ann114__ch1.jpg,inner_mirror,12,vp12/run2_2018-05-24-16-21-35.ids_1,114,1,interacting_with_phone,phone,train,44527
inner_mirror__run1b_2018-05-08-08-46-01.ids_1__vp3__ann45__ch13.jpg,inner_mirror,3,vp3/run1b_2018-05-08-08-46-01.ids_1,45,13,talking_on_phone,phone,train,22825
inner_mirror__run2_2018-05-30-10-42-33.ids_1__vp14__ann60__ch7.jpg,inner_mirror,14,vp14/run2_2018-05-30-10-42-33.ids_1,60,7,interacting_with_phone,phone,val,26532
inner_mirror__run1_2018-05-23-13-16-52.ids_1__vp7__ann102__ch1.jpg,inner_mirror,7,vp7/run1_2018-05-23-13-16-52.ids_1,102,1,interacting_with_phone,phone,train,31947
inner_mirror__run2_2018-05-30-10-42-33.ids_1__vp14__ann108__ch4.jpg,inner_mirror,14,vp14/run2_2018-05-30-10-42-33.ids_1,108,4,interacting_with_phone,phone,val,42185
inner_mirror__run2_2018-05-29-14-33-44.ids_1__vp1__ann67__ch10.jpg,inner_mirror,1,vp1/run2_2018-05-29-14-33-44.ids_1,67,10,talking_on_phone,phone,train,27745
inner_mirror__run1_2018-05-24-13-14-41.ids_1__vp10__ann62__ch3.jpg,inner_mirror,10,vp10/run1_2018-05-24-13-14-41.ids_1,62,3,talking_on_phone,phone,train,20746
inner_mirror__run2_2018-05-30-13-34-33.ids_1__vp15__ann14__ch15.jpg,inner_mirror,15,vp15/run2_2018-05-30-13-34-33.ids_1,14,15,talking_on_phone,phone,val,9253
inner_mirror__run2_2018-05-22-14-25-04.ids_1__vp4__ann54__ch13.jpg,inner_mirror,4,vp4/run2_2018-05-22-14-25-04.ids_1,54,13,interacting_with_phone,phone,train,30400
inner_mirror__run1_2018-05-24-13-44-01.ids_1__vp11__ann31__ch2.jpg,inner_mirror,11,vp11/run1_2018-05-24-13-44-01.ids_1,31,2,interacting_with_phone,phone,test,16285
inner_mirror__run1_2018-05-24-13-44-01.ids_1__vp11__ann32__ch5.jpg,inner_mirror,11,vp11/run1_2018-05-24-13-44-01.ids_1,32,5,talking_on_phone,phone,test,17314
inner_mirror__run2_2018-05-24-14-08-46.ids_1__vp10__ann115__ch16.jpg,inner_mirror,10,vp10/run2_2018-05-24-14-08-46.ids_1,115,16,interacting_with_phone,phone,train,39637
inner_mirror__run1_2018-05-24-13-44-01.ids_1__vp11__ann31__ch7.jpg,inner_mirror,11,vp11/run1_2018-05-24-13-44-01.ids_1,31,7,interacting_with_phone,phone,test,16735
inner_mirror__run1_2018-05-24-13-44-01.ids_1__vp11__ann32__ch16.jpg,inner_mirror,11,vp11/run1_2018-05-24-13-44-01.ids_1,32,16,talking_on_phone,phone,test,18304
inner_mirror__run2_2018-05-30-10-42-33.ids_1__vp14__ann37__ch7.jpg,inner_mirror,14,vp14/run2_2018-05-30-10-42-33.ids_1,37,7,talking_on_phone,phone,val,17651
inner_mirror__run1_2018-05-03-14-08-31.ids_1__vp2__ann59__ch2.jpg,inner_mirror,2,vp2/run1_2018-05-03-14-08-31.ids_1,59,2,interacting_with_phone,phone,train,35469
inner_mirror__run1_2018-05-29-15-21-10.ids_1__vp13__ann72__ch7.jpg,inner_mirror,13,vp13/run1_2018-05-29-15-21-10.ids_1,72,7,talking_on_phone,phone,test,33472
inner_mirror__run2_2018-05-24-16-21-35.ids_1__vp12__ann114__ch6.jpg,inner_mirror,12,vp12/run2_2018-05-24-16-21-35.ids_1,114,6,interacting_with_phone,phone,train,44977
inner_mirror__run2_2018-05-24-16-21-35.ids_1__vp12__ann114__ch5.jpg,inner_mirror,12,vp12/run2_2018-05-24-16-21-35.ids_1,114,5,interacting_with_phone,phone,train,44887
inner_mirror__run1_2018-05-24-13-44-01.ids_1__vp11__ann31__ch6.jpg,inner_mirror,11,vp11/run1_2018-05-24-13-44-01.ids_1,31,6,interacting_with_phone,phone,test,16645
inner_mirror__run2b_2018-05-23-13-54-07.ids_1__vp7__ann45__ch1.jpg,inner_mirror,7,vp7/run2b_2018-05-23-13-54-07.ids_1,45,1,talking_on_phone,phone,train,17119
inner_mirror__run1_2018-05-24-13-44-01.ids_1__vp11__ann32__ch3.jpg,inner_mirror,11,vp11/run1_2018-05-24-13-44-01.ids_1,32,3,talking_on_phone,phone,test,17134
inner_mirror__run2_2018-05-24-14-08-46.ids_1__vp10__ann18__ch0.jpg,inner_mirror,10,vp10/run2_2018-05-24-14-08-46.ids_1,18,0,talking_on_phone,phone,train,9121
steering_wheel__run2_2018-05-24-16-21-35.ids_4__vp12__ann7__ch0.jpg,steering_wheel,12,vp12/run2_2018-05-24-16-21-35.ids_4,7,0,drinking,drink,train,7674
steering_wheel__run2_2018-05-30-10-42-33.ids_4__vp14__ann93__ch10.jpg,steering_wheel,14,vp14/run2_2018-05-30-10-42-33.ids_4,93,10,eating,drink,val,35461
steering_wheel__run1_2018-05-30-10-11-09.ids_4__vp14__ann90__ch11.jpg,steering_wheel,14,vp14/run1_2018-05-30-10-11-09.ids_4,90,11,eating,drink,val,39338
steering_wheel__run1b_2018-05-08-08-46-01.ids_4__vp3__ann70__ch6.jpg,steering_wheel,3,vp3/run1b_2018-05-08-08-46-01.ids_4,70,6,eating,drink,train,30835
steering_wheel__run2_2018-05-23-15-30-27.ids_4__vp8__ann21__ch2.jpg,steering_wheel,8,vp8/run2_2018-05-23-15-30-27.ids_4,21,2,drinking,drink,train,9243
steering_wheel__run1b_2018-05-29-14-02-47.ids_4__vp1__ann110__ch0.jpg,steering_wheel,1,vp1/run1b_2018-05-29-14-02-47.ids_4,110,0,eating,drink,train,28748
steering_wheel__run1_2018-05-22-15-10-41.ids_4__vp5__ann121__ch1.jpg,steering_wheel,5,vp5/run1_2018-05-22-15-10-41.ids_4,121,1,eating,drink,test,44881
steering_wheel__run1b_2018-05-23-16-19-17.ids_4__vp9__ann75__ch2.jpg,steering_wheel,9,vp9/run1b_2018-05-23-16-19-17.ids_4,75,2,eating,drink,train,19669
steering_wheel__run1_2018-05-24-13-44-01.ids_4__vp11__ann74__ch0.jpg,steering_wheel,11,vp11/run1_2018-05-24-13-44-01.ids_4,74,0,eating,drink,test,29939
steering_wheel__run1b_2018-05-23-16-19-17.ids_4__vp9__ann26__ch1.jpg,steering_wheel,9,vp9/run1b_2018-05-23-16-19-17.ids_4,26,1,eating,drink,train,10247
steering_wheel__run1_2018-05-30-13-05-35.ids_4__vp15__ann18__ch0.jpg,steering_wheel,15,vp15/run1_2018-05-30-13-05-35.ids_4,18,0,eating,drink,val,9209
steering_wheel__run2_2018-05-30-10-42-33.ids_4__vp14__ann100__ch2.jpg,steering_wheel,14,vp14/run2_2018-05-30-10-42-33.ids_4,100,2,drinking,drink,val,40276
steering_wheel__run1_2018-05-22-13-28-51.ids_4__vp4__ann30__ch0.jpg,steering_wheel,4,vp4/run1_2018-05-22-13-28-51.ids_4,30,0,closing_bottle,drink,train,18023
steering_wheel__run1_2018-05-22-13-28-51.ids_4__vp4__ann28__ch3.jpg,steering_wheel,4,vp4/run1_2018-05-22-13-28-51.ids_4,28,3,opening_bottle,drink,train,17665
steering_wheel__run1_2018-05-24-15-44-28.ids_4__vp12__ann42__ch17.jpg,steering_wheel,12,vp12/run1_2018-05-24-15-44-28.ids_4,42,17,eating,drink,train,20064
steering_wheel__run2_2018-05-24-14-35-56.ids_4__vp11__ann77__ch1.jpg,steering_wheel,11,vp11/run2_2018-05-24-14-35-56.ids_4,77,1,eating,drink,test,18978
steering_wheel__run2_2018-05-24-16-21-35.ids_4__vp12__ann26__ch0.jpg,steering_wheel,12,vp12/run2_2018-05-24-16-21-35.ids_4,26,0,opening_bottle,drink,train,12352
steering_wheel__run1b_2018-05-29-14-02-47.ids_4__vp1__ann102__ch2.jpg,steering_wheel,1,vp1/run1b_2018-05-29-14-02-47.ids_4,102,2,preparing_food,drink,train,27504
steering_wheel__run2b_2018-05-23-13-54-07.ids_4__vp7__ann36__ch0.jpg,steering_wheel,7,vp7/run2b_2018-05-23-13-54-07.ids_4,36,0,opening_bottle,drink,train,14849
steering_wheel__run2_2018-05-30-10-42-33.ids_4__vp14__ann78__ch2.jpg,steering_wheel,14,vp14/run2_2018-05-30-10-42-33.ids_4,78,2,eating,drink,val,30827
steering_wheel__run1_2018-05-24-13-14-41.ids_4__vp10__ann90__ch24.jpg,steering_wheel,10,vp10/run1_2018-05-24-13-14-41.ids_4,90,24,eating,drink,train,31244
steering_wheel__run1_2018-05-22-13-28-51.ids_4__vp4__ann26__ch1.jpg,steering_wheel,4,vp4/run1_2018-05-22-13-28-51.ids_4,26,1,eating,drink,train,16647
steering_wheel__run2_2018-05-24-16-21-35.ids_4__vp12__ann78__ch0.jpg,steering_wheel,12,vp12/run2_2018-05-24-16-21-35.ids_4,78,0,opening_bottle,drink,train,32244
steering_wheel__run1_2018-05-24-13-44-01.ids_4__vp11__ann94__ch0.jpg,steering_wheel,11,vp11/run1_2018-05-24-13-44-01.ids_4,94,0,preparing_food,drink,test,32788
steering_wheel__run2_2018-05-30-13-34-33.ids_4__vp15__ann20__ch2.jpg,steering_wheel,15,vp15/run2_2018-05-30-13-34-33.ids_4,20,2,eating,drink,val,11163
steering_wheel__run1_2018-05-22-15-10-41.ids_4__vp5__ann105__ch6.jpg,steering_wheel,5,vp5/run1_2018-05-22-15-10-41.ids_4,105,6,eating,drink,test,41637
steering_wheel__run1b_2018-05-29-14-02-47.ids_4__vp1__ann38__ch2.jpg,steering_wheel,1,vp1/run1b_2018-05-29-14-02-47.ids_4,38,2,drinking,drink,train,12671
steering_wheel__run2_2018-05-24-16-21-35.ids_4__vp12__ann87__ch1.jpg,steering_wheel,12,vp12/run2_2018-05-24-16-21-35.ids_4,87,1,opening_bottle,drink,train,35389
steering_wheel__run2_2018-05-30-10-42-33.ids_4__vp14__ann83__ch0.jpg,steering_wheel,14,vp14/run2_2018-05-30-10-42-33.ids_4,83,0,closing_bottle,drink,val,32436
steering_wheel__run1_2018-05-24-13-14-41.ids_4__vp10__ann16__ch4.jpg,steering_wheel,10,vp10/run1_2018-05-24-13-14-41.ids_4,16,4,eating,drink,train,9898
steering_wheel__run1_2018-05-23-10-21-45.ids_4__vp6__ann80__ch4.jpg,steering_wheel,6,vp6/run1_2018-05-23-10-21-45.ids_4,80,4,eating,drink,train,41366
steering_wheel__run2_2018-05-29-14-33-44.ids_4__vp1__ann41__ch1.jpg,steering_wheel,1,vp1/run2_2018-05-29-14-33-44.ids_4,41,1,eating,drink,train,20026
steering_wheel__run1_2018-05-30-10-11-09.ids_4__vp14__ann86__ch1.jpg,steering_wheel,14,vp14/run1_2018-05-30-10-11-09.ids_4,86,1,eating,drink,val,34795
steering_wheel__run2_2018-05-24-16-21-35.ids_4__vp12__ann99__ch5.jpg,steering_wheel,12,vp12/run2_2018-05-24-16-21-35.ids_4,99,5,eating,drink,train,39958
steering_wheel__run2_2018-05-24-14-08-46.ids_4__vp10__ann90__ch1.jpg,steering_wheel,10,vp10/run2_2018-05-24-14-08-46.ids_4,90,1,preparing_food,drink,train,33397
steering_wheel__run2_2018-05-24-17-22-26.ids_4__vp2__ann38__ch7.jpg,steering_wheel,2,vp2/run2_2018-05-24-17-22-26.ids_4,38,7,eating,drink,train,20645
steering_wheel__run1_2018-05-22-15-10-41.ids_4__vp5__ann105__ch12.jpg,steering_wheel,5,vp5/run1_2018-05-22-15-10-41.ids_4,105,12,eating,drink,test,42178
steering_wheel__run2_2018-05-24-16-21-35.ids_4__vp12__ann99__ch8.jpg,steering_wheel,12,vp12/run2_2018-05-24-16-21-35.ids_4,99,8,eating,drink,train,40227
steering_wheel__run2_2018-05-30-11-34-54.ids_4__vp13__ann50__ch2.jpg,steering_wheel,13,vp13/run2_2018-05-30-11-34-54.ids_4,50,2,opening_bottle,drink,test,23184
steering_wheel__run1_2018-05-23-13-16-52.ids_4__vp7__ann11__ch3.jpg,steering_wheel,7,vp7/run1_2018-05-23-13-16-52.ids_4,11,3,eating,drink,train,9486
steering_wheel__run1d_2018-05-23-14-54-38.ids_4__vp8__ann58__ch2.jpg,steering_wheel,8,vp8/run1d_2018-05-23-14-54-38.ids_4,58,2,eating,drink,train,29383
steering_wheel__run1_2018-05-23-10-21-45.ids_4__vp6__ann78__ch4.jpg,steering_wheel,6,vp6/run1_2018-05-23-10-21-45.ids_4,78,4,eating,drink,train,40326
steering_wheel__run1b_2018-05-29-14-02-47.ids_4__vp1__ann50__ch7.jpg,steering_wheel,1,vp1/run1b_2018-05-29-14-02-47.ids_4,50,7,eating,drink,train,15883
steering_wheel__run2_2018-05-30-13-34-33.ids_4__vp15__ann19__ch1.jpg,steering_wheel,15,vp15/run2_2018-05-30-13-34-33.ids_4,19,1,preparing_food,drink,val,10902
steering_wheel__run2_2018-05-24-14-35-56.ids_4__vp11__ann77__ch6.jpg,steering_wheel,11,vp11/run2_2018-05-24-14-35-56.ids_4,77,6,eating,drink,test,19428
steering_wheel__run2_2018-05-24-14-08-46.ids_4__vp10__ann100__ch0.jpg,steering_wheel,10,vp10/run2_2018-05-24-14-08-46.ids_4,100,0,preparing_food,drink,train,35099
steering_wheel__run1_2018-05-22-15-10-41.ids_4__vp5__ann105__ch5.jpg,steering_wheel,5,vp5/run1_2018-05-22-15-10-41.ids_4,105,5,eating,drink,test,41546
steering_wheel__run1d_2018-05-23-14-54-38.ids_4__vp8__ann58__ch1.jpg,steering_wheel,8,vp8/run1d_2018-05-23-14-54-38.ids_4,58,1,eating,drink,train,29294
steering_wheel__run1_2018-05-23-10-21-45.ids_4__vp6__ann91__ch1.jpg,steering_wheel,6,vp6/run1_2018-05-23-10-21-45.ids_4,91,1,closing_bottle,drink,train,46820
steering_wheel__run2b_2018-05-22-15-50-07.ids_4__vp5__ann76__ch7.jpg,steering_wheel,5,vp5/run2b_2018-05-22-15-50-07.ids_4,76,7,eating,drink,test,28446
steering_wheel__run2_2018-05-24-14-35-56.ids_4__vp11__ann11__ch0.jpg,steering_wheel,11,vp11/run2_2018-05-24-14-35-56.ids_4,11,0,opening_bottle,drink,test,6276
steering_wheel__run1b_2018-05-29-14-02-47.ids_4__vp1__ann37__ch0.jpg,steering_wheel,1,vp1/run1b_2018-05-29-14-02-47.ids_4,37,0,opening_bottle,drink,train,12458
steering_wheel__run1_2018-05-29-15-21-10.ids_4__vp13__ann39__ch15.jpg,steering_wheel,13,vp13/run1_2018-05-29-15-21-10.ids_4,39,15,eating,drink,test,23192
steering_wheel__run1_2018-05-22-15-10-41.ids_4__vp5__ann123__ch5.jpg,steering_wheel,5,vp5/run1_2018-05-22-15-10-41.ids_4,123,5,eating,drink,test,46204
steering_wheel__run1b_2018-05-08-08-46-01.ids_4__vp3__ann80__ch5.jpg,steering_wheel,3,vp3/run1b_2018-05-08-08-46-01.ids_4,80,5,eating,drink,train,32553
steering_wheel__run2b_2018-05-22-15-50-07.ids_4__vp5__ann76__ch10.jpg,steering_wheel,5,vp5/run2b_2018-05-22-15-50-07.ids_4,76,10,eating,drink,test,28716
steering_wheel__run2_2018-05-24-16-21-35.ids_4__vp12__ann79__ch1.jpg,steering_wheel,12,vp12/run2_2018-05-24-16-21-35.ids_4,79,1,drinking,drink,train,32424
steering_wheel__run2_2018-05-24-14-35-56.ids_4__vp11__ann14__ch0.jpg,steering_wheel,11,vp11/run2_2018-05-24-14-35-56.ids_4,14,0,drinking,drink,test,6477
steering_wheel__run2_2018-05-24-14-08-46.ids_4__vp10__ann101__ch0.jpg,steering_wheel,10,vp10/run2_2018-05-24-14-08-46.ids_4,101,0,eating,drink,train,35240
steering_wheel__run2_2018-05-24-16-21-35.ids_4__vp12__ann80__ch0.jpg,steering_wheel,12,vp12/run2_2018-05-24-16-21-35.ids_4,80,0,closing_bottle,drink,train,32588
steering_wheel__run2_2018-05-23-11-05-00.ids_4__vp6__ann49__ch0.jpg,steering_wheel,6,vp6/run2_2018-05-23-11-05-00.ids_4,49,0,drinking,drink,train,26404
steering_wheel__run1b_2018-05-23-16-19-17.ids_4__vp9__ann92__ch1.jpg,steering_wheel,9,vp9/run1b_2018-05-23-16-19-17.ids_4,92,1,closing_bottle,drink,train,23768
steering_wheel__run2_2018-05-30-10-42-33.ids_4__vp14__ann93__ch16.jpg,steering_wheel,14,vp14/run2_2018-05-30-10-42-33.ids_4,93,16,eating,drink,val,36000
steering_wheel__run2_2018-05-23-15-30-27.ids_4__vp8__ann16__ch0.jpg,steering_wheel,8,vp8/run2_2018-05-23-15-30-27.ids_4,16,0,eating,drink,train,7474
steering_wheel__run1_2018-05-22-15-10-41.ids_4__vp5__ann123__ch3.jpg,steering_wheel,5,vp5/run1_2018-05-22-15-10-41.ids_4,123,3,eating,drink,test,46023
steering_wheel__run2_2018-05-30-11-34-54.ids_4__vp13__ann48__ch5.jpg,steering_wheel,13,vp13/run2_2018-05-30-11-34-54.ids_4,48,5,eating,drink,test,21871
steering_wheel__run1_2018-05-22-13-28-51.ids_4__vp4__ann24__ch3.jpg,steering_wheel,4,vp4/run1_2018-05-22-13-28-51.ids_4,24,3,eating,drink,train,16398
steering_wheel__run2_2018-05-30-10-42-33.ids_4__vp14__ann93__ch8.jpg,steering_wheel,14,vp14/run2_2018-05-30-10-42-33.ids_4,93,8,eating,drink,val,35278
steering_wheel__run1_2018-05-22-15-10-41.ids_4__vp5__ann105__ch2.jpg,steering_wheel,5,vp5/run1_2018-05-22-15-10-41.ids_4,105,2,eating,drink,test,41275
steering_wheel__run1_2018-05-30-13-05-35.ids_4__vp15__ann18__ch3.jpg,steering_wheel,15,vp15/run1_2018-05-30-13-05-35.ids_4,18,3,eating,drink,val,9478
steering_wheel__run1d_2018-05-23-14-54-38.ids_4__vp8__ann58__ch32.jpg,steering_wheel,8,vp8/run1d_2018-05-23-14-54-38.ids_4,58,32,eating,drink,train,32100
steering_wheel__run1_2018-05-23-10-21-45.ids_4__vp6__ann80__ch6.jpg,steering_wheel,6,vp6/run1_2018-05-23-10-21-45.ids_4,80,6,eating,drink,train,41505
steering_wheel__run2_2018-05-24-17-22-26.ids_4__vp2__ann50__ch6.jpg,steering_wheel,2,vp2/run2_2018-05-24-17-22-26.ids_4,50,6,eating,drink,train,23326
steering_wheel__run1_2018-05-30-10-11-09.ids_4__vp14__ann52__ch1.jpg,steering_wheel,14,vp14/run1_2018-05-30-10-11-09.ids_4,52,1,opening_bottle,drink,val,23886
steering_wheel__run1d_2018-05-23-14-54-38.ids_4__vp8__ann58__ch8.jpg,steering_wheel,8,vp8/run1d_2018-05-23-14-54-38.ids_4,58,8,eating,drink,train,29927
steering_wheel__run1_2018-05-22-15-10-41.ids_4__vp5__ann35__ch1.jpg,steering_wheel,5,vp5/run1_2018-05-22-15-10-41.ids_4,35,1,drinking,drink,test,18911
steering_wheel__run2_2018-05-24-16-21-35.ids_4__vp12__ann64__ch5.jpg,steering_wheel,12,vp12/run2_2018-05-24-16-21-35.ids_4,64,5,eating,drink,train,24878
steering_wheel__run1b_2018-05-23-16-19-17.ids_4__vp9__ann75__ch4.jpg,steering_wheel,9,vp9/run1b_2018-05-23-16-19-17.ids_4,75,4,eating,drink,train,19848
steering_wheel__run1_2018-05-30-10-11-09.ids_4__vp14__ann86__ch16.jpg,steering_wheel,14,vp14/run1_2018-05-30-10-11-09.ids_4,86,16,eating,drink,val,36160
steering_wheel__run1b_2018-05-23-16-19-17.ids_4__vp9__ann23__ch0.jpg,steering_wheel,9,vp9/run1b_2018-05-23-16-19-17.ids_4,23,0,preparing_food,drink,train,9719
steering_wheel__run2_2018-05-30-11-34-54.ids_4__vp13__ann48__ch12.jpg,steering_wheel,13,vp13/run2_2018-05-30-11-34-54.ids_4,48,12,eating,drink,test,22508
steering_wheel__run1_2018-05-24-13-14-41.ids_4__vp10__ann96__ch1.jpg,steering_wheel,10,vp10/run1_2018-05-24-13-14-41.ids_4,96,1,eating,drink,train,34233
steering_wheel__run2b_2018-05-22-15-50-07.ids_4__vp5__ann72__ch0.jpg,steering_wheel,5,vp5/run2b_2018-05-22-15-50-07.ids_4,72,0,drinking,drink,test,27468
steering_wheel__run2_2018-05-24-16-21-35.ids_4__vp12__ann85__ch6.jpg,steering_wheel,12,vp12/run2_2018-05-24-16-21-35.ids_4,85,6,eating,drink,train,34016
steering_wheel__run1_2018-05-22-13-28-51.ids_4__vp4__ann26__ch0.jpg,steering_wheel,4,vp4/run1_2018-05-22-13-28-51.ids_4,26,0,eating,drink,train,16557
steering_wheel__run2_2018-05-24-16-21-35.ids_4__vp12__ann8__ch1.jpg,steering_wheel,12,vp12/run2_2018-05-24-16-21-35.ids_4,8,1,closing_bottle,drink,train,7994
steering_wheel__run2_2018-05-24-16-21-35.ids_4__vp12__ann15__ch2.jpg,steering_wheel,12,vp12/run2_2018-05-24-16-21-35.ids_4,15,2,preparing_food,drink,train,8849
steering_wheel__run1b_2018-05-08-08-46-01.ids_4__vp3__ann85__ch0.jpg,steering_wheel,3,vp3/run1b_2018-05-08-08-46-01.ids_4,85,0,drinking,drink,train,33795
steering_wheel__run1_2018-05-30-13-05-35.ids_4__vp15__ann11__ch1.jpg,steering_wheel,15,vp15/run1_2018-05-30-13-05-35.ids_4,11,1,preparing_food,drink,val,8433
steering_wheel__run1b_2018-05-23-16-19-17.ids_4__vp9__ann14__ch0.jpg,steering_wheel,9,vp9/run1b_2018-05-23-16-19-17.ids_4,14,0,closing_bottle,drink,train,8409
steering_wheel__run2_2018-05-24-17-22-26.ids_4__vp2__ann38__ch5.jpg,steering_wheel,2,vp2/run2_2018-05-24-17-22-26.ids_4,38,5,eating,drink,train,20463
steering_wheel__run2_2018-05-23-15-30-27.ids_4__vp8__ann69__ch5.jpg,steering_wheel,8,vp8/run2_2018-05-23-15-30-27.ids_4,69,5,eating,drink,train,21099
steering_wheel__run1d_2018-05-23-14-54-38.ids_4__vp8__ann58__ch29.jpg,steering_wheel,8,vp8/run1d_2018-05-23-14-54-38.ids_4,58,29,eating,drink,train,31827
steering_wheel__run2_2018-05-24-16-21-35.ids_4__vp12__ann89__ch1.jpg,steering_wheel,12,vp12/run2_2018-05-24-16-21-35.ids_4,89,1,closing_bottle,drink,train,35895
steering_wheel__run1_2018-05-24-13-14-41.ids_4__vp10__ann90__ch20.jpg,steering_wheel,10,vp10/run1_2018-05-24-13-14-41.ids_4,90,20,eating,drink,train,30883
steering_wheel__run1_2018-05-22-13-28-51.ids_4__vp4__ann26__ch7.jpg,steering_wheel,4,vp4/run1_2018-05-22-13-28-51.ids_4,26,7,eating,drink,train,17189
steering_wheel__run1b_2018-05-08-08-46-01.ids_4__vp3__ann104__ch1.jpg,steering_wheel,3,vp3/run1b_2018-05-08-08-46-01.ids_4,104,1,drinking,drink,train,38323
steering_wheel__run2b_2018-05-22-15-50-07.ids_4__vp5__ann70__ch1.jpg,steering_wheel,5,vp5/run2b_2018-05-22-15-50-07.ids_4,70,1,eating,drink,test,26526
steering_wheel__run2_2018-05-30-11-34-54.ids_4__vp13__ann48__ch15.jpg,steering_wheel,13,vp13/run2_2018-05-30-11-34-54.ids_4,48,15,eating,drink,test,22759
steering_wheel__run1_2018-05-22-15-10-41.ids_4__vp5__ann33__ch1.jpg,steering_wheel,5,vp5/run1_2018-05-22-15-10-41.ids_4,33,1,opening_bottle,drink,test,18032
steering_wheel__run2_2018-05-24-16-21-35.ids_4__vp12__ann17__ch0.jpg,steering_wheel,12,vp12/run2_2018-05-24-16-21-35.ids_4,17,0,eating,drink,train,9232
steering_wheel__run1_2018-05-24-13-14-41.ids_4__vp10__ann90__ch12.jpg,steering_wheel,10,vp10/run1_2018-05-24-13-14-41.ids_4,90,12,eating,drink,train,30159
steering_wheel__run1_2018-05-30-13-05-35.ids_4__vp15__ann18__ch1.jpg,steering_wheel,15,vp15/run1_2018-05-30-13-05-35.ids_4,18,1,eating,drink,val,9299
steering_wheel__run2_2018-05-30-10-42-33.ids_4__vp14__ann93__ch35.jpg,steering_wheel,14,vp14/run2_2018-05-30-10-42-33.ids_4,93,35,eating,drink,val,37711
steering_wheel__run2_2018-05-30-10-42-33.ids_4__vp14__ann12__ch1.jpg,steering_wheel,14,vp14/run2_2018-05-30-10-42-33.ids_4,12,1,closing_bottle,drink,val,7765
steering_wheel__run1_2018-05-24-13-14-41.ids_4__vp10__ann90__ch6.jpg,steering_wheel,10,vp10/run1_2018-05-24-13-14-41.ids_4,90,6,eating,drink,train,29618
steering_wheel__run2_2018-05-24-14-35-56.ids_4__vp11__ann45__ch0.jpg,steering_wheel,11,vp11/run2_2018-05-24-14-35-56.ids_4,45,0,drinking,drink,test,12718
steering_wheel__run1b_2018-05-29-14-02-47.ids_4__vp1__ann102__ch0.jpg,steering_wheel,1,vp1/run1b_2018-05-29-14-02-47.ids_4,102,0,preparing_food,drink,train,27325
steering_wheel__run2_2018-05-30-11-34-54.ids_4__vp13__ann50__ch3.jpg,steering_wheel,13,vp13/run2_2018-05-30-11-34-54.ids_4,50,3,opening_bottle,drink,test,23276
steering_wheel__run1_2018-05-23-10-21-45.ids_4__vp6__ann90__ch0.jpg,steering_wheel,6,vp6/run1_2018-05-23-10-21-45.ids_4,90,0,drinking,drink,train,46611
steering_wheel__run1_2018-05-22-15-10-41.ids_4__vp5__ann119__ch3.jpg,steering_wheel,5,vp5/run1_2018-05-22-15-10-41.ids_4,119,3,eating,drink,test,44384
steering_wheel__run1b_2018-05-29-14-02-47.ids_4__vp1__ann50__ch10.jpg,steering_wheel,1,vp1/run1b_2018-05-29-14-02-47.ids_4,50,10,eating,drink,train,16147
steering_wheel__run2_2018-05-24-17-22-26.ids_4__vp2__ann50__ch5.jpg,steering_wheel,2,vp2/run2_2018-05-24-17-22-26.ids_4,50,5,eating,drink,train,23235
steering_wheel__run1_2018-05-22-15-10-41.ids_4__vp5__ann49__ch28.jpg,steering_wheel,5,vp5/run1_2018-05-22-15-10-41.ids_4,49,28,eating,drink,test,23506
steering_wheel__run2_2018-05-30-10-42-33.ids_4__vp14__ann93__ch22.jpg,steering_wheel,14,vp14/run2_2018-05-30-10-42-33.ids_4,93,22,eating,drink,val,36541
steering_wheel__run1_2018-05-23-13-16-52.ids_4__vp7__ann60__ch1.jpg,steering_wheel,7,vp7/run1_2018-05-23-13-16-52.ids_4,60,1,eating,drink,train,20382
steering_wheel__run2_2018-05-24-14-35-56.ids_4__vp11__ann82__ch0.jpg,steering_wheel,11,vp11/run2_2018-05-24-14-35-56.ids_4,82,0,eating,drink,test,20431
steering_wheel__run1b_2018-05-08-08-46-01.ids_4__vp3__ann80__ch6.jpg,steering_wheel,3,vp3/run1b_2018-05-08-08-46-01.ids_4,80,6,eating,drink,train,32643
steering_wheel__run2_2018-05-30-13-34-33.ids_4__vp15__ann23__ch1.jpg,steering_wheel,15,vp15/run2_2018-05-30-13-34-33.ids_4,23,1,drinking,drink,val,11498
steering_wheel__run2_2018-05-24-16-21-35.ids_4__vp12__ann64__ch8.jpg,steering_wheel,12,vp12/run2_2018-05-24-16-21-35.ids_4,64,8,eating,drink,train,25142
steering_wheel__run2_2018-05-30-10-42-33.ids_4__vp14__ann93__ch24.jpg,steering_wheel,14,vp14/run2_2018-05-30-10-42-33.ids_4,93,24,eating,drink,val,36721
steering_wheel__run1b_2018-05-23-16-19-17.ids_4__vp9__ann90__ch0.jpg,steering_wheel,9,vp9/run1b_2018-05-23-16-19-17.ids_4,90,0,opening_bottle,drink,train,23233
steering_wheel__run1_2018-05-30-10-11-09.ids_4__vp14__ann86__ch17.jpg,steering_wheel,14,vp14/run1_2018-05-30-10-11-09.ids_4,86,17,eating,drink,val,36250
steering_wheel__run1b_2018-05-23-16-19-17.ids_4__vp9__ann36__ch0.jpg,steering_wheel,9,vp9/run1b_2018-05-23-16-19-17.ids_4,36,0,eating,drink,train,12544
steering_wheel__run2_2018-05-24-16-21-35.ids_4__vp12__ann62__ch0.jpg,steering_wheel,12,vp12/run2_2018-05-24-16-21-35.ids_4,62,0,preparing_food,drink,train,24109
steering_wheel__run2_2018-05-24-17-22-26.ids_4__vp2__ann42__ch0.jpg,steering_wheel,2,vp2/run2_2018-05-24-17-22-26.ids_4,42,0,drinking,drink,train,21381
steering_wheel__run1b_2018-05-29-14-02-47.ids_4__vp1__ann100__ch0.jpg,steering_wheel,1,vp1/run1b_2018-05-29-14-02-47.ids_4,100,0,closing_bottle,drink,train,27084
steering_wheel__run2_2018-05-22-14-25-04.ids_4__vp4__ann104__ch5.jpg,steering_wheel,4,vp4/run2_2018-05-22-14-25-04.ids_4,104,5,eating,drink,train,48876
steering_wheel__run1_2018-05-24-15-44-28.ids_4__vp12__ann74__ch0.jpg,steering_wheel,12,vp12/run1_2018-05-24-15-44-28.ids_4,74,0,eating,drink,train,31671
steering_wheel__run1b_2018-05-29-14-02-47.ids_4__vp1__ann99__ch0.jpg,steering_wheel,1,vp1/run1b_2018-05-29-14-02-47.ids_4,99,0,drinking,drink,train,26923
steering_wheel__run2_2018-05-30-10-42-33.ids_4__vp14__ann99__ch1.jpg,steering_wheel,14,vp14/run2_2018-05-30-10-42-33.ids_4,99,1,opening_bottle,drink,val,40037
steering_wheel__run1_2018-05-22-15-10-41.ids_4__vp5__ann127__ch1.jpg,steering_wheel,5,vp5/run1_2018-05-22-15-10-41.ids_4,127,1,eating,drink,test,47936
steering_wheel__run2_2018-05-23-11-05-00.ids_4__vp6__ann30__ch1.jpg,steering_wheel,6,vp6/run2_2018-05-23-11-05-00.ids_4,30,1,eating,drink,train,14977
steering_wheel__run1d_2018-05-23-14-54-38.ids_4__vp8__ann58__ch15.jpg,steering_wheel,8,vp8/run1d_2018-05-23-14-54-38.ids_4,58,15,eating,drink,train,30559
steering_wheel__run1b_2018-05-08-08-46-01.ids_4__vp3__ann70__ch5.jpg,steering_wheel,3,vp3/run1b_2018-05-08-08-46-01.ids_4,70,5,eating,drink,train,30746
steering_wheel__run1_2018-05-24-15-44-28.ids_4__vp12__ann42__ch12.jpg,steering_wheel,12,vp12/run1_2018-05-24-15-44-28.ids_4,42,12,eating,drink,train,19612
steering_wheel__run1_2018-05-23-13-16-52.ids_4__vp7__ann15__ch1.jpg,steering_wheel,7,vp7/run1_2018-05-23-13-16-52.ids_4,15,1,opening_bottle,drink,train,10309
steering_wheel__run2_2018-05-30-10-42-33.ids_4__vp14__ann78__ch1.jpg,steering_wheel,14,vp14/run2_2018-05-30-10-42-33.ids_4,78,1,eating,drink,val,30738
steering_wheel__run1_2018-05-24-15-44-28.ids_4__vp12__ann65__ch1.jpg,steering_wheel,12,vp12/run1_2018-05-24-15-44-28.ids_4,65,1,eating,drink,train,29740
steering_wheel__run1b_2018-05-29-14-02-47.ids_4__vp1__ann114__ch0.jpg,steering_wheel,1,vp1/run1b_2018-05-29-14-02-47.ids_4,114,0,drinking,drink,train,29271
steering_wheel__run1d_2018-05-23-14-54-38.ids_4__vp8__ann58__ch11.jpg,steering_wheel,8,vp8/run1d_2018-05-23-14-54-38.ids_4,58,11,eating,drink,train,30199
steering_wheel__run2_2018-05-23-11-05-00.ids_4__vp6__ann35__ch1.jpg,steering_wheel,6,vp6/run2_2018-05-23-11-05-00.ids_4,35,1,closing_bottle,drink,train,17832
steering_wheel__run2_2018-05-24-16-21-35.ids_4__vp12__ann99__ch4.jpg,steering_wheel,12,vp12/run2_2018-05-24-16-21-35.ids_4,99,4,eating,drink,train,39867
steering_wheel__run1d_2018-05-23-14-54-38.ids_4__vp8__ann58__ch7.jpg,steering_wheel,8,vp8/run1d_2018-05-23-14-54-38.ids_4,58,7,eating,drink,train,29838
steering_wheel__run1d_2018-05-23-14-54-38.ids_4__vp8__ann58__ch24.jpg,steering_wheel,8,vp8/run1d_2018-05-23-14-54-38.ids_4,58,24,eating,drink,train,31376
steering_wheel__run1_2018-05-24-13-44-01.ids_4__vp11__ann43__ch3.jpg,steering_wheel,11,vp11/run1_2018-05-24-13-44-01.ids_4,43,3,opening_bottle,drink,test,20413
steering_wheel__run2_2018-05-30-11-34-54.ids_4__vp13__ann48__ch14.jpg,steering_wheel,13,vp13/run2_2018-05-30-11-34-54.ids_4,48,14,eating,drink,test,22688
steering_wheel__run1d_2018-05-23-14-54-38.ids_4__vp8__ann78__ch8.jpg,steering_wheel,8,vp8/run1d_2018-05-23-14-54-38.ids_4,78,8,eating,drink,train,38129
steering_wheel__run1_2018-05-30-10-11-09.ids_4__vp14__ann90__ch28.jpg,steering_wheel,14,vp14/run1_2018-05-30-10-11-09.ids_4,90,28,eating,drink,val,40879
steering_wheel__run1_2018-05-22-15-10-41.ids_4__vp5__ann33__ch2.jpg,steering_wheel,5,vp5/run1_2018-05-22-15-10-41.ids_4,33,2,opening_bottle,drink,test,18122
steering_wheel__run1_2018-05-24-15-44-28.ids_4__vp12__ann40__ch2.jpg,steering_wheel,12,vp12/run1_2018-05-24-15-44-28.ids_4,40,2,eating,drink,train,18149
steering_wheel__run1_2018-05-29-15-21-10.ids_4__vp13__ann39__ch14.jpg,steering_wheel,13,vp13/run1_2018-05-29-15-21-10.ids_4,39,14,eating,drink,test,23110
steering_wheel__run2_2018-05-24-14-35-56.ids_4__vp11__ann70__ch3.jpg,steering_wheel,11,vp11/run2_2018-05-24-14-35-56.ids_4,70,3,eating,drink,test,17614
steering_wheel__run1_2018-05-30-10-11-09.ids_4__vp14__ann90__ch29.jpg,steering_wheel,14,vp14/run1_2018-05-30-10-11-09.ids_4,90,29,eating,drink,val,40969
steering_wheel__run2_2018-05-24-16-21-35.ids_4__vp12__ann89__ch0.jpg,steering_wheel,12,vp12/run2_2018-05-24-16-21-35.ids_4,89,0,closing_bottle,drink,train,35805
steering_wheel__run2_2018-05-24-16-21-35.ids_4__vp12__ann15__ch3.jpg,steering_wheel,12,vp12/run2_2018-05-24-16-21-35.ids_4,15,3,preparing_food,drink,train,8941
steering_wheel__run1_2018-05-24-13-44-01.ids_4__vp11__ann46__ch0.jpg,steering_wheel,11,vp11/run1_2018-05-24-13-44-01.ids_4,46,0,opening_bottle,drink,test,20652
steering_wheel__run2_2018-05-24-14-35-56.ids_4__vp11__ann46__ch1.jpg,steering_wheel,11,vp11/run2_2018-05-24-14-35-56.ids_4,46,1,closing_bottle,drink,test,12856
steering_wheel__run2_2018-05-22-14-25-04.ids_4__vp4__ann9__ch2.jpg,steering_wheel,4,vp4/run2_2018-05-22-14-25-04.ids_4,9,2,eating,drink,train,11475
steering_wheel__run2_2018-05-30-11-34-54.ids_4__vp13__ann48__ch3.jpg,steering_wheel,13,vp13/run2_2018-05-30-11-34-54.ids_4,48,3,eating,drink,test,21689
steering_wheel__run2_2018-05-30-10-42-33.ids_4__vp14__ann93__ch39.jpg,steering_wheel,14,vp14/run2_2018-05-30-10-42-33.ids_4,93,39,eating,drink,val,38072
steering_wheel__run1d_2018-05-23-14-54-38.ids_4__vp8__ann78__ch7.jpg,steering_wheel,8,vp8/run1d_2018-05-23-14-54-38.ids_4,78,7,eating,drink,train,38039
steering_wheel__run1b_2018-05-08-08-46-01.ids_4__vp3__ann85__ch6.jpg,steering_wheel,3,vp3/run1b_2018-05-08-08-46-01.ids_4,85,6,drinking,drink,train,34336
steering_wheel__run1_2018-05-22-15-10-41.ids_4__vp5__ann105__ch15.jpg,steering_wheel,5,vp5/run1_2018-05-22-15-10-41.ids_4,105,15,eating,drink,test,42410
steering_wheel__run2b_2018-05-22-15-50-07.ids_4__vp5__ann76__ch4.jpg,steering_wheel,5,vp5/run2b_2018-05-22-15-50-07.ids_4,76,4,eating,drink,test,28176
steering_wheel__run1_2018-05-23-13-16-52.ids_4__vp7__ann11__ch7.jpg,steering_wheel,7,vp7/run1_2018-05-23-13-16-52.ids_4,11,7,eating,drink,train,9813
steering_wheel__run1_2018-05-24-13-14-41.ids_4__vp10__ann90__ch27.jpg,steering_wheel,10,vp10/run1_2018-05-24-13-14-41.ids_4,90,27,eating,drink,train,31513
steering_wheel__run2_2018-05-30-10-42-33.ids_4__vp14__ann80__ch5.jpg,steering_wheel,14,vp14/run2_2018-05-30-10-42-33.ids_4,80,5,eating,drink,val,31972
steering_wheel__run1b_2018-05-08-08-46-01.ids_4__vp3__ann80__ch4.jpg,steering_wheel,3,vp3/run1b_2018-05-08-08-46-01.ids_4,80,4,eating,drink,train,32463
steering_wheel__run2_2018-05-24-14-35-56.ids_4__vp11__ann65__ch1.jpg,steering_wheel,11,vp11/run2_2018-05-24-14-35-56.ids_4,65,1,opening_bottle,drink,test,16944
steering_wheel__run1_2018-05-30-13-05-35.ids_4__vp15__ann15__ch0.jpg,steering_wheel,15,vp15/run1_2018-05-30-13-05-35.ids_4,15,0,opening_bottle,drink,val,8895
steering_wheel__run1_2018-05-03-14-08-31.ids_4__vp2__ann75__ch1.jpg,steering_wheel,2,vp2/run1_2018-05-03-14-08-31.ids_4,75,1,drinking,drink,train,40665
steering_wheel__run1_2018-05-24-15-44-28.ids_4__vp12__ann42__ch14.jpg,steering_wheel,12,vp12/run1_2018-05-24-15-44-28.ids_4,42,14,eating,drink,train,19794
steering_wheel__run2_2018-05-24-16-21-35.ids_4__vp12__ann99__ch6.jpg,steering_wheel,12,vp12/run2_2018-05-24-16-21-35.ids_4,99,6,eating,drink,train,40047
steering_wheel__run1_2018-05-22-15-10-41.ids_4__vp5__ann49__ch6.jpg,steering_wheel,5,vp5/run1_2018-05-22-15-10-41.ids_4,49,6,eating,drink,test,21528
steering_wheel__run1_2018-05-22-15-10-41.ids_4__vp5__ann111__ch3.jpg,steering_wheel,5,vp5/run1_2018-05-22-15-10-41.ids_4,111,3,eating,drink,test,43616
steering_wheel__run2_2018-05-24-17-22-26.ids_4__vp2__ann50__ch3.jpg,steering_wheel,2,vp2/run2_2018-05-24-17-22-26.ids_4,50,3,eating,drink,train,23055
steering_wheel__run1b_2018-05-29-14-02-47.ids_4__vp1__ann50__ch6.jpg,steering_wheel,1,vp1/run1b_2018-05-29-14-02-47.ids_4,50,6,eating,drink,train,15794
steering_wheel__run1d_2018-05-23-14-54-38.ids_4__vp8__ann58__ch5.jpg,steering_wheel,8,vp8/run1d_2018-05-23-14-54-38.ids_4,58,5,eating,drink,train,29656
steering_wheel__run1d_2018-05-23-14-54-38.ids_4__vp8__ann78__ch13.jpg,steering_wheel,8,vp8/run1d_2018-05-23-14-54-38.ids_4,78,13,eating,drink,train,38581
steering_wheel__run1_2018-05-22-15-10-41.ids_4__vp5__ann105__ch10.jpg,steering_wheel,5,vp5/run1_2018-05-22-15-10-41.ids_4,105,10,eating,drink,test,41998
steering_wheel__run1_2018-05-30-10-11-09.ids_4__vp14__ann86__ch3.jpg,steering_wheel,14,vp14/run1_2018-05-30-10-11-09.ids_4,86,3,eating,drink,val,34975
steering_wheel__run2_2018-05-24-16-21-35.ids_4__vp12__ann99__ch1.jpg,steering_wheel,12,vp12/run2_2018-05-24-16-21-35.ids_4,99,1,eating,drink,train,39597
steering_wheel__run2_2018-05-30-10-42-33.ids_4__vp14__ann88__ch3.jpg,steering_wheel,14,vp14/run2_2018-05-30-10-42-33.ids_4,88,3,eating,drink,val,33578
steering_wheel__run1b_2018-05-23-16-19-17.ids_4__vp9__ann86__ch2.jpg,steering_wheel,9,vp9/run1b_2018-05-23-16-19-17.ids_4,86,2,eating,drink,train,22133
steering_wheel__run1b_2018-05-23-16-19-17.ids_4__vp9__ann75__ch0.jpg,steering_wheel,9,vp9/run1b_2018-05-23-16-19-17.ids_4,75,0,eating,drink,train,19488
steering_wheel__run1_2018-05-30-10-11-09.ids_4__vp14__ann86__ch18.jpg,steering_wheel,14,vp14/run1_2018-05-30-10-11-09.ids_4,86,18,eating,drink,val,36340
steering_wheel__run2_2018-05-24-14-08-46.ids_4__vp10__ann89__ch2.jpg,steering_wheel,10,vp10/run2_2018-05-24-14-08-46.ids_4,89,2,preparing_food,drink,train,33058
steering_wheel__run1_2018-05-29-15-21-10.ids_4__vp13__ann39__ch13.jpg,steering_wheel,13,vp13/run1_2018-05-29-15-21-10.ids_4,39,13,eating,drink,test,23019
steering_wheel__run1_2018-05-23-13-16-52.ids_4__vp7__ann84__ch1.jpg,steering_wheel,7,vp7/run1_2018-05-23-13-16-52.ids_4,84,1,drinking,drink,train,28163
steering_wheel__run1d_2018-05-23-14-54-38.ids_4__vp8__ann58__ch3.jpg,steering_wheel,8,vp8/run1d_2018-05-23-14-54-38.ids_4,58,3,eating,drink,train,29473
steering_wheel__run1_2018-05-23-10-21-45.ids_4__vp6__ann80__ch3.jpg,steering_wheel,6,vp6/run1_2018-05-23-10-21-45.ids_4,80,3,eating,drink,train,41275
steering_wheel__run1b_2018-05-08-08-46-01.ids_4__vp3__ann80__ch9.jpg,steering_wheel,3,vp3/run1b_2018-05-08-08-46-01.ids_4,80,9,eating,drink,train,32915
steering_wheel__run1_2018-05-22-13-28-51.ids_4__vp4__ann100__ch3.jpg,steering_wheel,4,vp4/run1_2018-05-22-13-28-51.ids_4,100,3,eating,drink,train,45503
steering_wheel__run1_2018-05-30-10-11-09.ids_4__vp14__ann28__ch1.jpg,steering_wheel,14,vp14/run1_2018-05-30-10-11-09.ids_4,28,1,eating,drink,val,13604
steering_wheel__run1_2018-05-23-10-21-45.ids_4__vp6__ann90__ch1.jpg,steering_wheel,6,vp6/run1_2018-05-23-10-21-45.ids_4,90,1,drinking,drink,train,46690
steering_wheel__run2_2018-05-29-16-03-37.ids_4__vp3__ann78__ch7.jpg,steering_wheel,3,vp3/run2_2018-05-29-16-03-37.ids_4,78,7,eating,drink,train,30504
steering_wheel__run2_2018-05-30-10-42-33.ids_4__vp14__ann88__ch1.jpg,steering_wheel,14,vp14/run2_2018-05-30-10-42-33.ids_4,88,1,eating,drink,val,33408
steering_wheel__run1b_2018-05-08-08-46-01.ids_4__vp3__ann70__ch1.jpg,steering_wheel,3,vp3/run1b_2018-05-08-08-46-01.ids_4,70,1,eating,drink,train,30385
steering_wheel__run2_2018-05-24-17-22-26.ids_4__vp2__ann38__ch8.jpg,steering_wheel,2,vp2/run2_2018-05-24-17-22-26.ids_4,38,8,eating,drink,train,20737
steering_wheel__run2_2018-05-24-14-35-56.ids_4__vp11__ann44__ch0.jpg,steering_wheel,11,vp11/run2_2018-05-24-14-35-56.ids_4,44,0,opening_bottle,drink,test,12632
steering_wheel__run1_2018-05-23-13-16-52.ids_4__vp7__ann16__ch3.jpg,steering_wheel,7,vp7/run1_2018-05-23-13-16-52.ids_4,16,3,drinking,drink,train,10644
steering_wheel__run1d_2018-05-23-14-54-38.ids_4__vp8__ann78__ch10.jpg,steering_wheel,8,vp8/run1d_2018-05-23-14-54-38.ids_4,78,10,eating,drink,train,38310
steering_wheel__run1b_2018-05-23-16-19-17.ids_4__vp9__ann28__ch3.jpg,steering_wheel,9,vp9/run1b_2018-05-23-16-19-17.ids_4,28,3,eating,drink,train,10727
steering_wheel__run2_2018-05-22-14-25-04.ids_4__vp4__ann101__ch1.jpg,steering_wheel,4,vp4/run2_2018-05-22-14-25-04.ids_4,101,1,eating,drink,train,47924
steering_wheel__run2_2018-05-24-14-08-46.ids_4__vp10__ann91__ch1.jpg,steering_wheel,10,vp10/run2_2018-05-24-14-08-46.ids_4,91,1,eating,drink,train,33567
steering_wheel__run2_2018-05-24-17-22-26.ids_4__vp2__ann50__ch1.jpg,steering_wheel,2,vp2/run2_2018-05-24-17-22-26.ids_4,50,1,eating,drink,train,22873
steering_wheel__run2_2018-05-24-16-21-35.ids_4__vp12__ann99__ch0.jpg,steering_wheel,12,vp12/run2_2018-05-24-16-21-35.ids_4,99,0,eating,drink,train,39506
steering_wheel__run1b_2018-05-08-08-46-01.ids_4__vp3__ann80__ch2.jpg,steering_wheel,3,vp3/run1b_2018-05-08-08-46-01.ids_4,80,2,eating,drink,train,32283
steering_wheel__run1_2018-05-24-13-44-01.ids_4__vp11__ann94__ch2.jpg,steering_wheel,11,vp11/run1_2018-05-24-13-44-01.ids_4,94,2,preparing_food,drink,test,32952
steering_wheel__run1d_2018-05-23-14-54-38.ids_4__vp8__ann78__ch4.jpg,steering_wheel,8,vp8/run1d_2018-05-23-14-54-38.ids_4,78,4,eating,drink,train,37768
steering_wheel__run2_2018-05-30-11-34-54.ids_4__vp13__ann56__ch3.jpg,steering_wheel,13,vp13/run2_2018-05-30-11-34-54.ids_4,56,3,drinking,drink,test,24525
steering_wheel__run1_2018-05-24-15-44-28.ids_4__vp12__ann42__ch10.jpg,steering_wheel,12,vp12/run1_2018-05-24-15-44-28.ids_4,42,10,eating,drink,train,19430
steering_wheel__run1b_2018-05-23-16-19-17.ids_4__vp9__ann13__ch0.jpg,steering_wheel,9,vp9/run1b_2018-05-23-16-19-17.ids_4,13,0,drinking,drink,train,8312
steering_wheel__run1_2018-05-24-13-14-41.ids_4__vp10__ann103__ch0.jpg,steering_wheel,10,vp10/run1_2018-05-24-13-14-41.ids_4,103,0,drinking,drink,train,36959
steering_wheel__run2_2018-05-24-17-22-26.ids_4__vp2__ann38__ch1.jpg,steering_wheel,2,vp2/run2_2018-05-24-17-22-26.ids_4,38,1,eating,drink,train,20099
steering_wheel__run2_2018-05-29-16-03-37.ids_4__vp3__ann46__ch6.jpg,steering_wheel,3,vp3/run2_2018-05-29-16-03-37.ids_4,46,6,talking_on_phone,phone,train,21095
steering_wheel__run1b_2018-05-29-14-02-47.ids_4__vp1__ann90__ch2.jpg,steering_wheel,1,vp1/run1b_2018-05-29-14-02-47.ids_4,90,2,talking_on_phone,phone,train,25936
steering_wheel__run2_2018-05-23-15-30-27.ids_4__vp8__ann119__ch9.jpg,steering_wheel,8,vp8/run2_2018-05-23-15-30-27.ids_4,119,9,interacting_with_phone,phone,train,37298
steering_wheel__run2_2018-05-30-11-34-54.ids_4__vp13__ann40__ch0.jpg,steering_wheel,13,vp13/run2_2018-05-30-11-34-54.ids_4,40,0,interacting_with_phone,phone,test,19933
steering_wheel__run2_2018-05-29-14-33-44.ids_4__vp1__ann67__ch4.jpg,steering_wheel,1,vp1/run2_2018-05-29-14-33-44.ids_4,67,4,talking_on_phone,phone,train,27351
steering_wheel__run1_2018-05-22-13-28-51.ids_4__vp4__ann62__ch2.jpg,steering_wheel,4,vp4/run1_2018-05-22-13-28-51.ids_4,62,2,talking_on_phone,phone,train,34755
steering_wheel__run2_2018-05-29-16-03-37.ids_4__vp3__ann33__ch4.jpg,steering_wheel,3,vp3/run2_2018-05-29-16-03-37.ids_4,33,4,interacting_with_phone,phone,train,16582
steering_wheel__run1_2018-05-22-15-10-41.ids_4__vp5__ann82__ch1.jpg,steering_wheel,5,vp5/run1_2018-05-22-15-10-41.ids_4,82,1,interacting_with_phone,phone,test,34010
steering_wheel__run1_2018-05-03-14-08-31.ids_4__vp2__ann27__ch2.jpg,steering_wheel,2,vp2/run1_2018-05-03-14-08-31.ids_4,27,2,talking_on_phone,phone,train,17648
steering_wheel__run1_2018-05-24-13-14-41.ids_4__vp10__ann62__ch1.jpg,steering_wheel,10,vp10/run1_2018-05-24-13-14-41.ids_4,62,1,talking_on_phone,phone,train,20645
steering_wheel__run1_2018-05-23-13-16-52.ids_4__vp7__ann69__ch7.jpg,steering_wheel,7,vp7/run1_2018-05-23-13-16-52.ids_4,69,7,interacting_with_phone,phone,train,23623
steering_wheel__run2_2018-05-24-14-08-46.ids_4__vp10__ann19__ch0.jpg,steering_wheel,10,vp10/run2_2018-05-24-14-08-46.ids_4,19,0,interacting_with_phone,phone,train,9437
steering_wheel__run1_2018-05-24-13-44-01.ids_4__vp11__ann31__ch2.jpg,steering_wheel,11,vp11/run1_2018-05-24-13-44-01.ids_4,31,2,interacting_with_phone,phone,test,16391
steering_wheel__run1d_2018-05-23-14-54-38.ids_4__vp8__ann31__ch9.jpg,steering_wheel,8,vp8/run1d_2018-05-23-14-54-38.ids_4,31,9,talking_on_phone,phone,train,19903
steering_wheel__run2_2018-05-30-10-42-33.ids_4__vp14__ann60__ch2.jpg,steering_wheel,14,vp14/run2_2018-05-30-10-42-33.ids_4,60,2,interacting_with_phone,phone,val,26220
steering_wheel__run1_2018-05-30-10-11-09.ids_4__vp14__ann12__ch3.jpg,steering_wheel,14,vp14/run1_2018-05-30-10-11-09.ids_4,12,3,talking_on_phone,phone,val,8237
steering_wheel__run1_2018-05-30-10-11-09.ids_4__vp14__ann71__ch0.jpg,steering_wheel,14,vp14/run1_2018-05-30-10-11-09.ids_4,71,0,interacting_with_phone,phone,val,26546
steering_wheel__run2_2018-05-24-14-08-46.ids_4__vp10__ann20__ch4.jpg,steering_wheel,10,vp10/run2_2018-05-24-14-08-46.ids_4,20,4,talking_on_phone,phone,train,10384
steering_wheel__run1b_2018-05-23-16-19-17.ids_4__vp9__ann101__ch18.jpg,steering_wheel,9,vp9/run1b_2018-05-23-16-19-17.ids_4,101,18,interacting_with_phone,phone,train,28212
steering_wheel__run2_2018-05-30-13-34-33.ids_4__vp15__ann14__ch7.jpg,steering_wheel,15,vp15/run2_2018-05-30-13-34-33.ids_4,14,7,talking_on_phone,phone,val,8579
steering_wheel__run2_2018-05-24-16-21-35.ids_4__vp12__ann54__ch1.jpg,steering_wheel,12,vp12/run2_2018-05-24-16-21-35.ids_4,54,1,talking_on_phone,phone,train,21360
steering_wheel__run1_2018-05-24-13-44-01.ids_4__vp11__ann103__ch5.jpg,steering_wheel,11,vp11/run1_2018-05-24-13-44-01.ids_4,103,5,interacting_with_phone,phone,test,35211
steering_wheel__run1_2018-05-29-15-21-10.ids_4__vp13__ann60__ch8.jpg,steering_wheel,13,vp13/run1_2018-05-29-15-21-10.ids_4,60,8,interacting_with_phone,phone,test,30761
steering_wheel__run2b_2018-05-22-15-50-07.ids_4__vp5__ann35__ch6.jpg,steering_wheel,5,vp5/run2b_2018-05-22-15-50-07.ids_4,35,6,talking_on_phone,phone,test,12258
steering_wheel__run1_2018-05-24-15-44-28.ids_4__vp12__ann87__ch4.jpg,steering_wheel,12,vp12/run1_2018-05-24-15-44-28.ids_4,87,4,talking_on_phone,phone,train,36671
steering_wheel__run2_2018-05-24-17-22-26.ids_4__vp2__ann62__ch0.jpg,steering_wheel,2,vp2/run2_2018-05-24-17-22-26.ids_4,62,0,interacting_with_phone,phone,train,26703
steering_wheel__run2_2018-05-30-13-34-33.ids_4__vp15__ann46__ch4.jpg,steering_wheel,15,vp15/run2_2018-05-30-13-34-33.ids_4,46,4,interacting_with_phone,phone,val,15025
steering_wheel__run1_2018-05-29-15-21-10.ids_4__vp13__ann60__ch7.jpg,steering_wheel,13,vp13/run1_2018-05-29-15-21-10.ids_4,60,7,interacting_with_phone,phone,test,30672
steering_wheel__run1_2018-05-24-13-14-41.ids_4__vp10__ann72__ch4.jpg,steering_wheel,10,vp10/run1_2018-05-24-13-14-41.ids_4,72,4,interacting_with_phone,phone,train,24928
steering_wheel__run1_2018-05-23-10-21-45.ids_4__vp6__ann47__ch9.jpg,steering_wheel,6,vp6/run1_2018-05-23-10-21-45.ids_4,47,9,interacting_with_phone,phone,train,25666
steering_wheel__run2_2018-05-23-15-30-27.ids_4__vp8__ann119__ch3.jpg,steering_wheel,8,vp8/run2_2018-05-23-15-30-27.ids_4,119,3,interacting_with_phone,phone,train,36758
steering_wheel__run1b_2018-05-08-08-46-01.ids_4__vp3__ann45__ch11.jpg,steering_wheel,3,vp3/run1b_2018-05-08-08-46-01.ids_4,45,11,talking_on_phone,phone,train,22667
steering_wheel__run1_2018-05-22-13-28-51.ids_4__vp4__ann62__ch7.jpg,steering_wheel,4,vp4/run1_2018-05-22-13-28-51.ids_4,62,7,talking_on_phone,phone,train,35205
steering_wheel__run2_2018-05-22-14-25-04.ids_4__vp4__ann95__ch1.jpg,steering_wheel,4,vp4/run2_2018-05-22-14-25-04.ids_4,95,1,talking_on_phone,phone,train,45838
steering_wheel__run2_2018-05-23-15-30-27.ids_4__vp8__ann38__ch17.jpg,steering_wheel,8,vp8/run2_2018-05-23-15-30-27.ids_4,38,17,talking_on_phone,phone,train,13442
steering_wheel__run2_2018-05-30-11-34-54.ids_4__vp13__ann33__ch6.jpg,steering_wheel,13,vp13/run2_2018-05-30-11-34-54.ids_4,33,6,interacting_with_phone,phone,test,16526
steering_wheel__run1_2018-05-30-10-11-09.ids_4__vp14__ann12__ch6.jpg,steering_wheel,14,vp14/run1_2018-05-30-10-11-09.ids_4,12,6,talking_on_phone,phone,val,8510
steering_wheel__run1_2018-05-24-13-44-01.ids_4__vp11__ann105__ch0.jpg,steering_wheel,11,vp11/run1_2018-05-24-13-44-01.ids_4,105,0,interacting_with_phone,phone,test,35410
steering_wheel__run1_2018-05-24-15-44-28.ids_4__vp12__ann24__ch9.jpg,steering_wheel,12,vp12/run1_2018-05-24-15-44-28.ids_4,24,9,interacting_with_phone,phone,train,13614
steering_wheel__run1_2018-05-22-13-28-51.ids_4__vp4__ann80__ch8.jpg,steering_wheel,4,vp4/run1_2018-05-22-13-28-51.ids_4,80,8,interacting_with_phone,phone,train,41239
steering_wheel__run1_2018-05-03-14-08-31.ids_4__vp2__ann66__ch2.jpg,steering_wheel,2,vp2/run1_2018-05-03-14-08-31.ids_4,66,2,interacting_with_phone,phone,train,39162
steering_wheel__run1_2018-05-22-13-28-51.ids_4__vp4__ann80__ch17.jpg,steering_wheel,4,vp4/run1_2018-05-22-13-28-51.ids_4,80,17,interacting_with_phone,phone,train,42048
steering_wheel__run2_2018-05-30-11-34-54.ids_4__vp13__ann33__ch1.jpg,steering_wheel,13,vp13/run2_2018-05-30-11-34-54.ids_4,33,1,interacting_with_phone,phone,test,16074
steering_wheel__run1_2018-05-24-13-14-41.ids_4__vp10__ann72__ch9.jpg,steering_wheel,10,vp10/run1_2018-05-24-13-14-41.ids_4,72,9,interacting_with_phone,phone,train,25377
steering_wheel__run2_2018-05-24-17-22-26.ids_4__vp2__ann82__ch0.jpg,steering_wheel,2,vp2/run2_2018-05-24-17-22-26.ids_4,82,0,talking_on_phone,phone,train,37978
steering_wheel__run2_2018-05-24-17-22-26.ids_4__vp2__ann62__ch6.jpg,steering_wheel,2,vp2/run2_2018-05-24-17-22-26.ids_4,62,6,interacting_with_phone,phone,train,27239
steering_wheel__run2_2018-05-24-16-21-35.ids_4__vp12__ann114__ch8.jpg,steering_wheel,12,vp12/run2_2018-05-24-16-21-35.ids_4,114,8,interacting_with_phone,phone,train,45388
steering_wheel__run1_2018-05-24-13-14-41.ids_4__vp10__ann62__ch2.jpg,steering_wheel,10,vp10/run1_2018-05-24-13-14-41.ids_4,62,2,talking_on_phone,phone,train,20736
steering_wheel__run2_2018-05-30-10-42-33.ids_4__vp14__ann37__ch6.jpg,steering_wheel,14,vp14/run2_2018-05-30-10-42-33.ids_4,37,6,talking_on_phone,phone,val,17652
steering_wheel__run1_2018-05-30-13-05-35.ids_4__vp15__ann101__ch8.jpg,steering_wheel,15,vp15/run1_2018-05-30-13-05-35.ids_4,101,8,talking_on_phone,phone,val,32193
steering_wheel__run2b_2018-05-23-13-54-07.ids_4__vp7__ann80__ch0.jpg,steering_wheel,7,vp7/run2b_2018-05-23-13-54-07.ids_4,80,0,interacting_with_phone,phone,train,24100
steering_wheel__run1_2018-05-22-15-10-41.ids_4__vp5__ann17__ch0.jpg,steering_wheel,5,vp5/run1_2018-05-22-15-10-41.ids_4,17,0,interacting_with_phone,phone,test,13244
steering_wheel__run2_2018-05-29-14-33-44.ids_4__vp1__ann67__ch15.jpg,steering_wheel,1,vp1/run2_2018-05-29-14-33-44.ids_4,67,15,talking_on_phone,phone,train,28350
steering_wheel__run1b_2018-05-23-16-19-17.ids_4__vp9__ann101__ch13.jpg,steering_wheel,9,vp9/run1b_2018-05-23-16-19-17.ids_4,101,13,interacting_with_phone,phone,train,27763
steering_wheel__run2b_2018-05-23-13-54-07.ids_4__vp7__ann44__ch0.jpg,steering_wheel,7,vp7/run2b_2018-05-23-13-54-07.ids_4,44,0,interacting_with_phone,phone,train,17445
steering_wheel__run2_2018-05-24-14-35-56.ids_4__vp11__ann56__ch1.jpg,steering_wheel,11,vp11/run2_2018-05-24-14-35-56.ids_4,56,1,talking_on_phone,phone,test,14179
steering_wheel__run2_2018-05-23-15-30-27.ids_4__vp8__ann38__ch6.jpg,steering_wheel,8,vp8/run2_2018-05-23-15-30-27.ids_4,38,6,talking_on_phone,phone,train,12457
steering_wheel__run2b_2018-05-22-15-50-07.ids_4__vp5__ann35__ch5.jpg,steering_wheel,5,vp5/run2b_2018-05-22-15-50-07.ids_4,35,5,talking_on_phone,phone,test,12168
steering_wheel__run2_2018-05-23-15-30-27.ids_4__vp8__ann34__ch0.jpg,steering_wheel,8,vp8/run2_2018-05-23-15-30-27.ids_4,34,0,interacting_with_phone,phone,train,11386
steering_wheel__run2_2018-05-24-14-08-46.ids_4__vp10__ann115__ch4.jpg,steering_wheel,10,vp10/run2_2018-05-24-14-08-46.ids_4,115,4,interacting_with_phone,phone,train,38746
steering_wheel__run2_2018-05-29-14-33-44.ids_4__vp1__ann67__ch5.jpg,steering_wheel,1,vp1/run2_2018-05-29-14-33-44.ids_4,67,5,talking_on_phone,phone,train,27441
steering_wheel__run2_2018-05-29-14-33-44.ids_4__vp1__ann92__ch8.jpg,steering_wheel,1,vp1/run2_2018-05-29-14-33-44.ids_4,92,8,interacting_with_phone,phone,train,41177
steering_wheel__run1_2018-05-30-13-05-35.ids_4__vp15__ann101__ch1.jpg,steering_wheel,15,vp15/run1_2018-05-30-13-05-35.ids_4,101,1,talking_on_phone,phone,val,31561
steering_wheel__run1b_2018-05-23-16-19-17.ids_4__vp9__ann101__ch10.jpg,steering_wheel,9,vp9/run1b_2018-05-23-16-19-17.ids_4,101,10,interacting_with_phone,phone,train,27493
steering_wheel__run1_2018-05-23-13-16-52.ids_4__vp7__ann102__ch1.jpg,steering_wheel,7,vp7/run1_2018-05-23-13-16-52.ids_4,102,1,interacting_with_phone,phone,train,33058
steering_wheel__run1_2018-05-23-13-16-52.ids_4__vp7__ann108__ch6.jpg,steering_wheel,7,vp7/run1_2018-05-23-13-16-52.ids_4,108,6,talking_on_phone,phone,train,34187
steering_wheel__run2_2018-05-30-10-42-33.ids_4__vp14__ann60__ch3.jpg,steering_wheel,14,vp14/run2_2018-05-30-10-42-33.ids_4,60,3,interacting_with_phone,phone,val,26310
steering_wheel__run2_2018-05-24-14-08-46.ids_4__vp10__ann115__ch2.jpg,steering_wheel,10,vp10/run2_2018-05-24-14-08-46.ids_4,115,2,interacting_with_phone,phone,train,38565
steering_wheel__run1_2018-05-24-13-44-01.ids_4__vp11__ann103__ch1.jpg,steering_wheel,11,vp11/run1_2018-05-24-13-44-01.ids_4,103,1,interacting_with_phone,phone,test,34853
steering_wheel__run2_2018-05-30-10-42-33.ids_4__vp14__ann108__ch5.jpg,steering_wheel,14,vp14/run2_2018-05-30-10-42-33.ids_4,108,5,interacting_with_phone,phone,val,42514
steering_wheel__run1_2018-05-30-13-05-35.ids_4__vp15__ann101__ch4.jpg,steering_wheel,15,vp15/run1_2018-05-30-13-05-35.ids_4,101,4,talking_on_phone,phone,val,31833
steering_wheel__run1b_2018-05-23-16-19-17.ids_4__vp9__ann101__ch2.jpg,steering_wheel,9,vp9/run1b_2018-05-23-16-19-17.ids_4,101,2,interacting_with_phone,phone,train,26768
steering_wheel__run1_2018-05-30-13-05-35.ids_4__vp15__ann101__ch3.jpg,steering_wheel,15,vp15/run1_2018-05-30-13-05-35.ids_4,101,3,talking_on_phone,phone,val,31742
steering_wheel__run2_2018-05-24-16-21-35.ids_4__vp12__ann54__ch3.jpg,steering_wheel,12,vp12/run2_2018-05-24-16-21-35.ids_4,54,3,talking_on_phone,phone,train,21540
steering_wheel__run2_2018-05-22-14-25-04.ids_4__vp4__ann54__ch7.jpg,steering_wheel,4,vp4/run2_2018-05-22-14-25-04.ids_4,54,7,interacting_with_phone,phone,train,29895
steering_wheel__run2_2018-05-24-17-22-26.ids_4__vp2__ann82__ch1.jpg,steering_wheel,2,vp2/run2_2018-05-24-17-22-26.ids_4,82,1,talking_on_phone,phone,train,38068
steering_wheel__run1_2018-05-23-13-16-52.ids_4__vp7__ann108__ch2.jpg,steering_wheel,7,vp7/run1_2018-05-23-13-16-52.ids_4,108,2,talking_on_phone,phone,train,33816
steering_wheel__run1_2018-05-30-13-05-35.ids_4__vp15__ann101__ch12.jpg,steering_wheel,15,vp15/run1_2018-05-30-13-05-35.ids_4,101,12,talking_on_phone,phone,val,32539
steering_wheel__run2_2018-05-23-15-30-27.ids_4__vp8__ann34__ch1.jpg,steering_wheel,8,vp8/run2_2018-05-23-15-30-27.ids_4,34,1,interacting_with_phone,phone,train,11476
steering_wheel__run1d_2018-05-23-14-54-38.ids_4__vp8__ann31__ch3.jpg,steering_wheel,8,vp8/run1d_2018-05-23-14-54-38.ids_4,31,3,talking_on_phone,phone,train,19385
steering_wheel__run1_2018-05-29-15-21-10.ids_4__vp13__ann71__ch0.jpg,steering_wheel,13,vp13/run1_2018-05-29-15-21-10.ids_4,71,0,interacting_with_phone,phone,test,32957
steering_wheel__run1_2018-05-24-13-44-01.ids_4__vp11__ann32__ch12.jpg,steering_wheel,11,vp11/run1_2018-05-24-13-44-01.ids_4,32,12,talking_on_phone,phone,test,18056
steering_wheel__run1b_2018-05-29-14-02-47.ids_4__vp1__ann20__ch12.jpg,steering_wheel,1,vp1/run1b_2018-05-29-14-02-47.ids_4,20,12,interacting_with_phone,phone,train,9251
steering_wheel__run2_2018-05-24-14-08-46.ids_4__vp10__ann18__ch3.jpg,steering_wheel,10,vp10/run2_2018-05-24-14-08-46.ids_4,18,3,talking_on_phone,phone,train,9383
steering_wheel__run1b_2018-05-08-08-46-01.ids_4__vp3__ann34__ch8.jpg,steering_wheel,3,vp3/run1b_2018-05-08-08-46-01.ids_4,34,8,interacting_with_phone,phone,train,19300
steering_wheel__run1_2018-05-24-15-44-28.ids_4__vp12__ann24__ch1.jpg,steering_wheel,12,vp12/run1_2018-05-24-15-44-28.ids_4,24,1,interacting_with_phone,phone,train,12894
steering_wheel__run1_2018-05-24-13-14-41.ids_4__vp10__ann72__ch7.jpg,steering_wheel,10,vp10/run1_2018-05-24-13-14-41.ids_4,72,7,interacting_with_phone,phone,train,25198
steering_wheel__run1_2018-05-22-13-28-51.ids_4__vp4__ann80__ch0.jpg,steering_wheel,4,vp4/run1_2018-05-22-13-28-51.ids_4,80,0,interacting_with_phone,phone,train,40520
steering_wheel__run1_2018-05-30-10-11-09.ids_4__vp14__ann98__ch6.jpg,steering_wheel,14,vp14/run1_2018-05-30-10-11-09.ids_4,98,6,interacting_with_phone,phone,val,45295
steering_wheel__run1b_2018-05-29-14-02-47.ids_4__vp1__ann88__ch1.jpg,steering_wheel,1,vp1/run1b_2018-05-29-14-02-47.ids_4,88,1,interacting_with_phone,phone,train,25253
steering_wheel__run2_2018-05-24-17-22-26.ids_4__vp2__ann79__ch1.jpg,steering_wheel,2,vp2/run2_2018-05-24-17-22-26.ids_4,79,1,interacting_with_phone,phone,train,37633
steering_wheel__run2b_2018-05-22-15-50-07.ids_4__vp5__ann35__ch4.jpg,steering_wheel,5,vp5/run2b_2018-05-22-15-50-07.ids_4,35,4,talking_on_phone,phone,test,12078
steering_wheel__run2_2018-05-22-14-25-04.ids_4__vp4__ann95__ch6.jpg,steering_wheel,4,vp4/run2_2018-05-22-14-25-04.ids_4,95,6,talking_on_phone,phone,train,46267
steering_wheel__run1_2018-05-24-13-14-41.ids_4__vp10__ann72__ch5.jpg,steering_wheel,10,vp10/run1_2018-05-24-13-14-41.ids_4,72,5,interacting_with_phone,phone,train,25018
steering_wheel__run1d_2018-05-23-14-54-38.ids_4__vp8__ann23__ch6.jpg,steering_wheel,8,vp8/run1d_2018-05-23-14-54-38.ids_4,23,6,interacting_with_phone,phone,train,16371
steering_wheel__run2_2018-05-24-17-22-26.ids_4__vp2__ann62__ch3.jpg,steering_wheel,2,vp2/run2_2018-05-24-17-22-26.ids_4,62,3,interacting_with_phone,phone,train,26970
steering_wheel__run1_2018-05-23-13-16-52.ids_4__vp7__ann36__ch1.jpg,steering_wheel,7,vp7/run1_2018-05-23-13-16-52.ids_4,36,1,interacting_with_phone,phone,train,15098
steering_wheel__run1_2018-05-24-13-44-01.ids_4__vp11__ann32__ch6.jpg,steering_wheel,11,vp11/run1_2018-05-24-13-44-01.ids_4,32,6,talking_on_phone,phone,test,17515
steering_wheel__run1_2018-05-03-14-08-31.ids_4__vp2__ann59__ch6.jpg,steering_wheel,2,vp2/run1_2018-05-03-14-08-31.ids_4,59,6,interacting_with_phone,phone,train,35858
steering_wheel__run2_2018-05-24-14-35-56.ids_4__vp11__ann99__ch8.jpg,steering_wheel,11,vp11/run2_2018-05-24-14-35-56.ids_4,99,8,interacting_with_phone,phone,test,25341
steering_wheel__run1_2018-05-23-13-16-52.ids_4__vp7__ann107__ch1.jpg,steering_wheel,7,vp7/run1_2018-05-23-13-16-52.ids_4,107,1,interacting_with_phone,phone,train,33540
steering_wheel__run2b_2018-05-23-13-54-07.ids_4__vp7__ann69__ch1.jpg,steering_wheel,7,vp7/run2b_2018-05-23-13-54-07.ids_4,69,1,interacting_with_phone,phone,train,22442
steering_wheel__run1_2018-05-23-13-16-52.ids_4__vp7__ann38__ch2.jpg,steering_wheel,7,vp7/run1_2018-05-23-13-16-52.ids_4,38,2,interacting_with_phone,phone,train,15596
steering_wheel__run2b_2018-05-22-15-50-07.ids_4__vp5__ann34__ch1.jpg,steering_wheel,5,vp5/run2b_2018-05-22-15-50-07.ids_4,34,1,interacting_with_phone,phone,test,11665
steering_wheel__run1_2018-05-24-13-44-01.ids_4__vp11__ann31__ch0.jpg,steering_wheel,11,vp11/run1_2018-05-24-13-44-01.ids_4,31,0,interacting_with_phone,phone,test,16211
steering_wheel__run2_2018-05-30-10-42-33.ids_4__vp14__ann60__ch7.jpg,steering_wheel,14,vp14/run2_2018-05-30-10-42-33.ids_4,60,7,interacting_with_phone,phone,val,26671
steering_wheel__run2_2018-05-24-14-08-46.ids_4__vp10__ann115__ch10.jpg,steering_wheel,10,vp10/run2_2018-05-24-14-08-46.ids_4,115,10,interacting_with_phone,phone,train,39289
steering_wheel__run1_2018-05-23-13-16-52.ids_4__vp7__ann108__ch8.jpg,steering_wheel,7,vp7/run1_2018-05-23-13-16-52.ids_4,108,8,talking_on_phone,phone,train,34345
steering_wheel__run2_2018-05-23-11-05-00.ids_4__vp6__ann74__ch1.jpg,steering_wheel,6,vp6/run2_2018-05-23-11-05-00.ids_4,74,1,interacting_with_phone,phone,train,32570
steering_wheel__run2_2018-05-30-13-34-33.ids_4__vp15__ann14__ch18.jpg,steering_wheel,15,vp15/run2_2018-05-30-13-34-33.ids_4,14,18,talking_on_phone,phone,val,9574
steering_wheel__run1_2018-05-22-15-10-41.ids_4__vp5__ann17__ch3.jpg,steering_wheel,5,vp5/run1_2018-05-22-15-10-41.ids_4,17,3,interacting_with_phone,phone,test,13515
steering_wheel__run1_2018-05-22-15-10-41.ids_4__vp5__ann81__ch4.jpg,steering_wheel,5,vp5/run1_2018-05-22-15-10-41.ids_4,81,4,talking_on_phone,phone,test,32997
steering_wheel__run1_2018-05-30-10-11-09.ids_4__vp14__ann98__ch10.jpg,steering_wheel,14,vp14/run1_2018-05-30-10-11-09.ids_4,98,10,interacting_with_phone,phone,val,45658
steering_wheel__run1_2018-05-29-15-21-10.ids_4__vp13__ann72__ch11.jpg,steering_wheel,13,vp13/run1_2018-05-29-15-21-10.ids_4,72,11,talking_on_phone,phone,test,34034
steering_wheel__run1_2018-05-30-13-05-35.ids_4__vp15__ann41__ch1.jpg,steering_wheel,15,vp15/run1_2018-05-30-13-05-35.ids_4,41,1,interacting_with_phone,phone,val,13116
steering_wheel__run2_2018-05-23-15-30-27.ids_4__vp8__ann119__ch7.jpg,steering_wheel,8,vp8/run2_2018-05-23-15-30-27.ids_4,119,7,interacting_with_phone,phone,train,37118
steering_wheel__run1_2018-05-03-14-08-31.ids_4__vp2__ann66__ch4.jpg,steering_wheel,2,vp2/run1_2018-05-03-14-08-31.ids_4,66,4,interacting_with_phone,phone,train,39343
steering_wheel__run2_2018-05-24-16-21-35.ids_4__vp12__ann114__ch1.jpg,steering_wheel,12,vp12/run2_2018-05-24-16-21-35.ids_4,114,1,interacting_with_phone,phone,train,44755
steering_wheel__run1_2018-05-22-13-28-51.ids_4__vp4__ann62__ch4.jpg,steering_wheel,4,vp4/run1_2018-05-22-13-28-51.ids_4,62,4,talking_on_phone,phone,train,34933
steering_wheel__run1b_2018-05-29-14-02-47.ids_4__vp1__ann90__ch0.jpg,steering_wheel,1,vp1/run1b_2018-05-29-14-02-47.ids_4,90,0,talking_on_phone,phone,train,25754
steering_wheel__run2_2018-05-30-11-34-54.ids_4__vp13__ann33__ch11.jpg,steering_wheel,13,vp13/run2_2018-05-30-11-34-54.ids_4,33,11,interacting_with_phone,phone,test,16979
steering_wheel__run1b_2018-05-23-16-19-17.ids_4__vp9__ann101__ch0.jpg,steering_wheel,9,vp9/run1b_2018-05-23-16-19-17.ids_4,101,0,interacting_with_phone,phone,train,26586
steering_wheel__run1_2018-05-29-15-21-10.ids_4__vp13__ann72__ch2.jpg,steering_wheel,13,vp13/run1_2018-05-29-15-21-10.ids_4,72,2,talking_on_phone,phone,test,33224
steering_wheel__run2_2018-05-24-14-35-56.ids_4__vp11__ann56__ch8.jpg,steering_wheel,11,vp11/run2_2018-05-24-14-35-56.ids_4,56,8,talking_on_phone,phone,test,14812
steering_wheel__run2_2018-05-22-14-25-04.ids_4__vp4__ann95__ch5.jpg,steering_wheel,4,vp4/run2_2018-05-22-14-25-04.ids_4,95,5,talking_on_phone,phone,train,46197
steering_wheel__run1b_2018-05-08-08-46-01.ids_4__vp3__ann34__ch1.jpg,steering_wheel,3,vp3/run1b_2018-05-08-08-46-01.ids_4,34,1,interacting_with_phone,phone,train,18688
steering_wheel__run1b_2018-05-23-16-19-17.ids_4__vp9__ann101__ch3.jpg,steering_wheel,9,vp9/run1b_2018-05-23-16-19-17.ids_4,101,3,interacting_with_phone,phone,train,26859
steering_wheel__run2_2018-05-24-14-08-46.ids_4__vp10__ann20__ch7.jpg,steering_wheel,10,vp10/run2_2018-05-24-14-08-46.ids_4,20,7,talking_on_phone,phone,train,10653
steering_wheel__run1b_2018-05-08-08-46-01.ids_4__vp3__ann45__ch10.jpg,steering_wheel,3,vp3/run1b_2018-05-08-08-46-01.ids_4,45,10,talking_on_phone,phone,train,22577
steering_wheel__run1b_2018-05-08-08-46-01.ids_4__vp3__ann45__ch13.jpg,steering_wheel,3,vp3/run1b_2018-05-08-08-46-01.ids_4,45,13,talking_on_phone,phone,train,22847
steering_wheel__run2b_2018-05-23-13-54-07.ids_4__vp7__ann44__ch1.jpg,steering_wheel,7,vp7/run2b_2018-05-23-13-54-07.ids_4,44,1,interacting_with_phone,phone,train,17538
steering_wheel__run2_2018-05-24-17-22-26.ids_4__vp2__ann82__ch12.jpg,steering_wheel,2,vp2/run2_2018-05-24-17-22-26.ids_4,82,12,talking_on_phone,phone,train,39067
steering_wheel__run2_2018-05-30-10-42-33.ids_4__vp14__ann37__ch4.jpg,steering_wheel,14,vp14/run2_2018-05-30-10-42-33.ids_4,37,4,talking_on_phone,phone,val,17472
steering_wheel__run2b_2018-05-22-15-50-07.ids_4__vp5__ann35__ch7.jpg,steering_wheel,5,vp5/run2b_2018-05-22-15-50-07.ids_4,35,7,talking_on_phone,phone,test,12347
steering_wheel__run2b_2018-05-23-13-54-07.ids_4__vp7__ann82__ch0.jpg,steering_wheel,7,vp7/run2b_2018-05-23-13-54-07.ids_4,82,0,interacting_with_phone,phone,train,24168
steering_wheel__run2_2018-05-22-14-25-04.ids_4__vp4__ann96__ch2.jpg,steering_wheel,4,vp4/run2_2018-05-22-14-25-04.ids_4,96,2,interacting_with_phone,phone,train,46519
steering_wheel__run2b_2018-05-22-15-50-07.ids_4__vp5__ann45__ch18.jpg,steering_wheel,5,vp5/run2b_2018-05-22-15-50-07.ids_4,45,18,sitting_still,safe,test,17770
steering_wheel__run1_2018-05-24-13-14-41.ids_4__vp10__ann53__ch1.jpg,steering_wheel,10,vp10/run1_2018-05-24-13-14-41.ids_4,53,1,sitting_still,safe,train,17857
a_column_co_driver__run2b_2018-05-23-13-54-07.ids_2__vp7__ann19__ch11.jpg,a_column_co_driver,7,vp7/run2b_2018-05-23-13-54-07.ids_2,19,11,sitting_still,safe,train,10179
ceiling__run2_2018-05-29-14-33-44.ids_3__vp1__ann85__ch3.jpg,ceiling,1,vp1/run2_2018-05-29-14-33-44.ids_3,85,3,taking_off_sunglasses,safe,train,37942
ceiling__run1b_2018-05-29-14-02-47.ids_3__vp1__ann43__ch0.jpg,ceiling,1,vp1/run1b_2018-05-29-14-02-47.ids_3,43,0,sitting_still,safe,train,13133
inner_mirror__run2_2018-05-23-15-30-27.ids_1__vp8__ann83__ch3.jpg,inner_mirror,8,vp8/run2_2018-05-23-15-30-27.ids_1,83,3,sitting_still,safe,train,26042
a_column_co_driver__run1_2018-05-22-13-28-51.ids_2__vp4__ann126__ch0.jpg,a_column_co_driver,4,vp4/run1_2018-05-22-13-28-51.ids_2,126,0,sitting_still,safe,train,56143
ceiling__run1b_2018-05-08-08-46-01.ids_3__vp3__ann54__ch4.jpg,ceiling,3,vp3/run1b_2018-05-08-08-46-01.ids_3,54,4,sitting_still,safe,train,24251
a_column_co_driver__run2b_2018-05-22-15-50-07.ids_2__vp5__ann93__ch7.jpg,a_column_co_driver,5,vp5/run2b_2018-05-22-15-50-07.ids_2,93,7,sitting_still,safe,test,32936
steering_wheel__run1d_2018-05-23-14-54-38.ids_4__vp8__ann75__ch7.jpg,steering_wheel,8,vp8/run1d_2018-05-23-14-54-38.ids_4,75,7,sitting_still,safe,train,36612
ceiling__run2b_2018-05-23-13-54-07.ids_3__vp7__ann19__ch2.jpg,ceiling,7,vp7/run2b_2018-05-23-13-54-07.ids_3,19,2,sitting_still,safe,train,9491
inner_mirror__run2_2018-05-24-14-35-56.ids_1__vp11__ann22__ch4.jpg,inner_mirror,11,vp11/run2_2018-05-24-14-35-56.ids_1,22,4,sitting_still,safe,test,8568
inner_mirror__run1_2018-05-22-13-28-51.ids_1__vp4__ann105__ch1.jpg,inner_mirror,4,vp4/run1_2018-05-22-13-28-51.ids_1,105,1,sitting_still,safe,train,46924
steering_wheel__run1b_2018-05-29-14-02-47.ids_4__vp1__ann132__ch5.jpg,steering_wheel,1,vp1/run1b_2018-05-29-14-02-47.ids_4,132,5,sitting_still,safe,train,34747
a_column_driver__run1b_2018-05-29-14-02-47.ids_5__vp1__ann41__ch0.jpg,a_column_driver,1,vp1/run1b_2018-05-29-14-02-47.ids_5,41,0,sitting_still,safe,train,12952
a_column_driver__run2_2018-05-23-11-05-00.ids_5__vp6__ann83__ch1.jpg,a_column_driver,6,vp6/run2_2018-05-23-11-05-00.ids_5,83,1,sitting_still,safe,train,35066
inner_mirror__run2_2018-05-29-14-33-44.ids_1__vp1__ann21__ch0.jpg,inner_mirror,1,vp1/run2_2018-05-29-14-33-44.ids_1,21,0,unfastening_seat_belt,safe,train,14399
a_column_driver__run2_2018-05-30-11-34-54.ids_5__vp13__ann74__ch41.jpg,a_column_driver,13,vp13/run2_2018-05-30-11-34-54.ids_5,74,41,sitting_still,safe,test,34597
steering_wheel__run1_2018-05-22-15-10-41.ids_4__vp5__ann136__ch0.jpg,steering_wheel,5,vp5/run1_2018-05-22-15-10-41.ids_4,136,0,sitting_still,safe,test,50256
steering_wheel__run1_2018-05-30-10-11-09.ids_4__vp14__ann93__ch5.jpg,steering_wheel,14,vp14/run1_2018-05-30-10-11-09.ids_4,93,5,sitting_still,safe,val,42167
a_column_co_driver__run1_2018-05-30-10-11-09.ids_2__vp14__ann106__ch1.jpg,a_column_co_driver,14,vp14/run1_2018-05-30-10-11-09.ids_2,106,1,unfastening_seat_belt,safe,val,48161
steering_wheel__run2_2018-05-29-14-33-44.ids_4__vp1__ann81__ch23.jpg,steering_wheel,1,vp1/run2_2018-05-29-14-33-44.ids_4,81,23,sitting_still,safe,train,35140
inner_mirror__run2_2018-05-29-14-33-44.ids_1__vp1__ann81__ch36.jpg,inner_mirror,1,vp1/run2_2018-05-29-14-33-44.ids_1,81,36,sitting_still,safe,train,36137
a_column_driver__run2_2018-05-24-17-22-26.ids_5__vp2__ann75__ch8.jpg,a_column_driver,2,vp2/run2_2018-05-24-17-22-26.ids_5,75,8,sitting_still,safe,train,36514
a_column_driver__run1_2018-05-03-14-08-31.ids_5__vp2__ann82__ch22.jpg,a_column_driver,2,vp2/run1_2018-05-03-14-08-31.ids_5,82,22,sitting_still,safe,train,43305
ceiling__run2_2018-05-24-14-08-46.ids_3__vp10__ann30__ch4.jpg,ceiling,10,vp10/run2_2018-05-24-14-08-46.ids_3,30,4,sitting_still,safe,train,17160
a_column_driver__run2_2018-05-23-15-30-27.ids_5__vp8__ann74__ch6.jpg,a_column_driver,8,vp8/run2_2018-05-23-15-30-27.ids_5,74,6,sitting_still,safe,train,23072
a_column_co_driver__run1_2018-05-23-10-21-45.ids_2__vp6__ann64__ch0.jpg,a_column_co_driver,6,vp6/run1_2018-05-23-10-21-45.ids_2,64,0,sitting_still,safe,train,30742
steering_wheel__run2_2018-05-30-11-34-54.ids_4__vp13__ann61__ch1.jpg,steering_wheel,13,vp13/run2_2018-05-30-11-34-54.ids_4,61,1,taking_off_sunglasses,safe,test,25489
inner_mirror__run1_2018-05-22-15-10-41.ids_1__vp5__ann102__ch5.jpg,inner_mirror,5,vp5/run1_2018-05-22-15-10-41.ids_1,102,5,sitting_still,safe,test,40893
inner_mirror__run2_2018-05-23-15-30-27.ids_1__vp8__ann104__ch0.jpg,inner_mirror,8,vp8/run2_2018-05-23-15-30-27.ids_1,104,0,sitting_still,safe,train,30465
steering_wheel__run2_2018-05-23-15-30-27.ids_4__vp8__ann100__ch0.jpg,steering_wheel,8,vp8/run2_2018-05-23-15-30-27.ids_4,100,0,unfastening_seat_belt,safe,train,29782
steering_wheel__run1_2018-05-23-10-21-45.ids_4__vp6__ann71__ch2.jpg,steering_wheel,6,vp6/run1_2018-05-23-10-21-45.ids_4,71,2,sitting_still,safe,train,34533
a_column_driver__run2_2018-05-29-14-33-44.ids_5__vp1__ann15__ch1.jpg,a_column_driver,1,vp1/run2_2018-05-29-14-33-44.ids_5,15,1,sitting_still,safe,train,9843
inner_mirror__run2_2018-05-29-14-33-44.ids_1__vp1__ann15__ch4.jpg,inner_mirror,1,vp1/run2_2018-05-29-14-33-44.ids_1,15,4,sitting_still,safe,train,10104
steering_wheel__run2_2018-05-30-11-34-54.ids_4__vp13__ann74__ch46.jpg,steering_wheel,13,vp13/run2_2018-05-30-11-34-54.ids_4,74,46,sitting_still,safe,test,35165
inner_mirror__run1_2018-05-24-15-44-28.ids_1__vp12__ann17__ch0.jpg,inner_mirror,12,vp12/run1_2018-05-24-15-44-28.ids_1,17,0,sitting_still,safe,train,9769
ceiling__run1b_2018-05-29-14-02-47.ids_3__vp1__ann139__ch7.jpg,ceiling,1,vp1/run1b_2018-05-29-14-02-47.ids_3,139,7,sitting_still,safe,train,36885
a_column_driver__run1_2018-05-22-13-28-51.ids_5__vp4__ann118__ch1.jpg,a_column_driver,4,vp4/run1_2018-05-22-13-28-51.ids_5,118,1,sitting_still,safe,train,54026
steering_wheel__run1d_2018-05-23-14-54-38.ids_4__vp8__ann29__ch0.jpg,steering_wheel,8,vp8/run1d_2018-05-23-14-54-38.ids_4,29,0,sitting_still,safe,train,17588
steering_wheel__run2_2018-05-23-11-05-00.ids_4__vp6__ann45__ch10.jpg,steering_wheel,6,vp6/run2_2018-05-23-11-05-00.ids_4,45,10,sitting_still,safe,train,24009
steering_wheel__run2_2018-05-24-14-35-56.ids_4__vp11__ann52__ch0.jpg,steering_wheel,11,vp11/run2_2018-05-24-14-35-56.ids_4,52,0,sitting_still,safe,test,13527
inner_mirror__run2_2018-05-30-10-42-33.ids_1__vp14__ann106__ch3.jpg,inner_mirror,14,vp14/run2_2018-05-30-10-42-33.ids_1,106,3,sitting_still,safe,val,41353
a_column_co_driver__run1_2018-05-24-15-44-28.ids_2__vp12__ann17__ch1.jpg,a_column_co_driver,12,vp12/run1_2018-05-24-15-44-28.ids_2,17,1,sitting_still,safe,train,9844
a_column_co_driver__run1_2018-05-30-13-05-35.ids_2__vp15__ann47__ch3.jpg,a_column_co_driver,15,vp15/run1_2018-05-30-13-05-35.ids_2,47,3,sitting_still,safe,val,13950
a_column_driver__run1_2018-05-23-10-21-45.ids_5__vp6__ann13__ch18.jpg,a_column_driver,6,vp6/run1_2018-05-23-10-21-45.ids_5,13,18,sitting_still,safe,train,12735
steering_wheel__run1_2018-05-23-13-16-52.ids_4__vp7__ann34__ch6.jpg,steering_wheel,7,vp7/run1_2018-05-23-13-16-52.ids_4,34,6,sitting_still,safe,train,14164
steering_wheel__run1_2018-05-24-15-44-28.ids_4__vp12__ann17__ch2.jpg,steering_wheel,12,vp12/run1_2018-05-24-15-44-28.ids_4,17,2,sitting_still,safe,train,9991
a_column_driver__run1_2018-05-30-10-11-09.ids_5__vp14__ann93__ch9.jpg,a_column_driver,14,vp14/run1_2018-05-30-10-11-09.ids_5,93,9,sitting_still,safe,val,42385
a_column_driver__run2_2018-05-22-14-25-04.ids_5__vp4__ann24__ch0.jpg,a_column_driver,4,vp4/run2_2018-05-22-14-25-04.ids_5,24,0,sitting_still,safe,train,18246
ceiling__run2_2018-05-24-14-35-56.ids_3__vp11__ann39__ch1.jpg,ceiling,11,vp11/run2_2018-05-24-14-35-56.ids_3,39,1,fastening_seat_belt,safe,test,11861
ceiling__run1_2018-05-24-13-44-01.ids_3__vp11__ann71__ch1.jpg,ceiling,11,vp11/run1_2018-05-24-13-44-01.ids_3,71,1,sitting_still,safe,test,28887
steering_wheel__run2_2018-05-23-15-30-27.ids_4__vp8__ann66__ch0.jpg,steering_wheel,8,vp8/run2_2018-05-23-15-30-27.ids_4,66,0,sitting_still,safe,train,20394
a_column_co_driver__run1d_2018-05-23-14-54-38.ids_2__vp8__ann69__ch4.jpg,a_column_co_driver,8,vp8/run1d_2018-05-23-14-54-38.ids_2,69,4,sitting_still,safe,train,33882
inner_mirror__run1_2018-05-23-13-16-52.ids_1__vp7__ann34__ch1.jpg,inner_mirror,7,vp7/run1_2018-05-23-13-16-52.ids_1,34,1,sitting_still,safe,train,13213
steering_wheel__run2_2018-05-23-11-05-00.ids_4__vp6__ann18__ch1.jpg,steering_wheel,6,vp6/run2_2018-05-23-11-05-00.ids_4,18,1,sitting_still,safe,train,10680
a_column_driver__run1_2018-05-03-14-08-31.ids_5__vp2__ann79__ch0.jpg,a_column_driver,2,vp2/run1_2018-05-03-14-08-31.ids_5,79,0,taking_off_sunglasses,safe,train,41006
steering_wheel__run1_2018-05-03-14-08-31.ids_4__vp2__ann54__ch12.jpg,steering_wheel,2,vp2/run1_2018-05-03-14-08-31.ids_4,54,12,sitting_still,safe,train,33729
a_column_co_driver__run2_2018-05-30-10-42-33.ids_2__vp14__ann33__ch0.jpg,a_column_co_driver,14,vp14/run2_2018-05-30-10-42-33.ids_2,33,0,taking_off_sunglasses,safe,val,16664
steering_wheel__run2b_2018-05-22-15-50-07.ids_4__vp5__ann93__ch13.jpg,steering_wheel,5,vp5/run2b_2018-05-22-15-50-07.ids_4,93,13,sitting_still,safe,test,33596
ceiling__run1b_2018-05-23-16-19-17.ids_3__vp9__ann42__ch1.jpg,ceiling,9,vp9/run1b_2018-05-23-16-19-17.ids_3,42,1,looking_or_moving_around (e.g. searching),safe,train,14829
steering_wheel__run1_2018-05-23-13-16-52.ids_4__vp7__ann117__ch0.jpg,steering_wheel,7,vp7/run1_2018-05-23-13-16-52.ids_4,117,0,fastening_seat_belt,safe,train,38659
steering_wheel__run2_2018-05-30-13-34-33.ids_4__vp15__ann77__ch0.jpg,steering_wheel,15,vp15/run2_2018-05-30-13-34-33.ids_4,77,0,taking_off_sunglasses,safe,val,24708
steering_wheel__run1_2018-05-24-13-44-01.ids_4__vp11__ann29__ch14.jpg,steering_wheel,11,vp11/run1_2018-05-24-13-44-01.ids_4,29,14,sitting_still,safe,test,15797
steering_wheel__run1b_2018-05-29-14-02-47.ids_4__vp1__ann79__ch6.jpg,steering_wheel,1,vp1/run1b_2018-05-29-14-02-47.ids_4,79,6,sitting_still,safe,train,23363
steering_wheel__run1_2018-05-29-15-21-10.ids_4__vp13__ann35__ch3.jpg,steering_wheel,13,vp13/run1_2018-05-29-15-21-10.ids_4,35,3,sitting_still,safe,test,20277
steering_wheel__run2_2018-05-22-14-25-04.ids_4__vp4__ann88__ch1.jpg,steering_wheel,4,vp4/run2_2018-05-22-14-25-04.ids_4,88,1,sitting_still,safe,train,41557
a_column_driver__run1_2018-05-24-13-14-41.ids_5__vp10__ann9__ch0.jpg,a_column_driver,10,vp10/run1_2018-05-24-13-14-41.ids_5,9,0,sitting_still,safe,train,8910
a_column_driver__run1_2018-05-24-13-44-01.ids_5__vp11__ann26__ch4.jpg,a_column_driver,11,vp11/run1_2018-05-24-13-44-01.ids_5,26,4,sitting_still,safe,test,13786
a_column_co_driver__run1_2018-05-22-15-10-41.ids_2__vp5__ann74__ch0.jpg,a_column_co_driver,5,vp5/run1_2018-05-22-15-10-41.ids_2,74,0,taking_off_sunglasses,safe,test,31114
inner_mirror__run1b_2018-05-29-14-02-47.ids_1__vp1__ann132__ch5.jpg,inner_mirror,1,vp1/run1b_2018-05-29-14-02-47.ids_1,132,5,sitting_still,safe,train,34584
steering_wheel__run2_2018-05-23-11-05-00.ids_4__vp6__ann45__ch19.jpg,steering_wheel,6,vp6/run2_2018-05-23-11-05-00.ids_4,45,19,sitting_still,safe,train,24824
steering_wheel__run2b_2018-05-23-13-54-07.ids_4__vp7__ann34__ch0.jpg,steering_wheel,7,vp7/run2b_2018-05-23-13-54-07.ids_4,34,0,sitting_still,safe,train,14367
a_column_co_driver__run2_2018-05-30-11-34-54.ids_2__vp13__ann74__ch32.jpg,a_column_co_driver,13,vp13/run2_2018-05-30-11-34-54.ids_2,74,32,sitting_still,safe,test,33697
a_column_co_driver__run1_2018-05-23-10-21-45.ids_2__vp6__ann103__ch8.jpg,a_column_co_driver,6,vp6/run1_2018-05-23-10-21-45.ids_2,103,8,sitting_still,safe,train,49699
ceiling__run1_2018-05-03-14-08-31.ids_3__vp2__ann52__ch0.jpg,ceiling,2,vp2/run1_2018-05-03-14-08-31.ids_3,52,0,putting_on_sunglasses,safe,train,32412
a_column_driver__run1_2018-05-29-15-21-10.ids_5__vp13__ann79__ch57.jpg,a_column_driver,13,vp13/run1_2018-05-29-15-21-10.ids_5,79,57,sitting_still,safe,test,40824
a_column_driver__run2b_2018-05-22-15-50-07.ids_5__vp5__ann58__ch4.jpg,a_column_driver,5,vp5/run2b_2018-05-22-15-50-07.ids_5,58,4,sitting_still,safe,test,24269
inner_mirror__run1b_2018-05-29-14-02-47.ids_1__vp1__ann10__ch0.jpg,inner_mirror,1,vp1/run1b_2018-05-29-14-02-47.ids_1,10,0,sitting_still,safe,train,6105
ceiling__run1b_2018-05-08-08-46-01.ids_3__vp3__ann38__ch3.jpg,ceiling,3,vp3/run1b_2018-05-08-08-46-01.ids_3,38,3,sitting_still,safe,train,19888
inner_mirror__run2b_2018-05-23-13-54-07.ids_1__vp7__ann75__ch3.jpg,inner_mirror,7,vp7/run2b_2018-05-23-13-54-07.ids_1,75,3,sitting_still,safe,train,22561
steering_wheel__run1_2018-05-23-10-21-45.ids_4__vp6__ann3__ch1.jpg,steering_wheel,6,vp6/run1_2018-05-23-10-21-45.ids_4,3,1,fastening_seat_belt,safe,train,505
steering_wheel__run1_2018-05-23-10-21-45.ids_4__vp6__ann103__ch8.jpg,steering_wheel,6,vp6/run1_2018-05-23-10-21-45.ids_4,103,8,sitting_still,safe,train,49985
inner_mirror__run2_2018-05-24-17-22-26.ids_1__vp2__ann7__ch5.jpg,inner_mirror,2,vp2/run2_2018-05-24-17-22-26.ids_1,7,5,sitting_still,safe,train,7465
ceiling__run1_2018-05-22-15-10-41.ids_3__vp5__ann78__ch8.jpg,ceiling,5,vp5/run1_2018-05-22-15-10-41.ids_3,78,8,sitting_still,safe,test,32156
a_column_driver__run2_2018-05-23-11-05-00.ids_5__vp6__ann45__ch19.jpg,a_column_driver,6,vp6/run2_2018-05-23-11-05-00.ids_5,45,19,sitting_still,safe,train,24808
a_column_driver__run1b_2018-05-23-16-19-17.ids_5__vp9__ann21__ch0.jpg,a_column_driver,9,vp9/run1b_2018-05-23-16-19-17.ids_5,21,0,sitting_still,safe,train,9468
steering_wheel__run2b_2018-05-22-15-50-07.ids_4__vp5__ann58__ch11.jpg,steering_wheel,5,vp5/run2b_2018-05-22-15-50-07.ids_4,58,11,sitting_still,safe,test,24927
ceiling__run1_2018-05-23-10-21-45.ids_3__vp6__ann68__ch1.jpg,ceiling,6,vp6/run1_2018-05-23-10-21-45.ids_3,68,1,sitting_still,safe,train,32746
ceiling__run2_2018-05-23-11-05-00.ids_3__vp6__ann45__ch1.jpg,ceiling,6,vp6/run2_2018-05-23-11-05-00.ids_3,45,1,sitting_still,safe,train,23116
a_column_co_driver__run2_2018-05-24-14-08-46.ids_2__vp10__ann27__ch15.jpg,a_column_co_driver,10,vp10/run2_2018-05-24-14-08-46.ids_2,27,15,sitting_still,safe,train,14017
inner_mirror__run1b_2018-05-29-14-02-47.ids_1__vp1__ann139__ch5.jpg,inner_mirror,1,vp1/run1b_2018-05-29-14-02-47.ids_1,139,5,sitting_still,safe,train,36780
steering_wheel__run1_2018-05-30-13-05-35.ids_4__vp15__ann88__ch2.jpg,steering_wheel,15,vp15/run1_2018-05-30-13-05-35.ids_4,88,2,sitting_still,safe,val,24843
a_column_driver__run1_2018-05-24-15-44-28.ids_5__vp12__ann59__ch0.jpg,a_column_driver,12,vp12/run1_2018-05-24-15-44-28.ids_5,59,0,sitting_still,safe,train,27132
a_column_driver__run1_2018-05-23-13-16-52.ids_5__vp7__ann105__ch1.jpg,a_column_driver,7,vp7/run1_2018-05-23-13-16-52.ids_5,105,1,sitting_still,safe,train,32812
inner_mirror__run1_2018-05-22-13-28-51.ids_1__vp4__ann126__ch13.jpg,inner_mirror,4,vp4/run1_2018-05-22-13-28-51.ids_1,126,13,sitting_still,safe,train,57328
ceiling__run1_2018-05-23-13-16-52.ids_3__vp7__ann34__ch8.jpg,ceiling,7,vp7/run1_2018-05-23-13-16-52.ids_3,34,8,sitting_still,safe,train,13870
a_column_driver__run1_2018-05-22-15-10-41.ids_5__vp5__ann71__ch0.jpg,a_column_driver,5,vp5/run1_2018-05-22-15-10-41.ids_5,71,0,sitting_still,safe,test,30038
steering_wheel__run1b_2018-05-29-14-02-47.ids_4__vp1__ann6__ch1.jpg,steering_wheel,1,vp1/run1b_2018-05-29-14-02-47.ids_4,6,1,fastening_seat_belt,safe,train,449
inner_mirror__run2_2018-05-23-11-05-00.ids_1__vp6__ann18__ch3.jpg,inner_mirror,6,vp6/run2_2018-05-23-11-05-00.ids_1,18,3,sitting_still,safe,train,10804
steering_wheel__run1b_2018-05-23-16-19-17.ids_4__vp9__ann68__ch1.jpg,steering_wheel,9,vp9/run1b_2018-05-23-16-19-17.ids_4,68,1,taking_off_sunglasses,safe,train,18901
a_column_driver__run2_2018-05-29-14-33-44.ids_5__vp1__ann20__ch9.jpg,a_column_driver,1,vp1/run2_2018-05-29-14-33-44.ids_5,20,9,sitting_still,safe,train,14217
ceiling__run1_2018-05-22-13-28-51.ids_3__vp4__ann15__ch3.jpg,ceiling,4,vp4/run1_2018-05-22-13-28-51.ids_3,15,3,looking_or_moving_around (e.g. searching),safe,train,14571
inner_mirror__run2_2018-05-23-11-05-00.ids_1__vp6__ann45__ch10.jpg,inner_mirror,6,vp6/run2_2018-05-23-11-05-00.ids_1,45,10,sitting_still,safe,train,23879
inner_mirror__run1_2018-05-24-13-14-41.ids_1__vp10__ann58__ch1.jpg,inner_mirror,10,vp10/run1_2018-05-24-13-14-41.ids_1,58,1,fastening_seat_belt,safe,train,19367
a_column_driver__run1_2018-05-30-13-05-35.ids_5__vp15__ann116__ch1.jpg,a_column_driver,15,vp15/run1_2018-05-30-13-05-35.ids_5,116,1,sitting_still,safe,val,36054
a_column_co_driver__run1_2018-05-24-13-14-41.ids_2__vp10__ann98__ch6.jpg,a_column_co_driver,10,vp10/run1_2018-05-24-13-14-41.ids_2,98,6,sitting_still,safe,train,34881
a_column_driver__run1_2018-05-22-15-10-41.ids_5__vp5__ann132__ch12.jpg,a_column_driver,5,vp5/run1_2018-05-22-15-10-41.ids_5,132,12,sitting_still,safe,test,49619
steering_wheel__run1_2018-05-24-15-44-28.ids_4__vp12__ann45__ch8.jpg,steering_wheel,12,vp12/run1_2018-05-24-15-44-28.ids_4,45,8,sitting_still,safe,train,22453
ceiling__run1d_2018-05-23-14-54-38.ids_3__vp8__ann29__ch6.jpg,ceiling,8,vp8/run1d_2018-05-23-14-54-38.ids_3,29,6,sitting_still,safe,train,18037
inner_mirror__run2_2018-05-29-14-33-44.ids_1__vp1__ann81__ch43.jpg,inner_mirror,1,vp1/run2_2018-05-29-14-33-44.ids_1,81,43,sitting_still,safe,train,36767
a_column_co_driver__run1_2018-05-22-13-28-51.ids_2__vp4__ann3__ch2.jpg,a_column_co_driver,4,vp4/run1_2018-05-22-13-28-51.ids_2,3,2,fastening_seat_belt,safe,train,1569
ceiling__run1b_2018-05-08-08-46-01.ids_3__vp3__ann38__ch6.jpg,ceiling,3,vp3/run1b_2018-05-08-08-46-01.ids_3,38,6,sitting_still,safe,train,20159
inner_mirror__run2_2018-05-23-15-30-27.ids_1__vp8__ann75__ch5.jpg,inner_mirror,8,vp8/run2_2018-05-23-15-30-27.ids_1,75,5,sitting_still,safe,train,23725
a_column_co_driver__run1_2018-05-29-15-21-10.ids_2__vp13__ann3__ch0.jpg,a_column_co_driver,13,vp13/run1_2018-05-29-15-21-10.ids_2,3,0,fastening_seat_belt,safe,test,435
a_column_driver__run2_2018-05-30-13-34-33.ids_5__vp15__ann110__ch2.jpg,a_column_driver,15,vp15/run2_2018-05-30-13-34-33.ids_5,110,2,sitting_still,safe,val,31769
ceiling__run2_2018-05-29-16-03-37.ids_3__vp3__ann37__ch5.jpg,ceiling,3,vp3/run2_2018-05-29-16-03-37.ids_3,37,5,sitting_still,safe,train,17388
a_column_driver__run2_2018-05-24-14-08-46.ids_5__vp10__ann30__ch0.jpg,a_column_driver,10,vp10/run2_2018-05-24-14-08-46.ids_5,30,0,sitting_still,safe,train,16837
a_column_driver__run2b_2018-05-22-15-50-07.ids_5__vp5__ann45__ch29.jpg,a_column_driver,5,vp5/run2b_2018-05-22-15-50-07.ids_5,45,29,sitting_still,safe,test,18744
ceiling__run2_2018-05-23-11-05-00.ids_3__vp6__ann44__ch0.jpg,ceiling,6,vp6/run2_2018-05-23-11-05-00.ids_3,44,0,sitting_still,safe,train,21188
inner_mirror__run1b_2018-05-29-14-02-47.ids_1__vp1__ann118__ch4.jpg,inner_mirror,1,vp1/run1b_2018-05-29-14-02-47.ids_1,118,4,sitting_still,safe,train,29777
a_column_driver__run2b_2018-05-22-15-50-07.ids_5__vp5__ann99__ch4.jpg,a_column_driver,5,vp5/run2b_2018-05-22-15-50-07.ids_5,99,4,sitting_still,safe,test,34463
ceiling__run1_2018-05-29-15-21-10.ids_3__vp13__ann79__ch0.jpg,ceiling,13,vp13/run1_2018-05-29-15-21-10.ids_3,79,0,sitting_still,safe,test,35579
a_column_driver__run2_2018-05-23-15-30-27.ids_5__vp8__ann12__ch1.jpg,a_column_driver,8,vp8/run2_2018-05-23-15-30-27.ids_5,12,1,sitting_still,safe,train,6577
steering_wheel__run1_2018-05-30-13-05-35.ids_4__vp15__ann115__ch0.jpg,steering_wheel,15,vp15/run1_2018-05-30-13-05-35.ids_4,115,0,sitting_still,safe,val,35817
a_column_driver__run1_2018-05-23-13-16-52.ids_5__vp7__ann95__ch0.jpg,a_column_driver,7,vp7/run1_2018-05-23-13-16-52.ids_5,95,0,sitting_still,safe,train,31183
ceiling__run1_2018-05-22-13-28-51.ids_3__vp4__ann115__ch16.jpg,ceiling,4,vp4/run1_2018-05-22-13-28-51.ids_3,115,16,sitting_still,safe,train,53640
steering_wheel__run2_2018-05-24-14-08-46.ids_4__vp10__ann32__ch7.jpg,steering_wheel,10,vp10/run2_2018-05-24-14-08-46.ids_4,32,7,sitting_still,safe,train,18943
ceiling__run2_2018-05-30-11-34-54.ids_3__vp13__ann36__ch1.jpg,ceiling,13,vp13/run2_2018-05-30-11-34-54.ids_3,36,1,sitting_still,safe,test,17389
ceiling__run2_2018-05-29-16-03-37.ids_3__vp3__ann41__ch15.jpg,ceiling,3,vp3/run2_2018-05-29-16-03-37.ids_3,41,15,sitting_still,safe,train,19164
ceiling__run2_2018-05-23-11-05-00.ids_3__vp6__ann27__ch5.jpg,ceiling,6,vp6/run2_2018-05-23-11-05-00.ids_3,27,5,sitting_still,safe,train,14184
steering_wheel__run2_2018-05-29-16-03-37.ids_4__vp3__ann13__ch6.jpg,steering_wheel,3,vp3/run2_2018-05-29-16-03-37.ids_4,13,6,sitting_still,safe,train,7458
steering_wheel__run1d_2018-05-23-14-54-38.ids_4__vp8__ann29__ch3.jpg,steering_wheel,8,vp8/run1d_2018-05-23-14-54-38.ids_4,29,3,sitting_still,safe,train,17859
a_column_co_driver__run2_2018-05-30-13-34-33.ids_2__vp15__ann118__ch0.jpg,a_column_co_driver,15,vp15/run2_2018-05-30-13-34-33.ids_2,118,0,sitting_still,safe,val,35444
steering_wheel__run1_2018-05-29-15-21-10.ids_4__vp13__ann68__ch3.jpg,steering_wheel,13,vp13/run1_2018-05-29-15-21-10.ids_4,68,3,sitting_still,safe,test,32570
a_column_co_driver__run2_2018-05-30-13-34-33.ids_2__vp15__ann61__ch3.jpg,a_column_co_driver,15,vp15/run2_2018-05-30-13-34-33.ids_2,61,3,sitting_still,safe,val,18813
inner_mirror__run1_2018-05-23-13-16-52.ids_1__vp7__ann62__ch0.jpg,inner_mirror,7,vp7/run1_2018-05-23-13-16-52.ids_1,62,0,looking_or_moving_around (e.g. searching),safe,train,20607
a_column_driver__run1_2018-05-03-14-08-31.ids_5__vp2__ann64__ch1.jpg,a_column_driver,2,vp2/run1_2018-05-03-14-08-31.ids_5,64,1,sitting_still,safe,train,37467
inner_mirror__run1_2018-05-29-15-21-10.ids_1__vp13__ann79__ch49.jpg,inner_mirror,13,vp13/run1_2018-05-29-15-21-10.ids_1,79,49,sitting_still,safe,test,39979
ceiling__run2_2018-05-30-11-34-54.ids_3__vp13__ann74__ch11.jpg,ceiling,13,vp13/run2_2018-05-30-11-34-54.ids_3,74,11,sitting_still,safe,test,31802
a_column_co_driver__run2_2018-05-30-13-34-33.ids_2__vp15__ann112__ch2.jpg,a_column_co_driver,15,vp15/run2_2018-05-30-13-34-33.ids_2,112,2,sitting_still,safe,val,32787
a_column_co_driver__run1d_2018-05-23-14-54-38.ids_2__vp8__ann75__ch3.jpg,a_column_co_driver,8,vp8/run1d_2018-05-23-14-54-38.ids_2,75,3,sitting_still,safe,train,36047
ceiling__run1_2018-05-22-15-10-41.ids_3__vp5__ann137__ch6.jpg,ceiling,5,vp5/run1_2018-05-22-15-10-41.ids_3,137,6,sitting_still,safe,test,51205
inner_mirror__run2_2018-05-30-10-42-33.ids_1__vp14__ann33__ch0.jpg,inner_mirror,14,vp14/run2_2018-05-30-10-42-33.ids_1,33,0,taking_off_sunglasses,safe,val,16699
ceiling__run1_2018-05-30-10-11-09.ids_3__vp14__ann42__ch0.jpg,ceiling,14,vp14/run1_2018-05-30-10-11-09.ids_3,42,0,taking_off_sunglasses,safe,val,20231
a_column_driver__run2_2018-05-30-11-34-54.ids_5__vp13__ann74__ch40.jpg,a_column_driver,13,vp13/run2_2018-05-30-11-34-54.ids_5,74,40,sitting_still,safe,test,34506
a_column_co_driver__run1_2018-05-22-13-28-51.ids_2__vp4__ann115__ch10.jpg,a_column_co_driver,4,vp4/run1_2018-05-22-13-28-51.ids_2,115,10,sitting_still,safe,train,53095
a_column_driver__run2_2018-05-24-14-08-46.ids_5__vp10__ann27__ch13.jpg,a_column_driver,10,vp10/run2_2018-05-24-14-08-46.ids_5,27,13,sitting_still,safe,train,13859
steering_wheel__run1_2018-05-24-15-44-28.ids_4__vp12__ann4__ch0.jpg,steering_wheel,12,vp12/run1_2018-05-24-15-44-28.ids_4,4,0,sitting_still,safe,train,463
ceiling__run1d_2018-05-23-14-54-38.ids_3__vp8__ann92__ch7.jpg,ceiling,8,vp8/run1d_2018-05-23-14-54-38.ids_3,92,7,sitting_still,safe,train,43170
a_column_driver__run2b_2018-05-22-15-50-07.ids_5__vp5__ann58__ch10.jpg,a_column_driver,5,vp5/run2b_2018-05-22-15-50-07.ids_5,58,10,sitting_still,safe,test,24808
a_column_driver__run2_2018-05-30-13-34-33.ids_5__vp15__ann89__ch0.jpg,a_column_driver,15,vp15/run2_2018-05-30-13-34-33.ids_5,89,0,sitting_still,safe,val,25567
inner_mirror__run2_2018-05-24-16-21-35.ids_1__vp12__ann52__ch7.jpg,inner_mirror,12,vp12/run2_2018-05-24-16-21-35.ids_1,52,7,sitting_still,safe,train,20935
a_column_driver__run2_2018-05-30-11-34-54.ids_5__vp13__ann77__ch12.jpg,a_column_driver,13,vp13/run2_2018-05-30-11-34-54.ids_5,77,12,sitting_still,safe,test,37410
inner_mirror__run1b_2018-05-29-14-02-47.ids_1__vp1__ann32__ch4.jpg,inner_mirror,1,vp1/run1b_2018-05-29-14-02-47.ids_1,32,4,sitting_still,safe,train,11459
a_column_co_driver__run1b_2018-05-29-14-02-47.ids_2__vp1__ann6__ch1.jpg,a_column_co_driver,1,vp1/run1b_2018-05-29-14-02-47.ids_2,6,1,fastening_seat_belt,safe,train,446
steering_wheel__run2_2018-05-30-10-42-33.ids_4__vp14__ann70__ch0.jpg,steering_wheel,14,vp14/run2_2018-05-30-10-42-33.ids_4,70,0,sitting_still,safe,val,28660
steering_wheel__run1b_2018-05-29-14-02-47.ids_4__vp1__ann47__ch4.jpg,steering_wheel,1,vp1/run1b_2018-05-29-14-02-47.ids_4,47,4,sitting_still,safe,train,14567
a_column_driver__run1_2018-05-24-15-44-28.ids_5__vp12__ann85__ch5.jpg,a_column_driver,12,vp12/run1_2018-05-24-15-44-28.ids_5,85,5,sitting_still,safe,train,35843
steering_wheel__run2_2018-05-23-15-30-27.ids_4__vp8__ann74__ch4.jpg,steering_wheel,8,vp8/run2_2018-05-23-15-30-27.ids_4,74,4,sitting_still,safe,train,22951
ceiling__run1_2018-05-30-13-05-35.ids_3__vp15__ann57__ch0.jpg,ceiling,15,vp15/run1_2018-05-30-13-05-35.ids_3,57,0,sitting_still,safe,val,16447
ceiling__run2_2018-05-30-11-34-54.ids_3__vp13__ann77__ch9.jpg,ceiling,13,vp13/run2_2018-05-30-11-34-54.ids_3,77,9,sitting_still,safe,test,37052
inner_mirror__run1_2018-05-30-10-11-09.ids_1__vp14__ann68__ch1.jpg,inner_mirror,14,vp14/run1_2018-05-30-10-11-09.ids_1,68,1,fastening_seat_belt,safe,val,26190
a_column_co_driver__run1d_2018-05-23-14-54-38.ids_2__vp8__ann92__ch6.jpg,a_column_co_driver,8,vp8/run1d_2018-05-23-14-54-38.ids_2,92,6,sitting_still,safe,train,43027
a_column_co_driver__run1_2018-05-23-10-21-45.ids_2__vp6__ann13__ch10.jpg,a_column_co_driver,6,vp6/run1_2018-05-23-10-21-45.ids_2,13,10,sitting_still,safe,train,11984
inner_mirror__run1_2018-05-24-15-44-28.ids_1__vp12__ann45__ch8.jpg,inner_mirror,12,vp12/run1_2018-05-24-15-44-28.ids_1,45,8,sitting_still,safe,train,22355
inner_mirror__run2_2018-05-29-14-33-44.ids_1__vp1__ann81__ch42.jpg,inner_mirror,1,vp1/run2_2018-05-29-14-33-44.ids_1,81,42,sitting_still,safe,train,36677
a_column_driver__run2_2018-05-30-11-34-54.ids_5__vp13__ann72__ch5.jpg,a_column_driver,13,vp13/run2_2018-05-30-11-34-54.ids_5,72,5,sitting_still,safe,test,30430
steering_wheel__run2b_2018-05-22-15-50-07.ids_4__vp5__ann32__ch6.jpg,steering_wheel,5,vp5/run2b_2018-05-22-15-50-07.ids_4,32,6,sitting_still,safe,test,11316
inner_mirror__run2_2018-05-24-16-21-35.ids_1__vp12__ann52__ch2.jpg,inner_mirror,12,vp12/run2_2018-05-24-16-21-35.ids_1,52,2,sitting_still,safe,train,20485
ceiling__run1_2018-05-24-13-44-01.ids_3__vp11__ann52__ch4.jpg,ceiling,11,vp11/run1_2018-05-24-13-44-01.ids_3,52,4,sitting_still,safe,test,23453
inner_mirror__run2_2018-05-22-14-25-04.ids_1__vp4__ann24__ch12.jpg,inner_mirror,4,vp4/run2_2018-05-22-14-25-04.ids_1,24,12,sitting_still,safe,train,19363
a_column_co_driver__run1_2018-05-22-15-10-41.ids_2__vp5__ann132__ch2.jpg,a_column_co_driver,5,vp5/run1_2018-05-22-15-10-41.ids_2,132,2,sitting_still,safe,test,48638
a_column_driver__run2_2018-05-29-14-33-44.ids_5__vp1__ann83__ch2.jpg,a_column_driver,1,vp1/run2_2018-05-29-14-33-44.ids_5,83,2,sitting_still,safe,train,37609
inner_mirror__run2_2018-05-29-14-33-44.ids_1__vp1__ann81__ch6.jpg,inner_mirror,1,vp1/run2_2018-05-29-14-33-44.ids_1,81,6,sitting_still,safe,train,33437
inner_mirror__run2_2018-05-24-14-35-56.ids_1__vp11__ann60__ch2.jpg,inner_mirror,11,vp11/run2_2018-05-24-14-35-56.ids_1,60,2,sitting_still,safe,test,15892
a_column_co_driver__run2_2018-05-22-14-25-04.ids_2__vp4__ann69__ch2.jpg,a_column_co_driver,4,vp4/run2_2018-05-22-14-25-04.ids_2,69,2,sitting_still,safe,train,33591
a_column_co_driver__run2_2018-05-29-14-33-44.ids_2__vp1__ann20__ch3.jpg,a_column_co_driver,1,vp1/run2_2018-05-29-14-33-44.ids_2,20,3,sitting_still,safe,train,13621
ceiling__run2_2018-05-29-16-03-37.ids_3__vp3__ann20__ch2.jpg,ceiling,3,vp3/run2_2018-05-29-16-03-37.ids_3,20,2,sitting_still,safe,train,13177
a_column_co_driver__run1_2018-05-23-13-16-52.ids_2__vp7__ann34__ch6.jpg,a_column_co_driver,7,vp7/run1_2018-05-23-13-16-52.ids_2,34,6,sitting_still,safe,train,13573
steering_wheel__run1_2018-05-23-10-21-45.ids_4__vp6__ann108__ch11.jpg,steering_wheel,6,vp6/run1_2018-05-23-10-21-45.ids_4,108,11,sitting_still,safe,train,52336
ceiling__run2_2018-05-22-14-25-04.ids_3__vp4__ann24__ch0.jpg,ceiling,4,vp4/run2_2018-05-22-14-25-04.ids_3,24,0,sitting_still,safe,train,18278
a_column_driver__run1d_2018-05-23-14-54-38.ids_5__vp8__ann29__ch6.jpg,a_column_driver,8,vp8/run1d_2018-05-23-14-54-38.ids_5,29,6,sitting_still,safe,train,18094
inner_mirror__run2_2018-05-30-10-42-33.ids_1__vp14__ann95__ch2.jpg,inner_mirror,14,vp14/run2_2018-05-30-10-42-33.ids_1,95,2,sitting_still,safe,val,38448
steering_wheel__run2b_2018-05-22-15-50-07.ids_4__vp5__ann85__ch1.jpg,steering_wheel,5,vp5/run2b_2018-05-22-15-50-07.ids_4,85,1,sitting_still,safe,test,30261
inner_mirror__run2_2018-05-30-11-34-54.ids_1__vp13__ann8__ch1.jpg,inner_mirror,13,vp13/run2_2018-05-30-11-34-54.ids_1,8,1,sitting_still,safe,test,7282
a_column_co_driver__run1_2018-05-03-14-08-31.ids_2__vp2__ann44__ch6.jpg,a_column_co_driver,2,vp2/run1_2018-05-03-14-08-31.ids_2,44,6,sitting_still,safe,train,30065
a_column_driver__run1b_2018-05-29-14-02-47.ids_5__vp1__ann132__ch4.jpg,a_column_driver,1,vp1/run1b_2018-05-29-14-02-47.ids_5,132,4,sitting_still,safe,train,34555
steering_wheel__run1_2018-05-29-15-21-10.ids_4__vp13__ann68__ch1.jpg,steering_wheel,13,vp13/run1_2018-05-29-15-21-10.ids_4,68,1,sitting_still,safe,test,32391
ceiling__run2_2018-05-30-10-42-33.ids_3__vp14__ann106__ch3.jpg,ceiling,14,vp14/run2_2018-05-30-10-42-33.ids_3,106,3,sitting_still,safe,val,41374
a_column_co_driver__run1_2018-05-29-15-21-10.ids_2__vp13__ann35__ch3.jpg,a_column_co_driver,13,vp13/run1_2018-05-29-15-21-10.ids_2,35,3,sitting_still,safe,test,20117
a_column_driver__run1d_2018-05-23-14-54-38.ids_5__vp8__ann29__ch12.jpg,a_column_driver,8,vp8/run1d_2018-05-23-14-54-38.ids_5,29,12,sitting_still,safe,train,18632
inner_mirror__run2b_2018-05-23-13-54-07.ids_1__vp7__ann19__ch4.jpg,inner_mirror,7,vp7/run2b_2018-05-23-13-54-07.ids_1,19,4,sitting_still,safe,train,9625
ceiling__run2_2018-05-24-14-08-46.ids_3__vp10__ann27__ch4.jpg,ceiling,10,vp10/run2_2018-05-24-14-08-46.ids_3,27,4,sitting_still,safe,train,13030
a_column_driver__run2_2018-05-30-11-34-54.ids_5__vp13__ann74__ch13.jpg,a_column_driver,13,vp13/run2_2018-05-30-11-34-54.ids_5,74,13,sitting_still,safe,test,32072
ceiling__run2_2018-05-23-11-05-00.ids_3__vp6__ann45__ch23.jpg,ceiling,6,vp6/run2_2018-05-23-11-05-00.ids_3,45,23,sitting_still,safe,train,25104
steering_wheel__run1_2018-05-22-15-10-41.ids_4__vp5__ann23__ch6.jpg,steering_wheel,5,vp5/run1_2018-05-22-15-10-41.ids_4,23,6,sitting_still,safe,test,14832
ceiling__run1_2018-05-22-13-28-51.ids_3__vp4__ann126__ch19.jpg,ceiling,4,vp4/run1_2018-05-22-13-28-51.ids_3,126,19,sitting_still,safe,train,57872
a_column_co_driver__run1b_2018-05-29-14-02-47.ids_2__vp1__ann45__ch0.jpg,a_column_co_driver,1,vp1/run1b_2018-05-29-14-02-47.ids_2,45,0,looking_or_moving_around (e.g. searching),safe,train,14007
a_column_driver__run1b_2018-05-08-08-46-01.ids_5__vp3__ann64__ch4.jpg,a_column_driver,3,vp3/run1b_2018-05-08-08-46-01.ids_5,64,4,sitting_still,safe,train,28174
ceiling__run1_2018-05-23-13-16-52.ids_3__vp7__ann3__ch2.jpg,ceiling,7,vp7/run1_2018-05-23-13-16-52.ids_3,3,2,fastening_seat_belt,safe,train,1214
a_column_co_driver__run2_2018-05-29-14-33-44.ids_2__vp1__ann8__ch0.jpg,a_column_co_driver,1,vp1/run2_2018-05-29-14-33-44.ids_2,8,0,sitting_still,safe,train,6985
inner_mirror__run2_2018-05-22-14-25-04.ids_1__vp4__ann88__ch21.jpg,inner_mirror,4,vp4/run2_2018-05-22-14-25-04.ids_1,88,21,sitting_still,safe,train,43299
a_column_driver__run2b_2018-05-22-15-50-07.ids_5__vp5__ann54__ch10.jpg,a_column_driver,5,vp5/run2b_2018-05-22-15-50-07.ids_5,54,10,sitting_still,safe,test,22467
a_column_co_driver__run2_2018-05-29-16-03-37.ids_2__vp3__ann43__ch8.jpg,a_column_co_driver,3,vp3/run2_2018-05-29-16-03-37.ids_2,43,8,sitting_still,safe,train,20086
a_column_driver__run1b_2018-05-29-14-02-47.ids_5__vp1__ann10__ch1.jpg,a_column_driver,1,vp1/run1b_2018-05-29-14-02-47.ids_5,10,1,sitting_still,safe,train,6183
a_column_co_driver__run1_2018-05-24-13-14-41.ids_2__vp10__ann53__ch1.jpg,a_column_co_driver,10,vp10/run1_2018-05-24-13-14-41.ids_2,53,1,sitting_still,safe,train,17757
a_column_driver__run2b_2018-05-22-15-50-07.ids_5__vp5__ann93__ch7.jpg,a_column_driver,5,vp5/run2b_2018-05-22-15-50-07.ids_5,93,7,sitting_still,safe,test,33018
a_column_co_driver__run1_2018-05-03-14-08-31.ids_2__vp2__ann54__ch14.jpg,a_column_co_driver,2,vp2/run1_2018-05-03-14-08-31.ids_2,54,14,sitting_still,safe,train,33829
steering_wheel__run2_2018-05-22-14-25-04.ids_4__vp4__ann88__ch6.jpg,steering_wheel,4,vp4/run2_2018-05-22-14-25-04.ids_4,88,6,sitting_still,safe,train,42007
a_column_driver__run2_2018-05-30-11-34-54.ids_5__vp13__ann60__ch0.jpg,a_column_driver,13,vp13/run2_2018-05-30-11-34-54.ids_5,60,0,sitting_still,safe,test,24796
steering_wheel__run2_2018-05-30-11-34-54.ids_4__vp13__ann36__ch8.jpg,steering_wheel,13,vp13/run2_2018-05-30-11-34-54.ids_4,36,8,sitting_still,safe,test,18124
steering_wheel__run2_2018-05-29-14-33-44.ids_4__vp1__ann21__ch0.jpg,steering_wheel,1,vp1/run2_2018-05-29-14-33-44.ids_4,21,0,unfastening_seat_belt,safe,train,14462
inner_mirror__run2_2018-05-29-16-03-37.ids_1__vp3__ann76__ch3.jpg,inner_mirror,3,vp3/run2_2018-05-29-16-03-37.ids_1,76,3,sitting_still,safe,train,29344
ceiling__run2_2018-05-29-16-03-37.ids_3__vp3__ann15__ch15.jpg,ceiling,3,vp3/run2_2018-05-29-16-03-37.ids_3,15,15,sitting_still,safe,train,9024
a_column_driver__run1_2018-05-23-10-21-45.ids_5__vp6__ann35__ch1.jpg,a_column_driver,6,vp6/run1_2018-05-23-10-21-45.ids_5,35,1,looking_or_moving_around (e.g. searching),safe,train,21603
ceiling__run1_2018-05-23-10-21-45.ids_3__vp6__ann54__ch0.jpg,ceiling,6,vp6/run1_2018-05-23-10-21-45.ids_3,54,0,sitting_still,safe,train,26897
a_column_co_driver__run2_2018-05-24-17-22-26.ids_2__vp2__ann26__ch5.jpg,a_column_co_driver,2,vp2/run2_2018-05-24-17-22-26.ids_2,26,5,sitting_still,safe,train,16390
inner_mirror__run2_2018-05-30-13-34-33.ids_1__vp15__ann110__ch3.jpg,inner_mirror,15,vp15/run2_2018-05-30-13-34-33.ids_1,110,3,sitting_still,safe,val,31738
steering_wheel__run2_2018-05-23-11-05-00.ids_4__vp6__ann45__ch27.jpg,steering_wheel,6,vp6/run2_2018-05-23-11-05-00.ids_4,45,27,sitting_still,safe,train,25550
steering_wheel__run1_2018-05-30-13-05-35.ids_4__vp15__ann57__ch5.jpg,steering_wheel,15,vp15/run1_2018-05-30-13-05-35.ids_4,57,5,sitting_still,safe,val,16926
steering_wheel__run2_2018-05-29-14-33-44.ids_4__vp1__ann81__ch39.jpg,steering_wheel,1,vp1/run2_2018-05-29-14-33-44.ids_4,81,39,sitting_still,safe,train,36590
a_column_co_driver__run2_2018-05-22-14-25-04.ids_2__vp4__ann7__ch0.jpg,a_column_co_driver,4,vp4/run2_2018-05-22-14-25-04.ids_2,7,0,sitting_still,safe,train,10448
inner_mirror__run2_2018-05-23-15-30-27.ids_1__vp8__ann4__ch0.jpg,inner_mirror,8,vp8/run2_2018-05-23-15-30-27.ids_1,4,0,fastening_seat_belt,safe,train,407
inner_mirror__run2_2018-05-22-14-25-04.ids_1__vp4__ann109__ch8.jpg,inner_mirror,4,vp4/run2_2018-05-22-14-25-04.ids_1,109,8,sitting_still,safe,train,50302
a_column_co_driver__run2_2018-05-24-14-08-46.ids_2__vp10__ann27__ch24.jpg,a_column_co_driver,10,vp10/run2_2018-05-24-14-08-46.ids_2,27,24,sitting_still,safe,train,14825
a_column_co_driver__run2_2018-05-22-14-25-04.ids_2__vp4__ann36__ch1.jpg,a_column_co_driver,4,vp4/run2_2018-05-22-14-25-04.ids_2,36,1,sitting_still,safe,train,24272
steering_wheel__run2_2018-05-24-16-21-35.ids_4__vp12__ann91__ch3.jpg,steering_wheel,12,vp12/run2_2018-05-24-16-21-35.ids_4,91,3,sitting_still,safe,train,36512
a_column_co_driver__run1_2018-05-22-13-28-51.ids_2__vp4__ann118__ch9.jpg,a_column_co_driver,4,vp4/run1_2018-05-22-13-28-51.ids_2,118,9,sitting_still,safe,train,54727
a_column_co_driver__run2_2018-05-29-14-33-44.ids_2__vp1__ann10__ch0.jpg,a_column_co_driver,1,vp1/run2_2018-05-29-14-33-44.ids_2,10,0,unfastening_seat_belt,safe,train,9019
ceiling__run2_2018-05-29-16-03-37.ids_3__vp3__ann59__ch1.jpg,ceiling,3,vp3/run2_2018-05-29-16-03-37.ids_3,59,1,sitting_still,safe,train,24083
ceiling__run1_2018-05-30-13-05-35.ids_3__vp15__ann34__ch1.jpg,ceiling,15,vp15/run1_2018-05-30-13-05-35.ids_3,34,1,looking_or_moving_around (e.g. searching),safe,val,12357
a_column_co_driver__run2_2018-05-24-14-35-56.ids_2__vp11__ann17__ch0.jpg,a_column_co_driver,11,vp11/run2_2018-05-24-14-35-56.ids_2,17,0,sitting_still,safe,test,6878
a_column_driver__run2_2018-05-24-16-21-35.ids_5__vp12__ann43__ch0.jpg,a_column_driver,12,vp12/run2_2018-05-24-16-21-35.ids_5,43,0,sitting_still,safe,train,17369
steering_wheel__run2_2018-05-22-14-25-04.ids_4__vp4__ann15__ch0.jpg,steering_wheel,4,vp4/run2_2018-05-22-14-25-04.ids_4,15,0,unfastening_seat_belt,safe,train,16675
steering_wheel__run1_2018-05-22-15-10-41.ids_4__vp5__ann132__ch1.jpg,steering_wheel,5,vp5/run1_2018-05-22-15-10-41.ids_4,132,1,sitting_still,safe,test,48687
steering_wheel__run2_2018-05-24-14-08-46.ids_4__vp10__ann64__ch1.jpg,steering_wheel,10,vp10/run2_2018-05-24-14-08-46.ids_4,64,1,sitting_still,safe,train,26979
ceiling__run2_2018-05-22-14-25-04.ids_3__vp4__ann63__ch0.jpg,ceiling,4,vp4/run2_2018-05-22-14-25-04.ids_3,63,0,sitting_still,safe,train,31754
a_column_co_driver__run1_2018-05-03-14-08-31.ids_2__vp2__ann19__ch2.jpg,a_column_co_driver,2,vp2/run1_2018-05-03-14-08-31.ids_2,19,2,fastening_seat_belt,safe,train,15099
ceiling__run2_2018-05-30-13-34-33.ids_3__vp15__ann115__ch0.jpg,ceiling,15,vp15/run2_2018-05-30-13-34-33.ids_3,115,0,sitting_still,safe,val,34173
