image,camera,participant_id,file_id,annotation_id,chunk_id,activity,obj_class,split,src_split,frame
a_column_co_driver__run1_2018-05-30-13-05-35.ids_2__vp15__ann41__ch0.jpg,a_column_co_driver,15,vp15/run1_2018-05-30-13-05-35.ids_2,41,0,interacting_with_phone,phone,train,val,12992
a_column_co_driver__run2_2018-05-24-14-08-46.ids_2__vp10__ann19__ch3.jpg,a_column_co_driver,10,vp10/run2_2018-05-24-14-08-46.ids_2,19,3,interacting_with_phone,phone,train,train,9656
a_column_co_driver__run1_2018-05-23-13-16-52.ids_2__vp7__ann37__ch0.jpg,a_column_co_driver,7,vp7/run1_2018-05-23-13-16-52.ids_2,37,0,talking_on_phone,phone,val,train,14545
a_column_co_driver__run1_2018-05-30-10-11-09.ids_2__vp14__ann98__ch2.jpg,a_column_co_driver,14,vp14/run1_2018-05-30-10-11-09.ids_2,98,2,interacting_with_phone,phone,test,val,44688
a_column_co_driver__run2_2018-05-29-16-03-37.ids_2__vp3__ann46__ch3.jpg,a_column_co_driver,3,vp3/run2_2018-05-29-16-03-37.ids_2,46,3,talking_on_phone,phone,train,train,20660
a_column_co_driver__run1_2018-05-22-15-10-41.ids_2__vp5__ann82__ch1.jpg,a_column_co_driver,5,vp5/run1_2018-05-22-15-10-41.ids_2,82,1,interacting_with_phone,phone,train,test,33920
a_column_co_driver__run2_2018-05-30-11-34-54.ids_2__vp13__ann39__ch5.jpg,a_column_co_driver,13,vp13/run2_2018-05-30-11-34-54.ids_2,39,5,talking_on_phone,phone,train,test,18790
a_column_co_driver__run1_2018-05-03-14-08-31.ids_2__vp2__ann59__ch1.jpg,a_column_co_driver,2,vp2/run1_2018-05-03-14-08-31.ids_2,59,1,interacting_with_phone,phone,train,train,35324
a_column_co_driver__run1_2018-05-23-10-21-45.ids_2__vp6__ann47__ch4.jpg,a_column_co_driver,6,vp6/run1_2018-05-23-10-21-45.ids_2,47,4,interacting_with_phone,phone,train,train,25054
a_column_co_driver__run1_2018-05-29-15-21-10.ids_2__vp13__ann72__ch8.jpg,a_column_co_driver,13,vp13/run1_2018-05-29-15-21-10.ids_2,72,8,talking_on_phone,phone,train,test,33512
a_column_co_driver__run2_2018-05-24-14-35-56.ids_2__vp11__ann56__ch8.jpg,a_column_co_driver,11,vp11/run2_2018-05-24-14-35-56.ids_2,56,8,talking_on_phone,phone,train,test,14713
a_column_co_driver__run1b_2018-05-08-08-46-01.ids_2__vp3__ann34__ch6.jpg,a_column_co_driver,3,vp3/run1b_2018-05-08-08-46-01.ids_2,34,6,interacting_with_phone,phone,train,train,19104
a_column_co_driver__run1_2018-05-23-10-21-45.ids_2__vp6__ann47__ch9.jpg,a_column_co_driver,6,vp6/run1_2018-05-23-10-21-45.ids_2,47,9,interacting_with_phone,phone,train,train,25505
a_column_co_driver__run1_2018-05-22-13-28-51.ids_2__vp4__ann80__ch22.jpg,a_column_co_driver,4,vp4/run1_2018-05-22-13-28-51.ids_2,80,22,interacting_with_phone,phone,train,train,42448
a_column_co_driver__run2_2018-05-29-14-33-44.ids_2__vp1__ann67__ch1.jpg,a_column_co_driver,1,vp1/run2_2018-05-29-14-33-44.ids_2,67,1,talking_on_phone,phone,train,train,26884
a_column_co_driver__run2_2018-05-23-15-30-27.ids_2__vp8__ann38__ch10.jpg,a_column_co_driver,8,vp8/run2_2018-05-23-15-30-27.ids_2,38,10,talking_on_phone,phone,val,train,12752
a_column_co_driver__run2_2018-05-22-14-25-04.ids_2__vp4__ann95__ch3.jpg,a_column_co_driver,4,vp4/run2_2018-05-22-14-25-04.ids_2,95,3,talking_on_phone,phone,train,train,45902
a_column_co_driver__run1_2018-05-23-10-21-45.ids_2__vp6__ann47__ch3.jpg,a_column_co_driver,6,vp6/run1_2018-05-23-10-21-45.ids_2,47,3,interacting_with_phone,phone,train,train,24966
a_column_co_driver__run1_2018-05-29-15-21-10.ids_2__vp13__ann60__ch11.jpg,a_column_co_driver,13,vp13/run1_2018-05-29-15-21-10.ids_2,60,11,interacting_with_phone,phone,train,test,30794
a_column_co_driver__run1_2018-05-30-10-11-09.ids_2__vp14__ann12__ch6.jpg,a_column_co_driver,14,vp14/run1_2018-05-30-10-11-09.ids_2,12,6,talking_on_phone,phone,test,val,8473
a_column_co_driver__run2_2018-05-24-14-08-46.ids_2__vp10__ann115__ch13.jpg,a_column_co_driver,10,vp10/run2_2018-05-24-14-08-46.ids_2,115,13,interacting_with_phone,phone,train,train,39289
a_column_co_driver__run1_2018-05-03-14-08-31.ids_2__vp2__ann26__ch2.jpg,a_column_co_driver,2,vp2/run1_2018-05-03-14-08-31.ids_2,26,2,interacting_with_phone,phone,train,train,16271
a_column_co_driver__run1_2018-05-22-13-28-51.ids_2__vp4__ann80__ch17.jpg,a_column_co_driver,4,vp4/run1_2018-05-22-13-28-51.ids_2,80,17,interacting_with_phone,phone,train,train,42032
a_column_co_driver__run2_2018-05-30-13-34-33.ids_2__vp15__ann14__ch19.jpg,a_column_co_driver,15,vp15/run2_2018-05-30-13-34-33.ids_2,14,19,talking_on_phone,phone,train,val,9594
a_column_co_driver__run2_2018-05-22-14-25-04.ids_2__vp4__ann80__ch8.jpg,a_column_co_driver,4,vp4/run2_2018-05-22-14-25-04.ids_2,80,8,talking_on_phone,phone,train,train,37691
a_column_co_driver__run2_2018-05-24-14-08-46.ids_2__vp10__ann18__ch1.jpg,a_column_co_driver,10,vp10/run2_2018-05-24-14-08-46.ids_2,18,1,talking_on_phone,phone,train,train,9192
a_column_co_driver__run2_2018-05-24-17-22-26.ids_2__vp2__ann62__ch8.jpg,a_column_co_driver,2,vp2/run2_2018-05-24-17-22-26.ids_2,62,8,interacting_with_phone,phone,train,train,27203
a_column_co_driver__run1_2018-05-24-15-44-28.ids_2__vp12__ann87__ch10.jpg,a_column_co_driver,12,vp12/run1_2018-05-24-15-44-28.ids_2,87,10,talking_on_phone,phone,train,train,36950
a_column_co_driver__run1_2018-05-24-13-44-01.ids_2__vp11__ann32__ch5.jpg,a_column_co_driver,11,vp11/run1_2018-05-24-13-44-01.ids_2,32,5,talking_on_phone,phone,train,test,17297
a_column_co_driver__run2b_2018-05-23-13-54-07.ids_2__vp7__ann79__ch3.jpg,a_column_co_driver,7,vp7/run2b_2018-05-23-13-54-07.ids_2,79,3,talking_on_phone,phone,val,train,22954
a_column_co_driver__run2_2018-05-23-15-30-27.ids_2__vp8__ann38__ch12.jpg,a_column_co_driver,8,vp8/run2_2018-05-23-15-30-27.ids_2,38,12,talking_on_phone,phone,val,train,12932
a_column_co_driver__run1d_2018-05-23-14-54-38.ids_2__vp8__ann23__ch9.jpg,a_column_co_driver,8,vp8/run1d_2018-05-23-14-54-38.ids_2,23,9,interacting_with_phone,phone,val,train,16513
a_column_co_driver__run1b_2018-05-08-08-46-01.ids_2__vp3__ann34__ch8.jpg,a_column_co_driver,3,vp3/run1b_2018-05-08-08-46-01.ids_2,34,8,interacting_with_phone,phone,train,train,19265
a_column_co_driver__run2_2018-05-23-15-30-27.ids_2__vp8__ann34__ch1.jpg,a_column_co_driver,8,vp8/run2_2018-05-23-15-30-27.ids_2,34,1,interacting_with_phone,phone,val,train,11413
a_column_co_driver__run2_2018-05-29-14-33-44.ids_2__vp1__ann67__ch10.jpg,a_column_co_driver,1,vp1/run2_2018-05-29-14-33-44.ids_2,67,10,talking_on_phone,phone,train,train,27696
a_column_co_driver__run1_2018-05-30-10-11-09.ids_2__vp14__ann63__ch0.jpg,a_column_co_driver,14,vp14/run1_2018-05-30-10-11-09.ids_2,63,0,interacting_with_phone,phone,test,val,25145
a_column_co_driver__run2_2018-05-24-14-08-46.ids_2__vp10__ann115__ch9.jpg,a_column_co_driver,10,vp10/run2_2018-05-24-14-08-46.ids_2,115,9,interacting_with_phone,phone,train,train,38926
a_column_co_driver__run2_2018-05-30-11-34-54.ids_2__vp13__ann39__ch6.jpg,a_column_co_driver,13,vp13/run2_2018-05-30-11-34-54.ids_2,39,6,talking_on_phone,phone,train,test,18877
a_column_co_driver__run1_2018-05-03-14-08-31.ids_2__vp2__ann26__ch6.jpg,a_column_co_driver,2,vp2/run1_2018-05-03-14-08-31.ids_2,26,6,interacting_with_phone,phone,train,train,16630
a_column_co_driver__run1_2018-05-03-14-08-31.ids_2__vp2__ann26__ch4.jpg,a_column_co_driver,2,vp2/run1_2018-05-03-14-08-31.ids_2,26,4,interacting_with_phone,phone,train,train,16451
a_column_co_driver__run2_2018-05-24-16-21-35.ids_2__vp12__ann114__ch11.jpg,a_column_co_driver,12,vp12/run2_2018-05-24-16-21-35.ids_2,114,11,interacting_with_phone,phone,train,train,45362
a_column_co_driver__run1_2018-05-22-15-10-41.ids_2__vp5__ann81__ch13.jpg,a_column_co_driver,5,vp5/run1_2018-05-22-15-10-41.ids_2,81,13,talking_on_phone,phone,train,test,33714
a_column_co_driver__run1b_2018-05-29-14-02-47.ids_2__vp1__ann90__ch0.jpg,a_column_co_driver,1,vp1/run1b_2018-05-29-14-02-47.ids_2,90,0,talking_on_phone,phone,train,train,25562
a_column_co_driver__run2_2018-05-30-13-34-33.ids_2__vp15__ann14__ch6.jpg,a_column_co_driver,15,vp15/run2_2018-05-30-13-34-33.ids_2,14,6,talking_on_phone,phone,train,val,8430
a_column_co_driver__run1_2018-05-24-13-14-41.ids_2__vp10__ann72__ch7.jpg,a_column_co_driver,10,vp10/run1_2018-05-24-13-14-41.ids_2,72,7,interacting_with_phone,phone,train,train,25057
a_column_co_driver__run1_2018-05-03-14-08-31.ids_2__vp2__ann26__ch5.jpg,a_column_co_driver,2,vp2/run1_2018-05-03-14-08-31.ids_2,26,5,interacting_with_phone,phone,train,train,16541
a_column_co_driver__run1_2018-05-29-15-21-10.ids_2__vp13__ann72__ch0.jpg,a_column_co_driver,13,vp13/run1_2018-05-29-15-21-10.ids_2,72,0,talking_on_phone,phone,train,test,32795
a_column_co_driver__run1_2018-05-30-13-05-35.ids_2__vp15__ann101__ch5.jpg,a_column_co_driver,15,vp15/run1_2018-05-30-13-05-35.ids_2,101,5,talking_on_phone,phone,train,val,31726
a_column_co_driver__run2_2018-05-30-11-34-54.ids_2__vp13__ann39__ch0.jpg,a_column_co_driver,13,vp13/run2_2018-05-30-11-34-54.ids_2,39,0,talking_on_phone,phone,train,test,18345
a_column_co_driver__run1_2018-05-22-13-28-51.ids_2__vp4__ann80__ch6.jpg,a_column_co_driver,4,vp4/run1_2018-05-22-13-28-51.ids_2,80,6,interacting_with_phone,phone,train,train,41045
a_column_co_driver__run2_2018-05-30-13-34-33.ids_2__vp15__ann14__ch13.jpg,a_column_co_driver,15,vp15/run2_2018-05-30-13-34-33.ids_2,14,13,talking_on_phone,phone,train,val,9055
a_column_co_driver__run2b_2018-05-22-15-50-07.ids_2__vp5__ann35__ch0.jpg,a_column_co_driver,5,vp5/run2b_2018-05-22-15-50-07.ids_2,35,0,talking_on_phone,phone,train,test,11670
a_column_co_driver__run1b_2018-05-23-16-19-17.ids_2__vp9__ann101__ch11.jpg,a_column_co_driver,9,vp9/run1b_2018-05-23-16-19-17.ids_2,101,11,interacting_with_phone,phone,test,train,27425
a_column_co_driver__run2_2018-05-22-14-25-04.ids_2__vp4__ann95__ch6.jpg,a_column_co_driver,4,vp4/run2_2018-05-22-14-25-04.ids_2,95,6,talking_on_phone,phone,train,train,46154
a_column_co_driver__run1_2018-05-30-10-11-09.ids_2__vp14__ann12__ch5.jpg,a_column_co_driver,14,vp14/run1_2018-05-30-10-11-09.ids_2,12,5,talking_on_phone,phone,test,val,8382
a_column_co_driver__run1_2018-05-30-10-11-09.ids_2__vp14__ann12__ch1.jpg,a_column_co_driver,14,vp14/run1_2018-05-30-10-11-09.ids_2,12,1,talking_on_phone,phone,test,val,8022
a_column_co_driver__run1_2018-05-24-13-44-01.ids_2__vp11__ann34__ch0.jpg,a_column_co_driver,11,vp11/run1_2018-05-24-13-44-01.ids_2,34,0,interacting_with_phone,phone,train,test,18479
a_column_co_driver__run2_2018-05-30-13-34-33.ids_2__vp15__ann14__ch7.jpg,a_column_co_driver,15,vp15/run2_2018-05-30-13-34-33.ids_2,14,7,talking_on_phone,phone,train,val,8521
a_column_co_driver__run2_2018-05-30-10-42-33.ids_2__vp14__ann37__ch9.jpg,a_column_co_driver,14,vp14/run2_2018-05-30-10-42-33.ids_2,37,9,talking_on_phone,phone,test,val,17795
a_column_co_driver__run2_2018-05-24-14-08-46.ids_2__vp10__ann19__ch2.jpg,a_column_co_driver,10,vp10/run2_2018-05-24-14-08-46.ids_2,19,2,interacting_with_phone,phone,train,train,9565
a_column_co_driver__run2_2018-05-30-11-34-54.ids_2__vp13__ann39__ch15.jpg,a_column_co_driver,13,vp13/run2_2018-05-30-11-34-54.ids_2,39,15,talking_on_phone,phone,train,test,19680
a_column_co_driver__run1_2018-05-24-13-44-01.ids_2__vp11__ann32__ch8.jpg,a_column_co_driver,11,vp11/run1_2018-05-24-13-44-01.ids_2,32,8,talking_on_phone,phone,train,test,17565
a_column_co_driver__run2b_2018-05-22-15-50-07.ids_2__vp5__ann35__ch1.jpg,a_column_co_driver,5,vp5/run2b_2018-05-22-15-50-07.ids_2,35,1,talking_on_phone,phone,train,test,11760
a_column_co_driver__run1_2018-05-03-14-08-31.ids_2__vp2__ann66__ch0.jpg,a_column_co_driver,2,vp2/run1_2018-05-03-14-08-31.ids_2,66,0,interacting_with_phone,phone,train,train,38894
a_column_co_driver__run1_2018-05-22-15-10-41.ids_2__vp5__ann81__ch9.jpg,a_column_co_driver,5,vp5/run1_2018-05-22-15-10-41.ids_2,81,9,talking_on_phone,phone,train,test,33353
a_column_co_driver__run1_2018-05-22-13-28-51.ids_2__vp4__ann80__ch15.jpg,a_column_co_driver,4,vp4/run1_2018-05-22-13-28-51.ids_2,80,15,interacting_with_phone,phone,train,train,41854
a_column_co_driver__run1_2018-05-24-13-14-41.ids_2__vp10__ann72__ch5.jpg,a_column_co_driver,10,vp10/run1_2018-05-24-13-14-41.ids_2,72,5,interacting_with_phone,phone,train,train,24878
a_column_co_driver__run2_2018-05-23-15-30-27.ids_2__vp8__ann38__ch6.jpg,a_column_co_driver,8,vp8/run2_2018-05-23-15-30-27.ids_2,38,6,talking_on_phone,phone,val,train,12394
a_column_co_driver__run2_2018-05-24-14-08-46.ids_2__vp10__ann20__ch3.jpg,a_column_co_driver,10,vp10/run2_2018-05-24-14-08-46.ids_2,20,3,talking_on_phone,phone,train,train,10237
a_column_co_driver__run1_2018-05-24-13-14-41.ids_2__vp10__ann62__ch2.jpg,a_column_co_driver,10,vp10/run1_2018-05-24-13-14-41.ids_2,62,2,talking_on_phone,phone,train,train,20624
a_column_co_driver__run2_2018-05-24-14-35-56.ids_2__vp11__ann56__ch7.jpg,a_column_co_driver,11,vp11/run2_2018-05-24-14-35-56.ids_2,56,7,talking_on_phone,phone,train,test,14624
a_column_co_driver__run2_2018-05-29-14-33-44.ids_2__vp1__ann92__ch0.jpg,a_column_co_driver,1,vp1/run2_2018-05-29-14-33-44.ids_2,92,0,interacting_with_phone,phone,train,train,40195
a_column_co_driver__run1d_2018-05-23-14-54-38.ids_2__vp8__ann31__ch5.jpg,a_column_co_driver,8,vp8/run1d_2018-05-23-14-54-38.ids_2,31,5,talking_on_phone,phone,val,train,19435
a_column_co_driver__run2_2018-05-22-14-25-04.ids_2__vp4__ann95__ch0.jpg,a_column_co_driver,4,vp4/run2_2018-05-22-14-25-04.ids_2,95,0,talking_on_phone,phone,train,train,45633
a_column_co_driver__run1_2018-05-03-14-08-31.ids_2__vp2__ann27__ch2.jpg,a_column_co_driver,2,vp2/run1_2018-05-03-14-08-31.ids_2,27,2,talking_on_phone,phone,train,train,17608
a_column_co_driver__run1_2018-05-29-15-21-10.ids_2__vp13__ann72__ch2.jpg,a_column_co_driver,13,vp13/run1_2018-05-29-15-21-10.ids_2,72,2,talking_on_phone,phone,train,test,32976
a_column_co_driver__run1_2018-05-22-13-28-51.ids_2__vp4__ann80__ch11.jpg,a_column_co_driver,4,vp4/run1_2018-05-22-13-28-51.ids_2,80,11,interacting_with_phone,phone,train,train,41495
a_column_co_driver__run2_2018-05-30-11-34-54.ids_2__vp13__ann39__ch14.jpg,a_column_co_driver,13,vp13/run2_2018-05-30-11-34-54.ids_2,39,14,talking_on_phone,phone,train,test,19589
a_column_co_driver__run2_2018-05-29-14-33-44.ids_2__vp1__ann67__ch4.jpg,a_column_co_driver,1,vp1/run2_2018-05-29-14-33-44.ids_2,67,4,talking_on_phone,phone,train,train,27155
a_column_co_driver__run2_2018-05-29-14-33-44.ids_2__vp1__ann67__ch2.jpg,a_column_co_driver,1,vp1/run2_2018-05-29-14-33-44.ids_2,67,2,talking_on_phone,phone,train,train,26974
a_column_co_driver__run2_2018-05-30-11-34-54.ids_2__vp13__ann38__ch0.jpg,a_column_co_driver,13,vp13/run2_2018-05-30-11-34-54.ids_2,38,0,interacting_with_phone,phone,train,test,18276
a_column_co_driver__run1_2018-05-30-10-11-09.ids_2__vp14__ann9__ch0.jpg,a_column_co_driver,14,vp14/run1_2018-05-30-10-11-09.ids_2,9,0,interacting_with_phone,phone,test,val,7354
a_column_co_driver__run1_2018-05-30-13-05-35.ids_2__vp15__ann101__ch1.jpg,a_column_co_driver,15,vp15/run1_2018-05-30-13-05-35.ids_2,101,1,talking_on_phone,phone,train,val,31368
a_column_co_driver__run1_2018-05-22-13-28-51.ids_2__vp4__ann80__ch19.jpg,a_column_co_driver,4,vp4/run1_2018-05-22-13-28-51.ids_2,80,19,interacting_with_phone,phone,train,train,42212
a_column_co_driver__run2_2018-05-22-14-25-04.ids_2__vp4__ann54__ch2.jpg,a_column_co_driver,4,vp4/run2_2018-05-22-14-25-04.ids_2,54,2,interacting_with_phone,phone,train,train,29380
a_column_co_driver__run1_2018-05-24-13-14-41.ids_2__vp10__ann72__ch12.jpg,a_column_co_driver,10,vp10/run1_2018-05-24-13-14-41.ids_2,72,12,interacting_with_phone,phone,train,train,25504
a_column_co_driver__run1_2018-05-22-13-28-51.ids_2__vp4__ann80__ch18.jpg,a_column_co_driver,4,vp4/run1_2018-05-22-13-28-51.ids_2,80,18,interacting_with_phone,phone,train,train,42122
a_column_co_driver__run1_2018-05-03-14-08-31.ids_2__vp2__ann26__ch11.jpg,a_column_co_driver,2,vp2/run1_2018-05-03-14-08-31.ids_2,26,11,interacting_with_phone,phone,train,train,17078
a_column_co_driver__run1_2018-05-03-14-08-31.ids_2__vp2__ann27__ch1.jpg,a_column_co_driver,2,vp2/run1_2018-05-03-14-08-31.ids_2,27,1,talking_on_phone,phone,train,train,17518
a_column_co_driver__run2_2018-05-24-17-22-26.ids_2__vp2__ann82__ch3.jpg,a_column_co_driver,2,vp2/run2_2018-05-24-17-22-26.ids_2,82,3,talking_on_phone,phone,train,train,37949
a_column_co_driver__run2_2018-05-24-16-21-35.ids_2__vp12__ann114__ch5.jpg,a_column_co_driver,12,vp12/run2_2018-05-24-16-21-35.ids_2,114,5,interacting_with_phone,phone,train,train,44820
a_column_co_driver__run1_2018-05-23-13-16-52.ids_2__vp7__ann69__ch4.jpg,a_column_co_driver,7,vp7/run1_2018-05-23-13-16-52.ids_2,69,4,interacting_with_phone,phone,val,train,22396
a_column_co_driver__run1d_2018-05-23-14-54-38.ids_2__vp8__ann31__ch8.jpg,a_column_co_driver,8,vp8/run1d_2018-05-23-14-54-38.ids_2,31,8,talking_on_phone,phone,val,train,19706
a_column_co_driver__run1b_2018-05-08-08-46-01.ids_2__vp3__ann45__ch14.jpg,a_column_co_driver,3,vp3/run1b_2018-05-08-08-46-01.ids_2,45,14,talking_on_phone,phone,train,train,22868
a_column_co_driver__run1_2018-05-23-13-16-52.ids_2__vp7__ann37__ch1.jpg,a_column_co_driver,7,vp7/run1_2018-05-23-13-16-52.ids_2,37,1,talking_on_phone,phone,val,train,14634
a_column_co_driver__run1b_2018-05-23-16-19-17.ids_2__vp9__ann101__ch12.jpg,a_column_co_driver,9,vp9/run1b_2018-05-23-16-19-17.ids_2,101,12,interacting_with_phone,phone,test,train,27514
a_column_co_driver__run1d_2018-05-23-14-54-38.ids_2__vp8__ann23__ch8.jpg,a_column_co_driver,8,vp8/run1d_2018-05-23-14-54-38.ids_2,23,8,interacting_with_phone,phone,val,train,16439
a_column_co_driver__run1_2018-05-23-10-21-45.ids_2__vp6__ann47__ch10.jpg,a_column_co_driver,6,vp6/run1_2018-05-23-10-21-45.ids_2,47,10,interacting_with_phone,phone,train,train,25595
a_column_co_driver__run2_2018-05-24-16-21-35.ids_2__vp12__ann114__ch4.jpg,a_column_co_driver,12,vp12/run2_2018-05-24-16-21-35.ids_2,114,4,interacting_with_phone,phone,train,train,44729
a_column_co_driver__run1_2018-05-23-13-16-52.ids_2__vp7__ann110__ch0.jpg,a_column_co_driver,7,vp7/run1_2018-05-23-13-16-52.ids_2,110,0,talking_on_phone,phone,val,train,33067
a_column_co_driver__run2b_2018-05-22-15-50-07.ids_2__vp5__ann34__ch1.jpg,a_column_co_driver,5,vp5/run2b_2018-05-22-15-50-07.ids_2,34,1,interacting_with_phone,phone,train,test,11616
a_column_co_driver__run2_2018-05-24-14-35-56.ids_2__vp11__ann56__ch3.jpg,a_column_co_driver,11,vp11/run2_2018-05-24-14-35-56.ids_2,56,3,talking_on_phone,phone,train,test,14263
a_column_co_driver__run1_2018-05-30-13-05-35.ids_2__vp15__ann102__ch0.jpg,a_column_co_driver,15,vp15/run1_2018-05-30-13-05-35.ids_2,102,0,interacting_with_phone,phone,train,val,32383
a_column_co_driver__run2_2018-05-29-16-03-37.ids_2__vp3__ann47__ch0.jpg,a_column_co_driver,3,vp3/run2_2018-05-29-16-03-37.ids_2,47,0,interacting_with_phone,phone,train,train,21189
a_column_co_driver__run1b_2018-05-29-14-02-47.ids_2__vp1__ann20__ch5.jpg,a_column_co_driver,1,vp1/run1b_2018-05-29-14-02-47.ids_2,20,5,interacting_with_phone,phone,train,train,8561
a_column_co_driver__run2_2018-05-29-14-33-44.ids_2__vp1__ann92__ch5.jpg,a_column_co_driver,1,vp1/run2_2018-05-29-14-33-44.ids_2,92,5,interacting_with_phone,phone,train,train,40643
a_column_co_driver__run1_2018-05-29-15-21-10.ids_2__vp13__ann60__ch13.jpg,a_column_co_driver,13,vp13/run1_2018-05-29-15-21-10.ids_2,60,13,interacting_with_phone,phone,train,test,30972
a_column_co_driver__run2_2018-05-22-14-25-04.ids_2__vp4__ann96__ch3.jpg,a_column_co_driver,4,vp4/run2_2018-05-22-14-25-04.ids_2,96,3,interacting_with_phone,phone,train,train,46475
a_column_co_driver__run2_2018-05-30-10-42-33.ids_2__vp14__ann60__ch1.jpg,a_column_co_driver,14,vp14/run2_2018-05-30-10-42-33.ids_2,60,1,interacting_with_phone,phone,test,val,25962
a_column_co_driver__run1_2018-05-30-13-05-35.ids_2__vp15__ann101__ch0.jpg,a_column_co_driver,15,vp15/run1_2018-05-30-13-05-35.ids_2,101,0,talking_on_phone,phone,train,val,31277
a_column_co_driver__run1_2018-05-03-14-08-31.ids_2__vp2__ann66__ch1.jpg,a_column_co_driver,2,vp2/run1_2018-05-03-14-08-31.ids_2,66,1,interacting_with_phone,phone,train,train,38984
a_column_co_driver__run2_2018-05-23-15-30-27.ids_2__vp8__ann119__ch4.jpg,a_column_co_driver,8,vp8/run2_2018-05-23-15-30-27.ids_2,119,4,interacting_with_phone,phone,val,train,36630
a_column_co_driver__run1_2018-05-03-14-08-31.ids_2__vp2__ann27__ch0.jpg,a_column_co_driver,2,vp2/run1_2018-05-03-14-08-31.ids_2,27,0,talking_on_phone,phone,train,train,17429
a_column_co_driver__run1_2018-05-30-13-05-35.ids_2__vp15__ann43__ch3.jpg,a_column_co_driver,15,vp15/run1_2018-05-30-13-05-35.ids_2,43,3,interacting_with_phone,phone,train,val,13363
a_column_co_driver__run2_2018-05-30-13-34-33.ids_2__vp15__ann14__ch14.jpg,a_column_co_driver,15,vp15/run2_2018-05-30-13-34-33.ids_2,14,14,talking_on_phone,phone,train,val,9144
a_column_co_driver__run1_2018-05-29-15-21-10.ids_2__vp13__ann72__ch10.jpg,a_column_co_driver,13,vp13/run1_2018-05-29-15-21-10.ids_2,72,10,talking_on_phone,phone,train,test,33692
a_column_co_driver__run2b_2018-05-23-13-54-07.ids_2__vp7__ann69__ch3.jpg,a_column_co_driver,7,vp7/run2b_2018-05-23-13-54-07.ids_2,69,3,interacting_with_phone,phone,val,train,21659
a_column_co_driver__run1_2018-05-30-13-05-35.ids_2__vp15__ann101__ch7.jpg,a_column_co_driver,15,vp15/run1_2018-05-30-13-05-35.ids_2,101,7,talking_on_phone,phone,train,val,31903
a_column_co_driver__run1_2018-05-24-13-14-41.ids_2__vp10__ann72__ch9.jpg,a_column_co_driver,10,vp10/run1_2018-05-24-13-14-41.ids_2,72,9,interacting_with_phone,phone,train,train,25237
a_column_co_driver__run2_2018-05-24-14-35-56.ids_2__vp11__ann99__ch4.jpg,a_column_co_driver,11,vp11/run2_2018-05-24-14-35-56.ids_2,99,4,interacting_with_phone,phone,train,test,24810
a_column_co_driver__run1_2018-05-03-14-08-31.ids_2__vp2__ann28__ch1.jpg,a_column_co_driver,2,vp2/run1_2018-05-03-14-08-31.ids_2,28,1,interacting_with_phone,phone,train,train,18091
a_column_co_driver__run1b_2018-05-29-14-02-47.ids_2__vp1__ann20__ch10.jpg,a_column_co_driver,1,vp1/run1b_2018-05-29-14-02-47.ids_2,20,10,interacting_with_phone,phone,train,train,9012
a_column_co_driver__run2_2018-05-22-14-25-04.ids_2__vp4__ann80__ch0.jpg,a_column_co_driver,4,vp4/run2_2018-05-22-14-25-04.ids_2,80,0,talking_on_phone,phone,train,train,37006
a_column_co_driver__run2_2018-05-24-17-22-26.ids_2__vp2__ann62__ch9.jpg,a_column_co_driver,2,vp2/run2_2018-05-24-17-22-26.ids_2,62,9,interacting_with_phone,phone,train,train,27294
a_column_co_driver__run1_2018-05-23-13-16-52.ids_2__vp7__ann69__ch0.jpg,a_column_co_driver,7,vp7/run1_2018-05-23-13-16-52.ids_2,69,0,interacting_with_phone,phone,val,train,22036
a_column_co_driver__run2b_2018-05-22-15-50-07.ids_2__vp5__ann35__ch5.jpg,a_column_co_driver,5,vp5/run2b_2018-05-22-15-50-07.ids_2,35,5,talking_on_phone,phone,train,test,12116
a_column_co_driver__run1_2018-05-23-13-16-52.ids_2__vp7__ann37__ch2.jpg,a_column_co_driver,7,vp7/run1_2018-05-23-13-16-52.ids_2,37,2,talking_on_phone,phone,val,train,14703
a_column_co_driver__run2_2018-05-30-11-34-54.ids_2__vp13__ann39__ch2.jpg,a_column_co_driver,13,vp13/run2_2018-05-30-11-34-54.ids_2,39,2,talking_on_phone,phone,train,test,18523
a_column_co_driver__run2b_2018-05-23-13-54-07.ids_2__vp7__ann45__ch6.jpg,a_column_co_driver,7,vp7/run2b_2018-05-23-13-54-07.ids_2,45,6,talking_on_phone,phone,val,train,17409
a_column_co_driver__run2_2018-05-24-17-22-26.ids_2__vp2__ann82__ch1.jpg,a_column_co_driver,2,vp2/run2_2018-05-24-17-22-26.ids_2,82,1,talking_on_phone,phone,train,train,37768
a_column_co_driver__run2_2018-05-30-13-34-33.ids_2__vp15__ann46__ch3.jpg,a_column_co_driver,15,vp15/run2_2018-05-30-13-34-33.ids_2,46,3,interacting_with_phone,phone,train,val,14809
a_column_co_driver__run1_2018-05-30-13-05-35.ids_2__vp15__ann101__ch8.jpg,a_column_co_driver,15,vp15/run1_2018-05-30-13-05-35.ids_2,101,8,talking_on_phone,phone,train,val,31993
a_column_co_driver__run2_2018-05-29-14-33-44.ids_2__vp1__ann67__ch0.jpg,a_column_co_driver,1,vp1/run2_2018-05-29-14-33-44.ids_2,67,0,talking_on_phone,phone,train,train,26794
a_column_co_driver__run1_2018-05-24-15-44-28.ids_2__vp12__ann24__ch12.jpg,a_column_co_driver,12,vp12/run1_2018-05-24-15-44-28.ids_2,24,12,interacting_with_phone,phone,train,train,13784
a_column_co_driver__run2_2018-05-24-14-08-46.ids_2__vp10__ann18__ch3.jpg,a_column_co_driver,10,vp10/run2_2018-05-24-14-08-46.ids_2,18,3,talking_on_phone,phone,train,train,9333
a_column_co_driver__run1b_2018-05-23-16-19-17.ids_2__vp9__ann101__ch22.jpg,a_column_co_driver,9,vp9/run1b_2018-05-23-16-19-17.ids_2,101,22,interacting_with_phone,phone,test,train,28371
a_column_co_driver__run1b_2018-05-23-16-19-17.ids_2__vp9__ann101__ch17.jpg,a_column_co_driver,9,vp9/run1b_2018-05-23-16-19-17.ids_2,101,17,interacting_with_phone,phone,test,train,27962
a_column_co_driver__run1_2018-05-03-14-08-31.ids_2__vp2__ann27__ch5.jpg,a_column_co_driver,2,vp2/run1_2018-05-03-14-08-31.ids_2,27,5,talking_on_phone,phone,train,train,17879
a_column_co_driver__run1b_2018-05-23-16-19-17.ids_2__vp9__ann101__ch20.jpg,a_column_co_driver,9,vp9/run1b_2018-05-23-16-19-17.ids_2,101,20,interacting_with_phone,phone,test,train,28228
a_column_co_driver__run1_2018-05-23-13-16-52.ids_2__vp7__ann108__ch6.jpg,a_column_co_driver,7,vp7/run1_2018-05-23-13-16-52.ids_2,108,6,talking_on_phone,phone,val,train,32843
a_column_co_driver__run2_2018-05-24-16-21-35.ids_2__vp12__ann114__ch0.jpg,a_column_co_driver,12,vp12/run2_2018-05-24-16-21-35.ids_2,114,0,interacting_with_phone,phone,train,train,44370
a_column_co_driver__run2_2018-05-30-10-42-33.ids_2__vp14__ann108__ch6.jpg,a_column_co_driver,14,vp14/run2_2018-05-30-10-42-33.ids_2,108,6,interacting_with_phone,phone,test,val,42338
a_column_co_driver__run1_2018-05-24-13-44-01.ids_2__vp11__ann31__ch4.jpg,a_column_co_driver,11,vp11/run1_2018-05-24-13-44-01.ids_2,31,4,interacting_with_phone,phone,train,test,16453
a_column_co_driver__run2b_2018-05-23-13-54-07.ids_2__vp7__ann45__ch4.jpg,a_column_co_driver,7,vp7/run2b_2018-05-23-13-54-07.ids_2,45,4,talking_on_phone,phone,val,train,17258
a_column_co_driver__run1_2018-05-22-15-10-41.ids_2__vp5__ann17__ch5.jpg,a_column_co_driver,5,vp5/run1_2018-05-22-15-10-41.ids_2,17,5,interacting_with_phone,phone,train,test,13638
a_column_co_driver__run1_2018-05-24-13-14-41.ids_2__vp10__ann62__ch5.jpg,a_column_co_driver,10,vp10/run1_2018-05-24-13-14-41.ids_2,62,5,talking_on_phone,phone,train,train,20896
a_column_co_driver__run1_2018-05-30-10-11-09.ids_2__vp14__ann9__ch2.jpg,a_column_co_driver,14,vp14/run1_2018-05-30-10-11-09.ids_2,9,2,interacting_with_phone,phone,test,val,7522
a_column_co_driver__run2b_2018-05-22-15-50-07.ids_2__vp5__ann35__ch2.jpg,a_column_co_driver,5,vp5/run2b_2018-05-22-15-50-07.ids_2,35,2,talking_on_phone,phone,train,test,11850
a_column_co_driver__run2_2018-05-24-16-21-35.ids_2__vp12__ann114__ch6.jpg,a_column_co_driver,12,vp12/run2_2018-05-24-16-21-35.ids_2,114,6,interacting_with_phone,phone,train,train,44910
a_column_co_driver__run1_2018-05-22-15-10-41.ids_2__vp5__ann81__ch8.jpg,a_column_co_driver,5,vp5/run1_2018-05-22-15-10-41.ids_2,81,8,talking_on_phone,phone,train,test,33263
a_column_co_driver__run1b_2018-05-29-14-02-47.ids_2__vp1__ann20__ch7.jpg,a_column_co_driver,1,vp1/run1b_2018-05-29-14-02-47.ids_2,20,7,interacting_with_phone,phone,train,train,8741
a_column_co_driver__run2_2018-05-24-14-35-56.ids_2__vp11__ann56__ch5.jpg,a_column_co_driver,11,vp11/run2_2018-05-24-14-35-56.ids_2,56,5,talking_on_phone,phone,train,test,14444
a_column_co_driver__run1_2018-05-24-13-44-01.ids_2__vp11__ann103__ch5.jpg,a_column_co_driver,11,vp11/run1_2018-05-24-13-44-01.ids_2,103,5,interacting_with_phone,phone,train,test,34989
a_column_co_driver__run2_2018-05-24-17-22-26.ids_2__vp2__ann62__ch0.jpg,a_column_co_driver,2,vp2/run2_2018-05-24-17-22-26.ids_2,62,0,interacting_with_phone,phone,train,train,26486
a_column_co_driver__run1d_2018-05-23-14-54-38.ids_2__vp8__ann31__ch4.jpg,a_column_co_driver,8,vp8/run1d_2018-05-23-14-54-38.ids_2,31,4,talking_on_phone,phone,val,train,19344
a_column_co_driver__run1d_2018-05-23-14-54-38.ids_2__vp8__ann23__ch5.jpg,a_column_co_driver,8,vp8/run1d_2018-05-23-14-54-38.ids_2,23,5,interacting_with_phone,phone,val,train,16174
a_column_co_driver__run2_2018-05-24-16-21-35.ids_2__vp12__ann114__ch10.jpg,a_column_co_driver,12,vp12/run2_2018-05-24-16-21-35.ids_2,114,10,interacting_with_phone,phone,train,train,45272
a_column_co_driver__run1b_2018-05-23-16-19-17.ids_2__vp9__ann101__ch5.jpg,a_column_co_driver,9,vp9/run1b_2018-05-23-16-19-17.ids_2,101,5,interacting_with_phone,phone,test,train,26882
a_column_co_driver__run1b_2018-05-29-14-02-47.ids_2__vp1__ann20__ch2.jpg,a_column_co_driver,1,vp1/run1b_2018-05-29-14-02-47.ids_2,20,2,interacting_with_phone,phone,train,train,8293
a_column_co_driver__run1_2018-05-24-13-44-01.ids_2__vp11__ann105__ch0.jpg,a_column_co_driver,11,vp11/run1_2018-05-24-13-44-01.ids_2,105,0,interacting_with_phone,phone,train,test,35189
a_column_co_driver__run1_2018-05-24-13-14-41.ids_2__vp10__ann62__ch9.jpg,a_column_co_driver,10,vp10/run1_2018-05-24-13-14-41.ids_2,62,9,talking_on_phone,phone,train,train,21251
a_column_co_driver__run2_2018-05-30-11-34-54.ids_2__vp13__ann39__ch11.jpg,a_column_co_driver,13,vp13/run2_2018-05-30-11-34-54.ids_2,39,11,talking_on_phone,phone,train,test,19319
a_column_co_driver__run1_2018-05-22-13-28-51.ids_2__vp4__ann62__ch15.jpg,a_column_co_driver,4,vp4/run1_2018-05-22-13-28-51.ids_2,62,15,talking_on_phone,phone,train,train,35907
a_column_co_driver__run1d_2018-05-23-14-54-38.ids_2__vp8__ann31__ch0.jpg,a_column_co_driver,8,vp8/run1d_2018-05-23-14-54-38.ids_2,31,0,talking_on_phone,phone,val,train,18984
a_column_co_driver__run2_2018-05-30-13-34-33.ids_2__vp15__ann14__ch18.jpg,a_column_co_driver,15,vp15/run2_2018-05-30-13-34-33.ids_2,14,18,talking_on_phone,phone,train,val,9505
a_column_co_driver__run1_2018-05-29-15-21-10.ids_2__vp13__ann60__ch7.jpg,a_column_co_driver,13,vp13/run1_2018-05-29-15-21-10.ids_2,60,7,interacting_with_phone,phone,train,test,30439
a_column_co_driver__run2_2018-05-24-16-21-35.ids_2__vp12__ann114__ch7.jpg,a_column_co_driver,12,vp12/run2_2018-05-24-16-21-35.ids_2,114,7,interacting_with_phone,phone,train,train,45000
a_column_co_driver__run1_2018-05-22-15-10-41.ids_2__vp5__ann81__ch6.jpg,a_column_co_driver,5,vp5/run1_2018-05-22-15-10-41.ids_2,81,6,talking_on_phone,phone,train,test,33082
a_column_co_driver__run2b_2018-05-23-13-54-07.ids_2__vp7__ann82__ch0.jpg,a_column_co_driver,7,vp7/run2b_2018-05-23-13-54-07.ids_2,82,0,interacting_with_phone,phone,val,train,23140
a_column_co_driver__run2b_2018-05-22-15-50-07.ids_2__vp5__ann35__ch9.jpg,a_column_co_driver,5,vp5/run2b_2018-05-22-15-50-07.ids_2,35,9,talking_on_phone,phone,train,test,12474
a_column_co_driver__run2_2018-05-30-10-42-33.ids_2__vp14__ann108__ch0.jpg,a_column_co_driver,14,vp14/run2_2018-05-30-10-42-33.ids_2,108,0,interacting_with_phone,phone,test,val,41801
a_column_co_driver__run1_2018-05-23-13-16-52.ids_2__vp7__ann69__ch6.jpg,a_column_co_driver,7,vp7/run1_2018-05-23-13-16-52.ids_2,69,6,interacting_with_phone,phone,val,train,22566
a_column_co_driver__run2_2018-05-30-13-34-33.ids_2__vp15__ann15__ch0.jpg,a_column_co_driver,15,vp15/run2_2018-05-30-13-34-33.ids_2,15,0,interacting_with_phone,phone,train,val,9809
a_column_co_driver__run1_2018-05-03-14-08-31.ids_2__vp2__ann27__ch3.jpg,a_column_co_driver,2,vp2/run1_2018-05-03-14-08-31.ids_2,27,3,talking_on_phone,phone,train,train,17699
a_column_co_driver__run1b_2018-05-08-08-46-01.ids_2__vp3__ann45__ch7.jpg,a_column_co_driver,3,vp3/run1b_2018-05-08-08-46-01.ids_2,45,7,talking_on_phone,phone,train,train,22277
a_column_co_driver__run1_2018-05-29-15-21-10.ids_2__vp13__ann60__ch1.jpg,a_column_co_driver,13,vp13/run1_2018-05-29-15-21-10.ids_2,60,1,interacting_with_phone,phone,train,test,29902
a_column_co_driver__run1_2018-05-22-13-28-51.ids_2__vp4__ann80__ch3.jpg,a_column_co_driver,4,vp4/run1_2018-05-22-13-28-51.ids_2,80,3,interacting_with_phone,phone,train,train,40778
a_column_co_driver__run1_2018-05-22-15-10-41.ids_2__vp5__ann81__ch10.jpg,a_column_co_driver,5,vp5/run1_2018-05-22-15-10-41.ids_2,81,10,talking_on_phone,phone,train,test,33444
a_column_co_driver__run2b_2018-05-23-13-54-07.ids_2__vp7__ann78__ch0.jpg,a_column_co_driver,7,vp7/run2b_2018-05-23-13-54-07.ids_2,78,0,interacting_with_phone,phone,val,train,22614
a_column_co_driver__run1_2018-05-29-15-21-10.ids_2__vp13__ann72__ch3.jpg,a_column_co_driver,13,vp13/run1_2018-05-29-15-21-10.ids_2,72,3,talking_on_phone,phone,train,test,33066
a_column_co_driver__run2b_2018-05-23-13-54-07.ids_2__vp7__ann44__ch1.jpg,a_column_co_driver,7,vp7/run2b_2018-05-23-13-54-07.ids_2,44,1,interacting_with_phone,phone,val,train,16798
a_column_co_driver__run1_2018-05-22-13-28-51.ids_2__vp4__ann80__ch5.jpg,a_column_co_driver,4,vp4/run1_2018-05-22-13-28-51.ids_2,80,5,interacting_with_phone,phone,train,train,40955
a_column_co_driver__run1b_2018-05-08-08-46-01.ids_2__vp3__ann34__ch2.jpg,a_column_co_driver,3,vp3/run1b_2018-05-08-08-46-01.ids_2,34,2,interacting_with_phone,phone,train,train,18744
a_column_co_driver__run1_2018-05-30-10-11-09.ids_2__vp14__ann12__ch11.jpg,a_column_co_driver,14,vp14/run1_2018-05-30-10-11-09.ids_2,12,11,talking_on_phone,phone,test,val,8924
a_column_co_driver__run2_2018-05-22-14-25-04.ids_2__vp4__ann54__ch11.jpg,a_column_co_driver,4,vp4/run2_2018-05-22-14-25-04.ids_2,54,11,interacting_with_phone,phone,train,train,30188
a_column_co_driver__run1_2018-05-24-15-44-28.ids_2__vp12__ann87__ch4.jpg,a_column_co_driver,12,vp12/run1_2018-05-24-15-44-28.ids_2,87,4,talking_on_phone,phone,train,train,36411
a_column_co_driver__run2_2018-05-29-14-33-44.ids_2__vp1__ann92__ch6.jpg,a_column_co_driver,1,vp1/run2_2018-05-29-14-33-44.ids_2,92,6,interacting_with_phone,phone,train,train,40732
a_column_co_driver__run2_2018-05-24-14-08-46.ids_2__vp10__ann115__ch15.jpg,a_column_co_driver,10,vp10/run2_2018-05-24-14-08-46.ids_2,115,15,interacting_with_phone,phone,train,train,39471
a_column_co_driver__run2_2018-05-30-13-34-33.ids_2__vp15__ann14__ch21.jpg,a_column_co_driver,15,vp15/run2_2018-05-30-13-34-33.ids_2,14,21,talking_on_phone,phone,train,val,9764
a_column_co_driver__run1_2018-05-30-13-05-35.ids_2__vp15__ann43__ch1.jpg,a_column_co_driver,15,vp15/run1_2018-05-30-13-05-35.ids_2,43,1,interacting_with_phone,phone,train,val,13214
a_column_co_driver__run1b_2018-05-23-16-19-17.ids_2__vp9__ann101__ch4.jpg,a_column_co_driver,9,vp9/run1b_2018-05-23-16-19-17.ids_2,101,4,interacting_with_phone,phone,test,train,26793
a_column_co_driver__run1_2018-05-22-15-10-41.ids_2__vp5__ann81__ch0.jpg,a_column_co_driver,5,vp5/run1_2018-05-22-15-10-41.ids_2,81,0,talking_on_phone,phone,train,test,32545
a_column_co_driver__run1_2018-05-30-10-11-09.ids_2__vp14__ann63__ch1.jpg,a_column_co_driver,14,vp14/run1_2018-05-30-10-11-09.ids_2,63,1,interacting_with_phone,phone,test,val,25217
a_column_co_driver__run1_2018-05-22-13-28-51.ids_2__vp4__ann80__ch16.jpg,a_column_co_driver,4,vp4/run1_2018-05-22-13-28-51.ids_2,80,16,interacting_with_phone,phone,train,train,41943
a_column_co_driver__run1_2018-05-23-13-16-52.ids_2__vp7__ann107__ch1.jpg,a_column_co_driver,7,vp7/run1_2018-05-23-13-16-52.ids_2,107,1,interacting_with_phone,phone,val,train,32224
a_column_co_driver__run1_2018-05-22-15-10-41.ids_2__vp5__ann17__ch3.jpg,a_column_co_driver,5,vp5/run1_2018-05-22-15-10-41.ids_2,17,3,interacting_with_phone,phone,train,test,13471
a_column_co_driver__run1_2018-05-03-14-08-31.ids_2__vp2__ann21__ch2.jpg,a_column_co_driver,2,vp2/run1_2018-05-03-14-08-31.ids_2,21,2,interacting_with_phone,phone,train,train,15442
a_column_co_driver__run2_2018-05-30-10-42-33.ids_2__vp14__ann60__ch7.jpg,a_column_co_driver,14,vp14/run2_2018-05-30-10-42-33.ids_2,60,7,interacting_with_phone,phone,test,val,26497
a_column_co_driver__run2_2018-05-23-15-30-27.ids_2__vp8__ann119__ch3.jpg,a_column_co_driver,8,vp8/run2_2018-05-23-15-30-27.ids_2,119,3,interacting_with_phone,phone,val,train,36540
a_column_co_driver__run1d_2018-05-23-14-54-38.ids_2__vp8__ann31__ch6.jpg,a_column_co_driver,8,vp8/run1d_2018-05-23-14-54-38.ids_2,31,6,talking_on_phone,phone,val,train,19525
a_column_co_driver__run2_2018-05-30-10-42-33.ids_2__vp14__ann37__ch8.jpg,a_column_co_driver,14,vp14/run2_2018-05-30-10-42-33.ids_2,37,8,talking_on_phone,phone,test,val,17705
a_column_co_driver__run2_2018-05-24-14-08-46.ids_2__vp10__ann20__ch1.jpg,a_column_co_driver,10,vp10/run2_2018-05-24-14-08-46.ids_2,20,1,talking_on_phone,phone,train,train,10057
a_column_co_driver__run2_2018-05-30-10-42-33.ids_2__vp14__ann60__ch5.jpg,a_column_co_driver,14,vp14/run2_2018-05-30-10-42-33.ids_2,60,5,interacting_with_phone,phone,test,val,26319
a_column_co_driver__run2_2018-05-24-14-35-56.ids_2__vp11__ann99__ch3.jpg,a_column_co_driver,11,vp11/run2_2018-05-24-14-35-56.ids_2,99,3,interacting_with_phone,phone,train,test,24719
a_column_co_driver__run2_2018-05-30-10-42-33.ids_2__vp14__ann37__ch13.jpg,a_column_co_driver,14,vp14/run2_2018-05-30-10-42-33.ids_2,37,13,talking_on_phone,phone,test,val,18127
a_column_co_driver__run1_2018-05-22-13-28-51.ids_2__vp4__ann80__ch20.jpg,a_column_co_driver,4,vp4/run1_2018-05-22-13-28-51.ids_2,80,20,interacting_with_phone,phone,train,train,42303
a_column_co_driver__run1_2018-05-23-13-16-52.ids_2__vp7__ann108__ch1.jpg,a_column_co_driver,7,vp7/run1_2018-05-23-13-16-52.ids_2,108,1,talking_on_phone,phone,val,train,32402
a_column_co_driver__run1_2018-05-29-15-21-10.ids_2__vp13__ann73__ch0.jpg,a_column_co_driver,13,vp13/run1_2018-05-29-15-21-10.ids_2,73,0,interacting_with_phone,phone,train,test,33934
a_column_co_driver__run1_2018-05-03-14-08-31.ids_2__vp2__ann59__ch5.jpg,a_column_co_driver,2,vp2/run1_2018-05-03-14-08-31.ids_2,59,5,interacting_with_phone,phone,train,train,35684
a_column_co_driver__run1_2018-05-29-15-21-10.ids_2__vp13__ann60__ch12.jpg,a_column_co_driver,13,vp13/run1_2018-05-29-15-21-10.ids_2,60,12,interacting_with_phone,phone,train,test,30882
a_column_co_driver__run1_2018-05-22-13-28-51.ids_2__vp4__ann62__ch4.jpg,a_column_co_driver,4,vp4/run1_2018-05-22-13-28-51.ids_2,62,4,talking_on_phone,phone,train,train,34935
a_column_co_driver__run2_2018-05-24-14-35-56.ids_2__vp11__ann99__ch9.jpg,a_column_co_driver,11,vp11/run2_2018-05-24-14-35-56.ids_2,99,9,interacting_with_phone,phone,train,test,25250
a_column_co_driver__run2_2018-05-23-15-30-27.ids_2__vp8__ann38__ch9.jpg,a_column_co_driver,8,vp8/run2_2018-05-23-15-30-27.ids_2,38,9,talking_on_phone,phone,val,train,12664
a_column_co_driver__run1_2018-05-22-15-10-41.ids_2__vp5__ann17__ch2.jpg,a_column_co_driver,5,vp5/run1_2018-05-22-15-10-41.ids_2,17,2,interacting_with_phone,phone,train,test,13381
a_column_co_driver__run2_2018-05-29-16-03-37.ids_2__vp3__ann33__ch1.jpg,a_column_co_driver,3,vp3/run2_2018-05-29-16-03-37.ids_2,33,1,interacting_with_phone,phone,train,train,16186
a_column_co_driver__run1_2018-05-03-14-08-31.ids_2__vp2__ann26__ch8.jpg,a_column_co_driver,2,vp2/run1_2018-05-03-14-08-31.ids_2,26,8,interacting_with_phone,phone,train,train,16808
a_column_co_driver__run2_2018-05-30-10-42-33.ids_2__vp14__ann60__ch0.jpg,a_column_co_driver,14,vp14/run2_2018-05-30-10-42-33.ids_2,60,0,interacting_with_phone,phone,test,val,25871
a_column_co_driver__run1b_2018-05-08-08-46-01.ids_2__vp3__ann34__ch0.jpg,a_column_co_driver,3,vp3/run1b_2018-05-08-08-46-01.ids_2,34,0,interacting_with_phone,phone,train,train,18565
a_column_co_driver__run2_2018-05-29-14-33-44.ids_2__vp1__ann67__ch15.jpg,a_column_co_driver,1,vp1/run2_2018-05-29-14-33-44.ids_2,67,15,talking_on_phone,phone,train,train,28144
a_column_co_driver__run2_2018-05-23-11-05-00.ids_2__vp6__ann74__ch3.jpg,a_column_co_driver,6,vp6/run2_2018-05-23-11-05-00.ids_2,74,3,interacting_with_phone,phone,train,train,32603
a_column_co_driver__run1_2018-05-03-14-08-31.ids_2__vp2__ann26__ch9.jpg,a_column_co_driver,2,vp2/run1_2018-05-03-14-08-31.ids_2,26,9,interacting_with_phone,phone,train,train,16898
a_column_co_driver__run1_2018-05-22-15-10-41.ids_2__vp5__ann81__ch4.jpg,a_column_co_driver,5,vp5/run1_2018-05-22-15-10-41.ids_2,81,4,talking_on_phone,phone,train,test,32903
a_column_co_driver__run1_2018-05-30-10-11-09.ids_2__vp14__ann98__ch11.jpg,a_column_co_driver,14,vp14/run1_2018-05-30-10-11-09.ids_2,98,11,interacting_with_phone,phone,test,val,45500
a_column_co_driver__run2b_2018-05-23-13-54-07.ids_2__vp7__ann45__ch1.jpg,a_column_co_driver,7,vp7/run2b_2018-05-23-13-54-07.ids_2,45,1,talking_on_phone,phone,val,train,16992
a_column_co_driver__run1_2018-05-24-13-14-41.ids_2__vp10__ann62__ch0.jpg,a_column_co_driver,10,vp10/run1_2018-05-24-13-14-41.ids_2,62,0,talking_on_phone,phone,train,train,20442
a_column_co_driver__run1b_2018-05-08-08-46-01.ids_2__vp3__ann34__ch4.jpg,a_column_co_driver,3,vp3/run1b_2018-05-08-08-46-01.ids_2,34,4,interacting_with_phone,phone,train,train,18924
a_column_co_driver__run1_2018-05-03-14-08-31.ids_2__vp2__ann27__ch6.jpg,a_column_co_driver,2,vp2/run1_2018-05-03-14-08-31.ids_2,27,6,talking_on_phone,phone,train,train,17948
a_column_co_driver__run2_2018-05-29-16-03-37.ids_2__vp3__ann46__ch0.jpg,a_column_co_driver,3,vp3/run2_2018-05-29-16-03-37.ids_2,46,0,talking_on_phone,phone,train,train,20391
a_column_co_driver__run2_2018-05-29-16-03-37.ids_2__vp3__ann45__ch0.jpg,a_column_co_driver,3,vp3/run2_2018-05-29-16-03-37.ids_2,45,0,interacting_with_phone,phone,train,train,20316
a_column_co_driver__run2_2018-05-29-14-33-44.ids_2__vp1__ann66__ch0.jpg,a_column_co_driver,1,vp1/run2_2018-05-29-14-33-44.ids_2,66,0,interacting_with_phone,phone,train,train,26713
a_column_co_driver__run1_2018-05-24-13-14-41.ids_2__vp10__ann62__ch3.jpg,a_column_co_driver,10,vp10/run1_2018-05-24-13-14-41.ids_2,62,3,talking_on_phone,phone,train,train,20715
a_column_co_driver__run1_2018-05-22-13-28-51.ids_2__vp4__ann80__ch0.jpg,a_column_co_driver,4,vp4/run1_2018-05-22-13-28-51.ids_2,80,0,interacting_with_phone,phone,train,train,40506
a_column_co_driver__run1_2018-05-24-13-44-01.ids_2__vp11__ann32__ch10.jpg,a_column_co_driver,11,vp11/run1_2018-05-24-13-44-01.ids_2,32,10,talking_on_phone,phone,train,test,17745
a_column_co_driver__run1_2018-05-30-10-11-09.ids_2__vp14__ann12__ch0.jpg,a_column_co_driver,14,vp14/run1_2018-05-30-10-11-09.ids_2,12,0,talking_on_phone,phone,test,val,7931
a_column_co_driver__run2b_2018-05-23-13-54-07.ids_2__vp7__ann69__ch0.jpg,a_column_co_driver,7,vp7/run2b_2018-05-23-13-54-07.ids_2,69,0,interacting_with_phone,phone,val,train,21396
a_column_co_driver__run1b_2018-05-08-08-46-01.ids_2__vp3__ann34__ch5.jpg,a_column_co_driver,3,vp3/run1b_2018-05-08-08-46-01.ids_2,34,5,interacting_with_phone,phone,train,train,19014
a_column_co_driver__run2_2018-05-30-11-34-54.ids_2__vp13__ann40__ch0.jpg,a_column_co_driver,13,vp13/run2_2018-05-30-11-34-54.ids_2,40,0,interacting_with_phone,phone,train,test,19801
a_column_co_driver__run1_2018-05-24-13-14-41.ids_2__vp10__ann62__ch11.jpg,a_column_co_driver,10,vp10/run1_2018-05-24-13-14-41.ids_2,62,11,talking_on_phone,phone,train,train,21413
a_column_co_driver__run1b_2018-05-08-08-46-01.ids_2__vp3__ann44__ch0.jpg,a_column_co_driver,3,vp3/run1b_2018-05-08-08-46-01.ids_2,44,0,interacting_with_phone,phone,train,train,21574
a_column_co_driver__run1_2018-05-24-15-44-28.ids_2__vp12__ann24__ch5.jpg,a_column_co_driver,12,vp12/run1_2018-05-24-15-44-28.ids_2,24,5,interacting_with_phone,phone,train,train,13160
a_column_co_driver__run1b_2018-05-29-14-02-47.ids_2__vp1__ann20__ch6.jpg,a_column_co_driver,1,vp1/run1b_2018-05-29-14-02-47.ids_2,20,6,interacting_with_phone,phone,train,train,8651
a_column_co_driver__run1_2018-05-30-10-11-09.ids_2__vp14__ann12__ch4.jpg,a_column_co_driver,14,vp14/run1_2018-05-30-10-11-09.ids_2,12,4,talking_on_phone,phone,test,val,8291
a_column_co_driver__run1_2018-05-29-15-21-10.ids_2__vp13__ann72__ch6.jpg,a_column_co_driver,13,vp13/run1_2018-05-29-15-21-10.ids_2,72,6,talking_on_phone,phone,train,test,33334
a_column_co_driver__run2_2018-05-22-14-25-04.ids_2__vp4__ann80__ch4.jpg,a_column_co_driver,4,vp4/run2_2018-05-22-14-25-04.ids_2,80,4,talking_on_phone,phone,train,train,37367
a_column_co_driver__run2_2018-05-30-13-34-33.ids_2__vp15__ann14__ch20.jpg,a_column_co_driver,15,vp15/run2_2018-05-30-13-34-33.ids_2,14,20,talking_on_phone,phone,train,val,9683
a_column_co_driver__run1_2018-05-03-14-08-31.ids_2__vp2__ann26__ch12.jpg,a_column_co_driver,2,vp2/run1_2018-05-03-14-08-31.ids_2,26,12,interacting_with_phone,phone,train,train,17168
a_column_co_driver__run1_2018-05-22-15-10-41.ids_2__vp5__ann81__ch2.jpg,a_column_co_driver,5,vp5/run1_2018-05-22-15-10-41.ids_2,81,2,talking_on_phone,phone,train,test,32725
a_column_co_driver__run2_2018-05-23-11-05-00.ids_2__vp6__ann58__ch0.jpg,a_column_co_driver,6,vp6/run2_2018-05-23-11-05-00.ids_2,58,0,interacting_with_phone,phone,train,train,27569
a_column_co_driver__run2_2018-05-24-14-08-46.ids_2__vp10__ann20__ch4.jpg,a_column_co_driver,10,vp10/run2_2018-05-24-14-08-46.ids_2,20,4,talking_on_phone,phone,train,train,10327
a_column_co_driver__run1b_2018-05-08-08-46-01.ids_2__vp3__ann45__ch4.jpg,a_column_co_driver,3,vp3/run1b_2018-05-08-08-46-01.ids_2,45,4,talking_on_phone,phone,train,train,22007
a_column_co_driver__run1_2018-05-23-13-16-52.ids_2__vp7__ann102__ch0.jpg,a_column_co_driver,7,vp7/run1_2018-05-23-13-16-52.ids_2,102,0,interacting_with_phone,phone,val,train,31707
a_column_co_driver__run2_2018-05-22-14-25-04.ids_2__vp4__ann80__ch3.jpg,a_column_co_driver,4,vp4/run2_2018-05-22-14-25-04.ids_2,80,3,talking_on_phone,phone,train,train,37278
a_column_co_driver__run2_2018-05-22-14-25-04.ids_2__vp4__ann54__ch4.jpg,a_column_co_driver,4,vp4/run2_2018-05-22-14-25-04.ids_2,54,4,interacting_with_phone,phone,train,train,29558
a_column_co_driver__run2_2018-05-30-11-34-54.ids_2__vp13__ann39__ch9.jpg,a_column_co_driver,13,vp13/run2_2018-05-30-11-34-54.ids_2,39,9,talking_on_phone,phone,train,test,19143
a_column_co_driver__run2b_2018-05-23-13-54-07.ids_2__vp7__ann46__ch0.jpg,a_column_co_driver,7,vp7/run2b_2018-05-23-13-54-07.ids_2,46,0,interacting_with_phone,phone,val,train,17457
a_column_co_driver__run1b_2018-05-08-08-46-01.ids_2__vp3__ann34__ch1.jpg,a_column_co_driver,3,vp3/run1b_2018-05-08-08-46-01.ids_2,34,1,interacting_with_phone,phone,train,train,18654
a_column_co_driver__run2_2018-05-23-15-30-27.ids_2__vp8__ann119__ch6.jpg,a_column_co_driver,8,vp8/run2_2018-05-23-15-30-27.ids_2,119,6,interacting_with_phone,phone,val,train,36810
a_column_co_driver__run2b_2018-05-23-13-54-07.ids_2__vp7__ann45__ch2.jpg,a_column_co_driver,7,vp7/run2b_2018-05-23-13-54-07.ids_2,45,2,talking_on_phone,phone,val,train,17081
a_column_co_driver__run1_2018-05-24-13-14-41.ids_2__vp10__ann72__ch10.jpg,a_column_co_driver,10,vp10/run1_2018-05-24-13-14-41.ids_2,72,10,interacting_with_phone,phone,train,train,25326
a_column_co_driver__run2_2018-05-29-14-33-44.ids_2__vp1__ann67__ch12.jpg,a_column_co_driver,1,vp1/run2_2018-05-29-14-33-44.ids_2,67,12,talking_on_phone,phone,train,train,27876
a_column_co_driver__run1_2018-05-24-15-44-28.ids_2__vp12__ann87__ch12.jpg,a_column_co_driver,12,vp12/run1_2018-05-24-15-44-28.ids_2,87,12,talking_on_phone,phone,train,train,37127
a_column_co_driver__run2_2018-05-24-17-22-26.ids_2__vp2__ann62__ch7.jpg,a_column_co_driver,2,vp2/run2_2018-05-24-17-22-26.ids_2,62,7,interacting_with_phone,phone,train,train,27112
a_column_co_driver__run1d_2018-05-23-14-54-38.ids_2__vp8__ann31__ch3.jpg,a_column_co_driver,8,vp8/run1d_2018-05-23-14-54-38.ids_2,31,3,talking_on_phone,phone,val,train,19255
a_column_co_driver__run2_2018-05-29-14-33-44.ids_2__vp1__ann92__ch7.jpg,a_column_co_driver,1,vp1/run2_2018-05-29-14-33-44.ids_2,92,7,interacting_with_phone,phone,train,train,40821
a_column_co_driver__run1_2018-05-24-13-14-41.ids_2__vp10__ann62__ch10.jpg,a_column_co_driver,10,vp10/run1_2018-05-24-13-14-41.ids_2,62,10,talking_on_phone,phone,train,train,21340
a_column_co_driver__run1_2018-05-23-13-16-52.ids_2__vp7__ann38__ch1.jpg,a_column_co_driver,7,vp7/run1_2018-05-23-13-16-52.ids_2,38,1,interacting_with_phone,phone,val,train,14868
a_column_co_driver__run1_2018-05-24-13-14-41.ids_2__vp10__ann62__ch6.jpg,a_column_co_driver,10,vp10/run1_2018-05-24-13-14-41.ids_2,62,6,talking_on_phone,phone,train,train,20985
a_column_co_driver__run1b_2018-05-29-14-02-47.ids_2__vp1__ann90__ch1.jpg,a_column_co_driver,1,vp1/run1b_2018-05-29-14-02-47.ids_2,90,1,talking_on_phone,phone,train,train,25651
a_column_co_driver__run2_2018-05-24-14-08-46.ids_2__vp10__ann115__ch6.jpg,a_column_co_driver,10,vp10/run2_2018-05-24-14-08-46.ids_2,115,6,interacting_with_phone,phone,train,train,38658
a_column_co_driver__run2_2018-05-23-15-30-27.ids_2__vp8__ann34__ch0.jpg,a_column_co_driver,8,vp8/run2_2018-05-23-15-30-27.ids_2,34,0,interacting_with_phone,phone,val,train,11324
a_column_co_driver__run2_2018-05-23-15-30-27.ids_2__vp8__ann38__ch11.jpg,a_column_co_driver,8,vp8/run2_2018-05-23-15-30-27.ids_2,38,11,talking_on_phone,phone,val,train,12842
a_column_co_driver__run2_2018-05-29-14-33-44.ids_2__vp1__ann92__ch2.jpg,a_column_co_driver,1,vp1/run2_2018-05-29-14-33-44.ids_2,92,2,interacting_with_phone,phone,train,train,40375
a_column_co_driver__run2_2018-05-30-13-34-33.ids_2__vp15__ann46__ch5.jpg,a_column_co_driver,15,vp15/run2_2018-05-30-13-34-33.ids_2,46,5,interacting_with_phone,phone,train,val,14988
a_column_co_driver__run2_2018-05-24-14-35-56.ids_2__vp11__ann99__ch6.jpg,a_column_co_driver,11,vp11/run2_2018-05-24-14-35-56.ids_2,99,6,interacting_with_phone,phone,train,test,24990
a_column_co_driver__run1_2018-05-23-10-21-45.ids_2__vp6__ann47__ch8.jpg,a_column_co_driver,6,vp6/run1_2018-05-23-10-21-45.ids_2,47,8,interacting_with_phone,phone,train,train,25415
a_column_co_driver__run1_2018-05-30-10-11-09.ids_2__vp14__ann12__ch7.jpg,a_column_co_driver,14,vp14/run1_2018-05-30-10-11-09.ids_2,12,7,talking_on_phone,phone,test,val,8563
a_column_co_driver__run2_2018-05-30-10-42-33.ids_2__vp14__ann37__ch2.jpg,a_column_co_driver,14,vp14/run2_2018-05-30-10-42-33.ids_2,37,2,talking_on_phone,phone,test,val,17165
a_column_co_driver__run1d_2018-05-23-14-54-38.ids_2__vp8__ann23__ch3.jpg,a_column_co_driver,8,vp8/run1d_2018-05-23-14-54-38.ids_2,23,3,interacting_with_phone,phone,val,train,15993
a_column_co_driver__run1_2018-05-23-13-16-52.ids_2__vp7__ann69__ch3.jpg,a_column_co_driver,7,vp7/run1_2018-05-23-13-16-52.ids_2,69,3,interacting_with_phone,phone,val,train,22308
a_column_co_driver__run1b_2018-05-29-14-02-47.ids_2__vp1__ann89__ch0.jpg,a_column_co_driver,1,vp1/run1b_2018-05-29-14-02-47.ids_2,89,0,talking_on_phone,phone,train,train,25116
a_column_co_driver__run2_2018-05-30-10-42-33.ids_2__vp14__ann108__ch4.jpg,a_column_co_driver,14,vp14/run2_2018-05-30-10-42-33.ids_2,108,4,interacting_with_phone,phone,test,val,42157
a_column_co_driver__run2_2018-05-23-11-05-00.ids_2__vp6__ann74__ch8.jpg,a_column_co_driver,6,vp6/run2_2018-05-23-11-05-00.ids_2,74,8,interacting_with_phone,phone,train,train,33051
a_column_co_driver__run1_2018-05-03-14-08-31.ids_2__vp2__ann28__ch0.jpg,a_column_co_driver,2,vp2/run1_2018-05-03-14-08-31.ids_2,28,0,interacting_with_phone,phone,train,train,18016
a_column_co_driver__run1_2018-05-03-14-08-31.ids_2__vp2__ann26__ch0.jpg,a_column_co_driver,2,vp2/run1_2018-05-03-14-08-31.ids_2,26,0,interacting_with_phone,phone,train,train,16091
a_column_co_driver__run2_2018-05-24-14-08-46.ids_2__vp10__ann115__ch10.jpg,a_column_co_driver,10,vp10/run2_2018-05-24-14-08-46.ids_2,115,10,interacting_with_phone,phone,train,train,39017
a_column_co_driver__run2_2018-05-23-11-05-00.ids_2__vp6__ann74__ch7.jpg,a_column_co_driver,6,vp6/run2_2018-05-23-11-05-00.ids_2,74,7,interacting_with_phone,phone,train,train,32962
a_column_co_driver__run1_2018-05-24-15-44-28.ids_2__vp12__ann87__ch5.jpg,a_column_co_driver,12,vp12/run1_2018-05-24-15-44-28.ids_2,87,5,talking_on_phone,phone,train,train,36501
a_column_co_driver__run2_2018-05-23-15-30-27.ids_2__vp8__ann119__ch8.jpg,a_column_co_driver,8,vp8/run2_2018-05-23-15-30-27.ids_2,119,8,interacting_with_phone,phone,val,train,36988
a_column_co_driver__run2_2018-05-24-14-08-46.ids_2__vp10__ann20__ch6.jpg,a_column_co_driver,10,vp10/run2_2018-05-24-14-08-46.ids_2,20,6,talking_on_phone,phone,train,train,10505
a_column_co_driver__run1_2018-05-22-13-28-51.ids_2__vp4__ann62__ch5.jpg,a_column_co_driver,4,vp4/run1_2018-05-22-13-28-51.ids_2,62,5,talking_on_phone,phone,train,train,35025
a_column_co_driver__run2b_2018-05-23-13-54-07.ids_2__vp7__ann45__ch3.jpg,a_column_co_driver,7,vp7/run2b_2018-05-23-13-54-07.ids_2,45,3,talking_on_phone,phone,val,train,17169
a_column_co_driver__run2_2018-05-24-16-21-35.ids_2__vp12__ann54__ch3.jpg,a_column_co_driver,12,vp12/run2_2018-05-24-16-21-35.ids_2,54,3,talking_on_phone,phone,train,train,21389
a_column_co_driver__run2_2018-05-22-14-25-04.ids_2__vp4__ann54__ch7.jpg,a_column_co_driver,4,vp4/run2_2018-05-22-14-25-04.ids_2,54,7,interacting_with_phone,phone,train,train,29829
a_column_co_driver__run1_2018-05-24-13-14-41.ids_2__vp10__ann72__ch8.jpg,a_column_co_driver,10,vp10/run1_2018-05-24-13-14-41.ids_2,72,8,interacting_with_phone,phone,train,train,25147
a_column_co_driver__run2_2018-05-30-10-42-33.ids_2__vp14__ann60__ch6.jpg,a_column_co_driver,14,vp14/run2_2018-05-30-10-42-33.ids_2,60,6,interacting_with_phone,phone,test,val,26408
a_column_co_driver__run2b_2018-05-23-13-54-07.ids_2__vp7__ann69__ch1.jpg,a_column_co_driver,7,vp7/run2b_2018-05-23-13-54-07.ids_2,69,1,interacting_with_phone,phone,val,train,21484
a_column_co_driver__run2b_2018-05-23-13-54-07.ids_2__vp7__ann80__ch0.jpg,a_column_co_driver,7,vp7/run2b_2018-05-23-13-54-07.ids_2,80,0,interacting_with_phone,phone,val,train,23077
a_column_co_driver__run2_2018-05-30-10-42-33.ids_2__vp14__ann108__ch2.jpg,a_column_co_driver,14,vp14/run2_2018-05-30-10-42-33.ids_2,108,2,interacting_with_phone,phone,test,val,41979
a_column_co_driver__run1_2018-05-24-15-44-28.ids_2__vp12__ann87__ch11.jpg,a_column_co_driver,12,vp12/run1_2018-05-24-15-44-28.ids_2,87,11,talking_on_phone,phone,train,train,37039
a_column_co_driver__run1_2018-05-22-13-28-51.ids_2__vp4__ann61__ch1.jpg,a_column_co_driver,4,vp4/run1_2018-05-22-13-28-51.ids_2,61,1,interacting_with_phone,phone,train,train,34524
a_column_co_driver__run2_2018-05-30-11-34-54.ids_2__vp13__ann33__ch12.jpg,a_column_co_driver,13,vp13/run2_2018-05-30-11-34-54.ids_2,33,12,interacting_with_phone,phone,train,test,16950
a_column_co_driver__run1_2018-05-24-13-44-01.ids_2__vp11__ann32__ch17.jpg,a_column_co_driver,11,vp11/run1_2018-05-24-13-44-01.ids_2,32,17,talking_on_phone,phone,train,test,18369
a_column_co_driver__run2_2018-05-29-16-03-37.ids_2__vp3__ann33__ch6.jpg,a_column_co_driver,3,vp3/run2_2018-05-29-16-03-37.ids_2,33,6,interacting_with_phone,phone,train,train,16603
a_column_co_driver__run2_2018-05-22-14-25-04.ids_2__vp4__ann95__ch4.jpg,a_column_co_driver,4,vp4/run2_2018-05-22-14-25-04.ids_2,95,4,talking_on_phone,phone,train,train,45993
a_column_co_driver__run1_2018-05-30-10-11-09.ids_2__vp14__ann9__ch1.jpg,a_column_co_driver,14,vp14/run1_2018-05-30-10-11-09.ids_2,9,1,interacting_with_phone,phone,test,val,7444
a_column_co_driver__run1_2018-05-24-13-44-01.ids_2__vp11__ann103__ch0.jpg,a_column_co_driver,11,vp11/run1_2018-05-24-13-44-01.ids_2,103,0,interacting_with_phone,phone,train,test,34542
a_column_co_driver__run1_2018-05-03-14-08-31.ids_2__vp2__ann26__ch13.jpg,a_column_co_driver,2,vp2/run1_2018-05-03-14-08-31.ids_2,26,13,interacting_with_phone,phone,train,train,17258
a_column_co_driver__run1_2018-05-24-13-44-01.ids_2__vp11__ann32__ch16.jpg,a_column_co_driver,11,vp11/run1_2018-05-24-13-44-01.ids_2,32,16,talking_on_phone,phone,train,test,18281
a_column_co_driver__run1_2018-05-24-13-14-41.ids_2__vp10__ann62__ch1.jpg,a_column_co_driver,10,vp10/run1_2018-05-24-13-14-41.ids_2,62,1,talking_on_phone,phone,train,train,20533
a_column_co_driver__run2_2018-05-24-17-22-26.ids_2__vp2__ann62__ch3.jpg,a_column_co_driver,2,vp2/run2_2018-05-24-17-22-26.ids_2,62,3,interacting_with_phone,phone,train,train,26753
a_column_co_driver__run2_2018-05-24-17-22-26.ids_2__vp2__ann80__ch0.jpg,a_column_co_driver,2,vp2/run2_2018-05-24-17-22-26.ids_2,80,0,talking_on_phone,phone,train,train,37429
a_column_co_driver__run1_2018-05-23-13-16-52.ids_2__vp7__ann108__ch4.jpg,a_column_co_driver,7,vp7/run1_2018-05-23-13-16-52.ids_2,108,4,talking_on_phone,phone,val,train,32669
a_column_co_driver__run1_2018-05-03-14-08-31.ids_2__vp2__ann59__ch7.jpg,a_column_co_driver,2,vp2/run1_2018-05-03-14-08-31.ids_2,59,7,interacting_with_phone,phone,train,train,35864
a_column_co_driver__run1_2018-05-24-15-44-28.ids_2__vp12__ann24__ch1.jpg,a_column_co_driver,12,vp12/run1_2018-05-24-15-44-28.ids_2,24,1,interacting_with_phone,phone,train,train,12803
a_column_co_driver__run1_2018-05-03-14-08-31.ids_2__vp2__ann59__ch4.jpg,a_column_co_driver,2,vp2/run1_2018-05-03-14-08-31.ids_2,59,4,interacting_with_phone,phone,train,train,35594
a_column_co_driver__run2_2018-05-24-14-08-46.ids_2__vp10__ann18__ch0.jpg,a_column_co_driver,10,vp10/run2_2018-05-24-14-08-46.ids_2,18,0,talking_on_phone,phone,train,train,9103
a_column_co_driver__run2_2018-05-24-14-35-56.ids_2__vp11__ann99__ch7.jpg,a_column_co_driver,11,vp11/run2_2018-05-24-14-35-56.ids_2,99,7,interacting_with_phone,phone,train,test,25080
a_column_co_driver__run1_2018-05-29-15-21-10.ids_2__vp13__ann60__ch6.jpg,a_column_co_driver,13,vp13/run1_2018-05-29-15-21-10.ids_2,60,6,interacting_with_phone,phone,train,test,30351
a_column_co_driver__run2_2018-05-30-10-42-33.ids_2__vp14__ann60__ch9.jpg,a_column_co_driver,14,vp14/run2_2018-05-30-10-42-33.ids_2,60,9,interacting_with_phone,phone,test,val,26678
a_column_co_driver__run2_2018-05-24-16-21-35.ids_2__vp12__ann114__ch9.jpg,a_column_co_driver,12,vp12/run2_2018-05-24-16-21-35.ids_2,114,9,interacting_with_phone,phone,train,train,45181
a_column_co_driver__run1_2018-05-03-14-08-31.ids_2__vp2__ann59__ch9.jpg,a_column_co_driver,2,vp2/run1_2018-05-03-14-08-31.ids_2,59,9,interacting_with_phone,phone,train,train,36044
a_column_co_driver__run1b_2018-05-29-14-02-47.ids_2__vp1__ann20__ch11.jpg,a_column_co_driver,1,vp1/run1b_2018-05-29-14-02-47.ids_2,20,11,interacting_with_phone,phone,train,train,9102
a_column_co_driver__run2_2018-05-30-11-34-54.ids_2__vp13__ann33__ch9.jpg,a_column_co_driver,13,vp13/run2_2018-05-30-11-34-54.ids_2,33,9,interacting_with_phone,phone,train,test,16695
a_column_co_driver__run2_2018-05-29-14-33-44.ids_2__vp1__ann67__ch14.jpg,a_column_co_driver,1,vp1/run2_2018-05-29-14-33-44.ids_2,67,14,talking_on_phone,phone,train,train,28055
a_column_co_driver__run2_2018-05-29-14-33-44.ids_2__vp1__ann67__ch13.jpg,a_column_co_driver,1,vp1/run2_2018-05-29-14-33-44.ids_2,67,13,talking_on_phone,phone,train,train,27965
a_column_co_driver__run2_2018-05-29-16-03-37.ids_2__vp3__ann46__ch2.jpg,a_column_co_driver,3,vp3/run2_2018-05-29-16-03-37.ids_2,46,2,talking_on_phone,phone,train,train,20569
a_column_co_driver__run1_2018-05-24-13-44-01.ids_2__vp11__ann32__ch12.jpg,a_column_co_driver,11,vp11/run1_2018-05-24-13-44-01.ids_2,32,12,talking_on_phone,phone,train,test,17924
a_column_co_driver__run2_2018-05-24-16-21-35.ids_2__vp12__ann54__ch0.jpg,a_column_co_driver,12,vp12/run2_2018-05-24-16-21-35.ids_2,54,0,talking_on_phone,phone,train,train,21123
a_column_co_driver__run2_2018-05-30-13-34-33.ids_2__vp15__ann14__ch5.jpg,a_column_co_driver,15,vp15/run2_2018-05-30-13-34-33.ids_2,14,5,talking_on_phone,phone,train,val,8338
a_column_co_driver__run1_2018-05-24-13-14-41.ids_2__vp10__ann62__ch8.jpg,a_column_co_driver,10,vp10/run1_2018-05-24-13-14-41.ids_2,62,8,talking_on_phone,phone,train,train,21162
a_column_co_driver__run1_2018-05-22-13-28-51.ids_2__vp4__ann62__ch1.jpg,a_column_co_driver,4,vp4/run1_2018-05-22-13-28-51.ids_2,62,1,talking_on_phone,phone,train,train,34668
a_column_co_driver__run1_2018-05-30-10-11-09.ids_2__vp14__ann12__ch10.jpg,a_column_co_driver,14,vp14/run1_2018-05-30-10-11-09.ids_2,12,10,talking_on_phone,phone,test,val,8834
a_column_co_driver__run1_2018-05-30-10-11-09.ids_2__vp14__ann98__ch1.jpg,a_column_co_driver,14,vp14/run1_2018-05-30-10-11-09.ids_2,98,1,interacting_with_phone,phone,test,val,44599
a_column_co_driver__run1_2018-05-22-13-28-51.ids_2__vp4__ann62__ch0.jpg,a_column_co_driver,4,vp4/run1_2018-05-22-13-28-51.ids_2,62,0,talking_on_phone,phone,train,train,34576
a_column_co_driver__run2_2018-05-30-10-42-33.ids_2__vp14__ann37__ch10.jpg,a_column_co_driver,14,vp14/run2_2018-05-30-10-42-33.ids_2,37,10,talking_on_phone,phone,test,val,17885
a_column_co_driver__run2_2018-05-30-10-42-33.ids_2__vp14__ann37__ch4.jpg,a_column_co_driver,14,vp14/run2_2018-05-30-10-42-33.ids_2,37,4,talking_on_phone,phone,test,val,17343
a_column_co_driver__run1_2018-05-23-10-21-45.ids_2__vp6__ann47__ch1.jpg,a_column_co_driver,6,vp6/run1_2018-05-23-10-21-45.ids_2,47,1,interacting_with_phone,phone,train,train,24791
a_column_co_driver__run2_2018-05-23-15-30-27.ids_2__vp8__ann38__ch4.jpg,a_column_co_driver,8,vp8/run2_2018-05-23-15-30-27.ids_2,38,4,talking_on_phone,phone,val,train,12215
a_column_co_driver__run2b_2018-05-23-13-54-07.ids_2__vp7__ann69__ch2.jpg,a_column_co_driver,7,vp7/run2b_2018-05-23-13-54-07.ids_2,69,2,interacting_with_phone,phone,val,train,21571
a_column_co_driver__run1_2018-05-24-15-44-28.ids_2__vp12__ann24__ch4.jpg,a_column_co_driver,12,vp12/run1_2018-05-24-15-44-28.ids_2,24,4,interacting_with_phone,phone,train,train,13072
a_column_co_driver__run1b_2018-05-29-14-02-47.ids_2__vp1__ann20__ch15.jpg,a_column_co_driver,1,vp1/run1b_2018-05-29-14-02-47.ids_2,20,15,interacting_with_phone,phone,train,train,9431
a_column_co_driver__run1b_2018-05-29-14-02-47.ids_2__vp1__ann20__ch3.jpg,a_column_co_driver,1,vp1/run1b_2018-05-29-14-02-47.ids_2,20,3,interacting_with_phone,phone,train,train,8382
a_column_co_driver__run1d_2018-05-23-14-54-38.ids_2__vp8__ann23__ch4.jpg,a_column_co_driver,8,vp8/run1d_2018-05-23-14-54-38.ids_2,23,4,interacting_with_phone,phone,val,train,16083
a_column_co_driver__run1_2018-05-23-10-21-45.ids_2__vp6__ann47__ch0.jpg,a_column_co_driver,6,vp6/run1_2018-05-23-10-21-45.ids_2,47,0,interacting_with_phone,phone,train,train,24702
a_column_co_driver__run2_2018-05-23-15-30-27.ids_2__vp8__ann38__ch17.jpg,a_column_co_driver,8,vp8/run2_2018-05-23-15-30-27.ids_2,38,17,talking_on_phone,phone,val,train,13374
a_column_co_driver__run1b_2018-05-23-16-19-17.ids_2__vp9__ann101__ch9.jpg,a_column_co_driver,9,vp9/run1b_2018-05-23-16-19-17.ids_2,101,9,interacting_with_phone,phone,test,train,27241
a_column_co_driver__run1_2018-05-24-13-44-01.ids_2__vp11__ann32__ch0.jpg,a_column_co_driver,11,vp11/run1_2018-05-24-13-44-01.ids_2,32,0,talking_on_phone,phone,train,test,16849
a_column_co_driver__run1_2018-05-24-15-44-28.ids_2__vp12__ann24__ch10.jpg,a_column_co_driver,12,vp12/run1_2018-05-24-15-44-28.ids_2,24,10,interacting_with_phone,phone,train,train,13605
a_column_co_driver__run1_2018-05-24-13-14-41.ids_2__vp10__ann72__ch1.jpg,a_column_co_driver,10,vp10/run1_2018-05-24-13-14-41.ids_2,72,1,interacting_with_phone,phone,train,train,24522
a_column_co_driver__run2_2018-05-24-14-35-56.ids_2__vp11__ann99__ch1.jpg,a_column_co_driver,11,vp11/run2_2018-05-24-14-35-56.ids_2,99,1,interacting_with_phone,phone,train,test,24540
a_column_co_driver__run1_2018-05-24-15-44-28.ids_2__vp12__ann24__ch6.jpg,a_column_co_driver,12,vp12/run1_2018-05-24-15-44-28.ids_2,24,6,interacting_with_phone,phone,train,train,13250
a_column_co_driver__run2b_2018-05-23-13-54-07.ids_2__vp7__ann44__ch2.jpg,a_column_co_driver,7,vp7/run2b_2018-05-23-13-54-07.ids_2,44,2,interacting_with_phone,phone,val,train,16849
a_column_co_driver__run2_2018-05-24-14-08-46.ids_2__vp10__ann115__ch5.jpg,a_column_co_driver,10,vp10/run2_2018-05-24-14-08-46.ids_2,115,5,interacting_with_phone,phone,train,train,38569
a_column_co_driver__run1b_2018-05-29-14-02-47.ids_2__vp1__ann20__ch9.jpg,a_column_co_driver,1,vp1/run1b_2018-05-29-14-02-47.ids_2,20,9,interacting_with_phone,phone,train,train,8922
a_column_co_driver__run2_2018-05-22-14-25-04.ids_2__vp4__ann95__ch5.jpg,a_column_co_driver,4,vp4/run2_2018-05-22-14-25-04.ids_2,95,5,talking_on_phone,phone,train,train,46083
a_column_co_driver__run1b_2018-05-29-14-02-47.ids_2__vp1__ann89__ch4.jpg,a_column_co_driver,1,vp1/run1b_2018-05-29-14-02-47.ids_2,89,4,talking_on_phone,phone,train,train,25471
a_column_co_driver__run2_2018-05-22-14-25-04.ids_2__vp4__ann54__ch5.jpg,a_column_co_driver,4,vp4/run2_2018-05-22-14-25-04.ids_2,54,5,interacting_with_phone,phone,train,train,29647
a_column_co_driver__run2_2018-05-30-13-34-33.ids_2__vp15__ann13__ch0.jpg,a_column_co_driver,15,vp15/run2_2018-05-30-13-34-33.ids_2,13,0,interacting_with_phone,phone,train,val,7825
a_column_co_driver__run1_2018-05-24-13-44-01.ids_2__vp11__ann31__ch8.jpg,a_column_co_driver,11,vp11/run1_2018-05-24-13-44-01.ids_2,31,8,interacting_with_phone,phone,train,test,16784
a_column_co_driver__run2_2018-05-30-11-34-54.ids_2__vp13__ann39__ch3.jpg,a_column_co_driver,13,vp13/run2_2018-05-30-11-34-54.ids_2,39,3,talking_on_phone,phone,train,test,18613
a_column_co_driver__run1_2018-05-29-15-21-10.ids_2__vp13__ann72__ch7.jpg,a_column_co_driver,13,vp13/run1_2018-05-29-15-21-10.ids_2,72,7,talking_on_phone,phone,train,test,33423
a_column_co_driver__run2b_2018-05-23-13-54-07.ids_2__vp7__ann79__ch1.jpg,a_column_co_driver,7,vp7/run2b_2018-05-23-13-54-07.ids_2,79,1,talking_on_phone,phone,val,train,22778
a_column_co_driver__run2b_2018-05-22-15-50-07.ids_2__vp5__ann35__ch6.jpg,a_column_co_driver,5,vp5/run2b_2018-05-22-15-50-07.ids_2,35,6,talking_on_phone,phone,train,test,12206
a_column_co_driver__run1_2018-05-22-13-28-51.ids_2__vp4__ann80__ch10.jpg,a_column_co_driver,4,vp4/run1_2018-05-22-13-28-51.ids_2,80,10,interacting_with_phone,phone,train,train,41405
a_column_co_driver__run2_2018-05-22-14-25-04.ids_2__vp4__ann80__ch6.jpg,a_column_co_driver,4,vp4/run2_2018-05-22-14-25-04.ids_2,80,6,talking_on_phone,phone,train,train,37545
a_column_co_driver__run1_2018-05-03-14-08-31.ids_2__vp2__ann59__ch8.jpg,a_column_co_driver,2,vp2/run1_2018-05-03-14-08-31.ids_2,59,8,interacting_with_phone,phone,train,train,35954
a_column_co_driver__run1_2018-05-30-10-11-09.ids_2__vp14__ann98__ch12.jpg,a_column_co_driver,14,vp14/run1_2018-05-30-10-11-09.ids_2,98,12,interacting_with_phone,phone,test,val,45591
a_column_co_driver__run1_2018-05-24-13-44-01.ids_2__vp11__ann31__ch7.jpg,a_column_co_driver,11,vp11/run1_2018-05-24-13-44-01.ids_2,31,7,interacting_with_phone,phone,train,test,16720
a_column_co_driver__run2_2018-05-24-16-21-35.ids_2__vp12__ann114__ch3.jpg,a_column_co_driver,12,vp12/run2_2018-05-24-16-21-35.ids_2,114,3,interacting_with_phone,phone,train,train,44640
a_column_co_driver__run2_2018-05-23-11-05-00.ids_2__vp6__ann74__ch6.jpg,a_column_co_driver,6,vp6/run2_2018-05-23-11-05-00.ids_2,74,6,interacting_with_phone,phone,train,train,32874
a_column_co_driver__run1_2018-05-22-13-28-51.ids_2__vp4__ann62__ch7.jpg,a_column_co_driver,4,vp4/run1_2018-05-22-13-28-51.ids_2,62,7,talking_on_phone,phone,train,train,35207
a_column_co_driver__run1_2018-05-22-15-10-41.ids_2__vp5__ann81__ch3.jpg,a_column_co_driver,5,vp5/run1_2018-05-22-15-10-41.ids_2,81,3,talking_on_phone,phone,train,test,32813
a_column_co_driver__run2_2018-05-24-14-35-56.ids_2__vp11__ann99__ch8.jpg,a_column_co_driver,11,vp11/run2_2018-05-24-14-35-56.ids_2,99,8,interacting_with_phone,phone,train,test,25170
a_column_co_driver__run1b_2018-05-08-08-46-01.ids_2__vp3__ann45__ch12.jpg,a_column_co_driver,3,vp3/run1b_2018-05-08-08-46-01.ids_2,45,12,talking_on_phone,phone,train,train,22727
a_column_co_driver__run1_2018-05-03-14-08-31.ids_2__vp2__ann26__ch14.jpg,a_column_co_driver,2,vp2/run1_2018-05-03-14-08-31.ids_2,26,14,interacting_with_phone,phone,train,train,17344
a_column_co_driver__run2_2018-05-24-14-08-46.ids_2__vp10__ann115__ch11.jpg,a_column_co_driver,10,vp10/run2_2018-05-24-14-08-46.ids_2,115,11,interacting_with_phone,phone,train,train,39109
a_column_co_driver__run2_2018-05-24-16-21-35.ids_2__vp12__ann54__ch5.jpg,a_column_co_driver,12,vp12/run2_2018-05-24-16-21-35.ids_2,54,5,talking_on_phone,phone,train,train,21570
a_column_co_driver__run2_2018-05-23-11-05-00.ids_2__vp6__ann61__ch0.jpg,a_column_co_driver,6,vp6/run2_2018-05-23-11-05-00.ids_2,61,0,interacting_with_phone,phone,train,train,28774
a_column_co_driver__run1_2018-05-03-14-08-31.ids_2__vp2__ann26__ch7.jpg,a_column_co_driver,2,vp2/run1_2018-05-03-14-08-31.ids_2,26,7,interacting_with_phone,phone,train,train,16719
a_column_co_driver__run2_2018-05-24-16-21-35.ids_2__vp12__ann114__ch8.jpg,a_column_co_driver,12,vp12/run2_2018-05-24-16-21-35.ids_2,114,8,interacting_with_phone,phone,train,train,45090
a_column_co_driver__run1_2018-05-22-13-28-51.ids_2__vp4__ann62__ch11.jpg,a_column_co_driver,4,vp4/run1_2018-05-22-13-28-51.ids_2,62,11,talking_on_phone,phone,train,train,35565
a_column_co_driver__run1_2018-05-23-10-21-45.ids_2__vp6__ann95__ch1.jpg,a_column_co_driver,6,vp6/run1_2018-05-23-10-21-45.ids_2,95,1,talking_on_phone,phone,train,train,47485
a_column_co_driver__run2_2018-05-24-16-21-35.ids_2__vp12__ann54__ch6.jpg,a_column_co_driver,12,vp12/run2_2018-05-24-16-21-35.ids_2,54,6,talking_on_phone,phone,train,train,21642
a_column_co_driver__run2_2018-05-22-14-25-04.ids_2__vp4__ann80__ch5.jpg,a_column_co_driver,4,vp4/run2_2018-05-22-14-25-04.ids_2,80,5,talking_on_phone,phone,train,train,37456
a_column_co_driver__run1_2018-05-03-14-08-31.ids_2__vp2__ann59__ch3.jpg,a_column_co_driver,2,vp2/run1_2018-05-03-14-08-31.ids_2,59,3,interacting_with_phone,phone,train,train,35504
a_column_co_driver__run2b_2018-05-22-15-50-07.ids_2__vp5__ann107__ch5.jpg,a_column_co_driver,5,vp5/run2b_2018-05-22-15-50-07.ids_2,107,5,interacting_with_phone,phone,train,test,36758
a_column_co_driver__run2_2018-05-24-17-22-26.ids_2__vp2__ann82__ch0.jpg,a_column_co_driver,2,vp2/run2_2018-05-24-17-22-26.ids_2,82,0,talking_on_phone,phone,train,train,37678
a_column_co_driver__run2_2018-05-24-17-22-26.ids_2__vp2__ann82__ch8.jpg,a_column_co_driver,2,vp2/run2_2018-05-24-17-22-26.ids_2,82,8,talking_on_phone,phone,train,train,38399
a_column_co_driver__run2_2018-05-30-11-34-54.ids_2__vp13__ann39__ch13.jpg,a_column_co_driver,13,vp13/run2_2018-05-30-11-34-54.ids_2,39,13,talking_on_phone,phone,train,test,19499
a_column_co_driver__run1_2018-05-23-13-16-52.ids_2__vp7__ann36__ch1.jpg,a_column_co_driver,7,vp7/run1_2018-05-23-13-16-52.ids_2,36,1,interacting_with_phone,phone,val,train,14468
a_column_co_driver__run2_2018-05-22-14-25-04.ids_2__vp4__ann80__ch7.jpg,a_column_co_driver,4,vp4/run2_2018-05-22-14-25-04.ids_2,80,7,talking_on_phone,phone,train,train,37636
a_column_co_driver__run1b_2018-05-29-14-02-47.ids_2__vp1__ann20__ch0.jpg,a_column_co_driver,1,vp1/run1b_2018-05-29-14-02-47.ids_2,20,0,interacting_with_phone,phone,train,train,8113
a_column_co_driver__run2_2018-05-30-11-34-54.ids_2__vp13__ann39__ch10.jpg,a_column_co_driver,13,vp13/run2_2018-05-30-11-34-54.ids_2,39,10,talking_on_phone,phone,train,test,19231
a_column_co_driver__run2_2018-05-30-10-42-33.ids_2__vp14__ann31__ch2.jpg,a_column_co_driver,14,vp14/run2_2018-05-30-10-42-33.ids_2,31,2,interacting_with_phone,phone,test,val,16393
a_column_co_driver__run1_2018-05-24-13-44-01.ids_2__vp11__ann103__ch4.jpg,a_column_co_driver,11,vp11/run1_2018-05-24-13-44-01.ids_2,103,4,interacting_with_phone,phone,train,test,34900
a_column_co_driver__run2_2018-05-23-15-30-27.ids_2__vp8__ann119__ch5.jpg,a_column_co_driver,8,vp8/run2_2018-05-23-15-30-27.ids_2,119,5,interacting_with_phone,phone,val,train,36720
a_column_co_driver__run2_2018-05-24-14-08-46.ids_2__vp10__ann115__ch7.jpg,a_column_co_driver,10,vp10/run2_2018-05-24-14-08-46.ids_2,115,7,interacting_with_phone,phone,train,train,38747
a_column_co_driver__run2_2018-05-24-14-08-46.ids_2__vp10__ann115__ch14.jpg,a_column_co_driver,10,vp10/run2_2018-05-24-14-08-46.ids_2,115,14,interacting_with_phone,phone,train,train,39380
a_column_co_driver__run2_2018-05-23-11-05-00.ids_2__vp6__ann74__ch0.jpg,a_column_co_driver,6,vp6/run2_2018-05-23-11-05-00.ids_2,74,0,interacting_with_phone,phone,train,train,32332
a_column_co_driver__run1_2018-05-29-15-21-10.ids_2__vp13__ann60__ch14.jpg,a_column_co_driver,13,vp13/run1_2018-05-29-15-21-10.ids_2,60,14,interacting_with_phone,phone,train,test,31062
a_column_co_driver__run2_2018-05-24-17-22-26.ids_2__vp2__ann81__ch1.jpg,a_column_co_driver,2,vp2/run2_2018-05-24-17-22-26.ids_2,81,1,interacting_with_phone,phone,train,train,37602
a_column_co_driver__run2_2018-05-22-14-25-04.ids_2__vp4__ann54__ch12.jpg,a_column_co_driver,4,vp4/run2_2018-05-22-14-25-04.ids_2,54,12,interacting_with_phone,phone,train,train,30279
a_column_co_driver__run2_2018-05-30-10-42-33.ids_2__vp14__ann37__ch11.jpg,a_column_co_driver,14,vp14/run2_2018-05-30-10-42-33.ids_2,37,11,talking_on_phone,phone,test,val,17974
a_column_co_driver__run1_2018-05-24-13-14-41.ids_2__vp10__ann72__ch4.jpg,a_column_co_driver,10,vp10/run1_2018-05-24-13-14-41.ids_2,72,4,interacting_with_phone,phone,train,train,24789
a_column_co_driver__run1_2018-05-29-15-21-10.ids_2__vp13__ann60__ch0.jpg,a_column_co_driver,13,vp13/run1_2018-05-29-15-21-10.ids_2,60,0,interacting_with_phone,phone,train,test,29812
a_column_co_driver__run1_2018-05-23-10-21-45.ids_2__vp6__ann95__ch4.jpg,a_column_co_driver,6,vp6/run1_2018-05-23-10-21-45.ids_2,95,4,talking_on_phone,phone,train,train,47729
a_column_co_driver__run1_2018-05-23-13-16-52.ids_2__vp7__ann108__ch8.jpg,a_column_co_driver,7,vp7/run1_2018-05-23-13-16-52.ids_2,108,8,talking_on_phone,phone,val,train,32998
a_column_co_driver__run1_2018-05-30-10-11-09.ids_2__vp14__ann98__ch13.jpg,a_column_co_driver,14,vp14/run1_2018-05-30-10-11-09.ids_2,98,13,interacting_with_phone,phone,test,val,45655
a_column_co_driver__run1b_2018-05-08-08-46-01.ids_2__vp3__ann45__ch3.jpg,a_column_co_driver,3,vp3/run1b_2018-05-08-08-46-01.ids_2,45,3,talking_on_phone,phone,train,train,21916
a_column_co_driver__run2_2018-05-30-10-42-33.ids_2__vp14__ann60__ch8.jpg,a_column_co_driver,14,vp14/run2_2018-05-30-10-42-33.ids_2,60,8,interacting_with_phone,phone,test,val,26588
a_column_co_driver__run2_2018-05-24-16-21-35.ids_2__vp12__ann114__ch2.jpg,a_column_co_driver,12,vp12/run2_2018-05-24-16-21-35.ids_2,114,2,interacting_with_phone,phone,train,train,44551
a_column_co_driver__run2_2018-05-24-14-35-56.ids_2__vp11__ann57__ch0.jpg,a_column_co_driver,11,vp11/run2_2018-05-24-14-35-56.ids_2,57,0,interacting_with_phone,phone,train,test,14920
a_column_co_driver__run2_2018-05-30-10-42-33.ids_2__vp14__ann108__ch5.jpg,a_column_co_driver,14,vp14/run2_2018-05-30-10-42-33.ids_2,108,5,interacting_with_phone,phone,test,val,42247
a_column_co_driver__run2_2018-05-23-15-30-27.ids_2__vp8__ann34__ch2.jpg,a_column_co_driver,8,vp8/run2_2018-05-23-15-30-27.ids_2,34,2,interacting_with_phone,phone,val,train,11501
a_column_co_driver__run1_2018-05-23-10-21-45.ids_2__vp6__ann47__ch12.jpg,a_column_co_driver,6,vp6/run1_2018-05-23-10-21-45.ids_2,47,12,interacting_with_phone,phone,train,train,25776
a_column_co_driver__run2_2018-05-30-10-42-33.ids_2__vp14__ann37__ch12.jpg,a_column_co_driver,14,vp14/run2_2018-05-30-10-42-33.ids_2,37,12,talking_on_phone,phone,test,val,18063
a_column_co_driver__run1_2018-05-23-13-16-52.ids_2__vp7__ann102__ch1.jpg,a_column_co_driver,7,vp7/run1_2018-05-23-13-16-52.ids_2,102,1,interacting_with_phone,phone,val,train,31759
a_column_co_driver__run1_2018-05-23-13-16-52.ids_2__vp7__ann108__ch0.jpg,a_column_co_driver,7,vp7/run1_2018-05-23-13-16-52.ids_2,108,0,talking_on_phone,phone,val,train,32313
a_column_co_driver__run2_2018-05-30-13-34-33.ids_2__vp15__ann14__ch11.jpg,a_column_co_driver,15,vp15/run2_2018-05-30-13-34-33.ids_2,14,11,talking_on_phone,phone,train,val,8878
a_column_co_driver__run2_2018-05-29-14-33-44.ids_2__vp1__ann68__ch0.jpg,a_column_co_driver,1,vp1/run2_2018-05-29-14-33-44.ids_2,68,0,interacting_with_phone,phone,train,train,28317
a_column_co_driver__run1d_2018-05-23-14-54-38.ids_2__vp8__ann23__ch2.jpg,a_column_co_driver,8,vp8/run1d_2018-05-23-14-54-38.ids_2,23,2,interacting_with_phone,phone,val,train,15904
a_column_co_driver__run2_2018-05-23-15-30-27.ids_2__vp8__ann38__ch0.jpg,a_column_co_driver,8,vp8/run2_2018-05-23-15-30-27.ids_2,38,0,talking_on_phone,phone,val,train,11849
a_column_co_driver__run1_2018-05-30-10-11-09.ids_2__vp14__ann12__ch3.jpg,a_column_co_driver,14,vp14/run1_2018-05-30-10-11-09.ids_2,12,3,talking_on_phone,phone,test,val,8200
a_column_co_driver__run1_2018-05-23-10-21-45.ids_2__vp6__ann47__ch5.jpg,a_column_co_driver,6,vp6/run1_2018-05-23-10-21-45.ids_2,47,5,interacting_with_phone,phone,train,train,25143
a_column_co_driver__run1_2018-05-22-13-28-51.ids_2__vp4__ann80__ch2.jpg,a_column_co_driver,4,vp4/run1_2018-05-22-13-28-51.ids_2,80,2,interacting_with_phone,phone,train,train,40687
a_column_co_driver__run2_2018-05-30-11-34-54.ids_2__vp13__ann40__ch1.jpg,a_column_co_driver,13,vp13/run2_2018-05-30-11-34-54.ids_2,40,1,interacting_with_phone,phone,train,test,19852
a_column_co_driver__run2b_2018-05-22-15-50-07.ids_2__vp5__ann35__ch7.jpg,a_column_co_driver,5,vp5/run2b_2018-05-22-15-50-07.ids_2,35,7,talking_on_phone,phone,train,test,12296
a_column_co_driver__run2_2018-05-24-17-22-26.ids_2__vp2__ann62__ch6.jpg,a_column_co_driver,2,vp2/run2_2018-05-24-17-22-26.ids_2,62,6,interacting_with_phone,phone,train,train,27021
a_column_co_driver__run1_2018-05-03-14-08-31.ids_2__vp2__ann21__ch1.jpg,a_column_co_driver,2,vp2/run1_2018-05-03-14-08-31.ids_2,21,1,interacting_with_phone,phone,train,train,15355
a_column_co_driver__run1_2018-05-22-15-10-41.ids_2__vp5__ann17__ch4.jpg,a_column_co_driver,5,vp5/run1_2018-05-22-15-10-41.ids_2,17,4,interacting_with_phone,phone,train,test,13560
a_column_co_driver__run1_2018-05-30-10-11-09.ids_2__vp14__ann12__ch9.jpg,a_column_co_driver,14,vp14/run1_2018-05-30-10-11-09.ids_2,12,9,talking_on_phone,phone,test,val,8742
a_column_co_driver__run1_2018-05-03-14-08-31.ids_2__vp2__ann66__ch4.jpg,a_column_co_driver,2,vp2/run1_2018-05-03-14-08-31.ids_2,66,4,interacting_with_phone,phone,train,train,39255
a_column_co_driver__run1_2018-05-24-13-44-01.ids_2__vp11__ann103__ch3.jpg,a_column_co_driver,11,vp11/run1_2018-05-24-13-44-01.ids_2,103,3,interacting_with_phone,phone,train,test,34813
a_column_co_driver__run2_2018-05-24-14-35-56.ids_2__vp11__ann56__ch2.jpg,a_column_co_driver,11,vp11/run2_2018-05-24-14-35-56.ids_2,56,2,talking_on_phone,phone,train,test,14173
a_column_co_driver__run2_2018-05-30-10-42-33.ids_2__vp14__ann108__ch3.jpg,a_column_co_driver,14,vp14/run2_2018-05-30-10-42-33.ids_2,108,3,interacting_with_phone,phone,test,val,42068
a_column_co_driver__run1_2018-05-29-15-21-10.ids_2__vp13__ann72__ch11.jpg,a_column_co_driver,13,vp13/run1_2018-05-29-15-21-10.ids_2,72,11,talking_on_phone,phone,train,test,33783
a_column_co_driver__run1_2018-05-22-13-28-51.ids_2__vp4__ann62__ch2.jpg,a_column_co_driver,4,vp4/run1_2018-05-22-13-28-51.ids_2,62,2,talking_on_phone,phone,train,train,34757
a_column_co_driver__run1_2018-05-23-13-16-52.ids_2__vp7__ann69__ch8.jpg,a_column_co_driver,7,vp7/run1_2018-05-23-13-16-52.ids_2,69,8,interacting_with_phone,phone,val,train,22742
a_column_co_driver__run1_2018-05-24-13-14-41.ids_2__vp10__ann72__ch13.jpg,a_column_co_driver,10,vp10/run1_2018-05-24-13-14-41.ids_2,72,13,interacting_with_phone,phone,train,train,25571
a_column_co_driver__run1_2018-05-24-15-44-28.ids_2__vp12__ann24__ch8.jpg,a_column_co_driver,12,vp12/run1_2018-05-24-15-44-28.ids_2,24,8,interacting_with_phone,phone,train,train,13427
a_column_co_driver__run2_2018-05-30-11-34-54.ids_2__vp13__ann33__ch2.jpg,a_column_co_driver,13,vp13/run2_2018-05-30-11-34-54.ids_2,33,2,interacting_with_phone,phone,train,test,16067
a_column_co_driver__run1b_2018-05-08-08-46-01.ids_2__vp3__ann45__ch8.jpg,a_column_co_driver,3,vp3/run1b_2018-05-08-08-46-01.ids_2,45,8,talking_on_phone,phone,train,train,22367
a_column_co_driver__run2_2018-05-24-17-22-26.ids_2__vp2__ann82__ch7.jpg,a_column_co_driver,2,vp2/run2_2018-05-24-17-22-26.ids_2,82,7,talking_on_phone,phone,train,train,38308
a_column_co_driver__run2_2018-05-30-13-34-33.ids_2__vp15__ann46__ch2.jpg,a_column_co_driver,15,vp15/run2_2018-05-30-13-34-33.ids_2,46,2,interacting_with_phone,phone,train,val,14720
a_column_co_driver__run1_2018-05-24-13-44-01.ids_2__vp11__ann32__ch6.jpg,a_column_co_driver,11,vp11/run1_2018-05-24-13-44-01.ids_2,32,6,talking_on_phone,phone,train,test,17387
a_column_co_driver__run1_2018-05-22-13-28-51.ids_2__vp4__ann62__ch8.jpg,a_column_co_driver,4,vp4/run1_2018-05-22-13-28-51.ids_2,62,8,talking_on_phone,phone,train,train,35296
a_column_co_driver__run1_2018-05-30-10-11-09.ids_2__vp14__ann98__ch3.jpg,a_column_co_driver,14,vp14/run1_2018-05-30-10-11-09.ids_2,98,3,interacting_with_phone,phone,test,val,44778
a_column_co_driver__run2_2018-05-29-14-33-44.ids_2__vp1__ann92__ch1.jpg,a_column_co_driver,1,vp1/run2_2018-05-29-14-33-44.ids_2,92,1,interacting_with_phone,phone,train,train,40286
a_column_co_driver__run1_2018-05-24-15-44-28.ids_2__vp12__ann24__ch11.jpg,a_column_co_driver,12,vp12/run1_2018-05-24-15-44-28.ids_2,24,11,interacting_with_phone,phone,train,train,13695
a_column_co_driver__run1_2018-05-24-13-14-41.ids_2__vp10__ann72__ch11.jpg,a_column_co_driver,10,vp10/run1_2018-05-24-13-14-41.ids_2,72,11,interacting_with_phone,phone,train,train,25416
a_column_co_driver__run2_2018-05-30-11-34-54.ids_2__vp13__ann39__ch8.jpg,a_column_co_driver,13,vp13/run2_2018-05-30-11-34-54.ids_2,39,8,talking_on_phone,phone,train,test,19053
a_column_co_driver__run2_2018-05-30-11-34-54.ids_2__vp13__ann33__ch10.jpg,a_column_co_driver,13,vp13/run2_2018-05-30-11-34-54.ids_2,33,10,interacting_with_phone,phone,train,test,16785
a_column_co_driver__run1_2018-05-23-13-16-52.ids_2__vp7__ann111__ch0.jpg,a_column_co_driver,7,vp7/run1_2018-05-23-13-16-52.ids_2,111,0,interacting_with_phone,phone,val,train,33201
a_column_co_driver__run1d_2018-05-23-14-54-38.ids_2__vp8__ann23__ch6.jpg,a_column_co_driver,8,vp8/run1d_2018-05-23-14-54-38.ids_2,23,6,interacting_with_phone,phone,val,train,16263
a_column_co_driver__run1_2018-05-29-15-21-10.ids_2__vp13__ann60__ch2.jpg,a_column_co_driver,13,vp13/run1_2018-05-29-15-21-10.ids_2,60,2,interacting_with_phone,phone,train,test,29992
a_column_co_driver__run1b_2018-05-08-08-46-01.ids_2__vp3__ann45__ch1.jpg,a_column_co_driver,3,vp3/run1b_2018-05-08-08-46-01.ids_2,45,1,talking_on_phone,phone,train,train,21735
a_column_co_driver__run2_2018-05-23-15-30-27.ids_2__vp8__ann37__ch0.jpg,a_column_co_driver,8,vp8/run2_2018-05-23-15-30-27.ids_2,37,0,interacting_with_phone,phone,val,train,11764
a_column_co_driver__run1b_2018-05-08-08-46-01.ids_2__vp3__ann45__ch0.jpg,a_column_co_driver,3,vp3/run1b_2018-05-08-08-46-01.ids_2,45,0,talking_on_phone,phone,train,train,21645
a_column_co_driver__run2_2018-05-23-15-30-27.ids_2__vp8__ann119__ch9.jpg,a_column_co_driver,8,vp8/run2_2018-05-23-15-30-27.ids_2,119,9,interacting_with_phone,phone,val,train,37078
a_column_co_driver__run1_2018-05-23-10-21-45.ids_2__vp6__ann47__ch7.jpg,a_column_co_driver,6,vp6/run1_2018-05-23-10-21-45.ids_2,47,7,interacting_with_phone,phone,train,train,25325
a_column_co_driver__run1_2018-05-23-13-16-52.ids_2__vp7__ann110__ch1.jpg,a_column_co_driver,7,vp7/run1_2018-05-23-13-16-52.ids_2,110,1,talking_on_phone,phone,val,train,33133
a_column_co_driver__run1b_2018-05-29-14-02-47.ids_2__vp1__ann89__ch1.jpg,a_column_co_driver,1,vp1/run1b_2018-05-29-14-02-47.ids_2,89,1,talking_on_phone,phone,train,train,25205
a_column_co_driver__run2_2018-05-29-16-03-37.ids_2__vp3__ann46__ch7.jpg,a_column_co_driver,3,vp3/run2_2018-05-29-16-03-37.ids_2,46,7,talking_on_phone,phone,train,train,21020
a_column_co_driver__run1_2018-05-22-15-10-41.ids_2__vp5__ann81__ch7.jpg,a_column_co_driver,5,vp5/run1_2018-05-22-15-10-41.ids_2,81,7,talking_on_phone,phone,train,test,33172
a_column_co_driver__run1_2018-05-23-13-16-52.ids_2__vp7__ann108__ch2.jpg,a_column_co_driver,7,vp7/run1_2018-05-23-13-16-52.ids_2,108,2,talking_on_phone,phone,val,train,32491
a_column_co_driver__run2_2018-05-23-15-30-27.ids_2__vp8__ann119__ch0.jpg,a_column_co_driver,8,vp8/run2_2018-05-23-15-30-27.ids_2,119,0,interacting_with_phone,phone,val,train,36268
a_column_co_driver__run1_2018-05-29-15-21-10.ids_2__vp13__ann60__ch8.jpg,a_column_co_driver,13,vp13/run1_2018-05-29-15-21-10.ids_2,60,8,interacting_with_phone,phone,train,test,30528
a_column_co_driver__run1b_2018-05-29-14-02-47.ids_2__vp1__ann20__ch12.jpg,a_column_co_driver,1,vp1/run1b_2018-05-29-14-02-47.ids_2,20,12,interacting_with_phone,phone,train,train,9192
a_column_co_driver__run1b_2018-05-23-16-19-17.ids_2__vp9__ann101__ch7.jpg,a_column_co_driver,9,vp9/run1b_2018-05-23-16-19-17.ids_2,101,7,interacting_with_phone,phone,test,train,27061
a_column_co_driver__run1b_2018-05-23-16-19-17.ids_2__vp9__ann101__ch8.jpg,a_column_co_driver,9,vp9/run1b_2018-05-23-16-19-17.ids_2,101,8,interacting_with_phone,phone,test,train,27150
a_column_co_driver__run1_2018-05-23-13-16-52.ids_2__vp7__ann69__ch9.jpg,a_column_co_driver,7,vp7/run1_2018-05-23-13-16-52.ids_2,69,9,interacting_with_phone,phone,val,train,22789
a_column_co_driver__run1d_2018-05-23-14-54-38.ids_2__vp8__ann23__ch7.jpg,a_column_co_driver,8,vp8/run1d_2018-05-23-14-54-38.ids_2,23,7,interacting_with_phone,phone,val,train,16351
a_column_co_driver__run1b_2018-05-29-14-02-47.ids_2__vp1__ann90__ch2.jpg,a_column_co_driver,1,vp1/run1b_2018-05-29-14-02-47.ids_2,90,2,talking_on_phone,phone,train,train,25740
a_column_co_driver__run1_2018-05-30-13-05-35.ids_2__vp15__ann101__ch2.jpg,a_column_co_driver,15,vp15/run1_2018-05-30-13-05-35.ids_2,101,2,talking_on_phone,phone,train,val,31458
a_column_co_driver__run2_2018-05-29-16-03-37.ids_2__vp3__ann46__ch4.jpg,a_column_co_driver,3,vp3/run2_2018-05-29-16-03-37.ids_2,46,4,talking_on_phone,phone,train,train,20750
a_column_co_driver__run2_2018-05-29-14-33-44.ids_2__vp1__ann67__ch9.jpg,a_column_co_driver,1,vp1/run2_2018-05-29-14-33-44.ids_2,67,9,talking_on_phone,phone,train,train,27607
a_column_co_driver__run1_2018-05-22-13-28-51.ids_2__vp4__ann61__ch0.jpg,a_column_co_driver,4,vp4/run1_2018-05-22-13-28-51.ids_2,61,0,interacting_with_phone,phone,train,train,34474
a_column_co_driver__run2_2018-05-22-14-25-04.ids_2__vp4__ann95__ch1.jpg,a_column_co_driver,4,vp4/run2_2018-05-22-14-25-04.ids_2,95,1,talking_on_phone,phone,train,train,45723
a_column_co_driver__run1_2018-05-23-13-16-52.ids_2__vp7__ann69__ch2.jpg,a_column_co_driver,7,vp7/run1_2018-05-23-13-16-52.ids_2,69,2,interacting_with_phone,phone,val,train,22218
a_column_co_driver__run2b_2018-05-22-15-50-07.ids_2__vp5__ann35__ch3.jpg,a_column_co_driver,5,vp5/run2b_2018-05-22-15-50-07.ids_2,35,3,talking_on_phone,phone,train,test,11939
a_column_co_driver__run1b_2018-05-23-16-19-17.ids_2__vp9__ann101__ch16.jpg,a_column_co_driver,9,vp9/run1b_2018-05-23-16-19-17.ids_2,101,16,interacting_with_phone,phone,test,train,27874
a_column_co_driver__run1_2018-05-29-15-21-10.ids_2__vp13__ann72__ch1.jpg,a_column_co_driver,13,vp13/run1_2018-05-29-15-21-10.ids_2,72,1,talking_on_phone,phone,train,test,32885
a_column_co_driver__run1_2018-05-23-10-21-45.ids_2__vp6__ann95__ch2.jpg,a_column_co_driver,6,vp6/run1_2018-05-23-10-21-45.ids_2,95,2,talking_on_phone,phone,train,train,47576
a_column_co_driver__run2_2018-05-24-14-08-46.ids_2__vp10__ann115__ch1.jpg,a_column_co_driver,10,vp10/run2_2018-05-24-14-08-46.ids_2,115,1,interacting_with_phone,phone,train,train,38211
a_column_co_driver__run2_2018-05-30-13-34-33.ids_2__vp15__ann14__ch3.jpg,a_column_co_driver,15,vp15/run2_2018-05-30-13-34-33.ids_2,14,3,talking_on_phone,phone,train,val,8156
a_column_co_driver__run1b_2018-05-08-08-46-01.ids_2__vp3__ann45__ch13.jpg,a_column_co_driver,3,vp3/run1b_2018-05-08-08-46-01.ids_2,45,13,talking_on_phone,phone,train,train,22817
a_column_co_driver__run2_2018-05-24-17-22-26.ids_2__vp2__ann82__ch9.jpg,a_column_co_driver,2,vp2/run2_2018-05-24-17-22-26.ids_2,82,9,talking_on_phone,phone,train,train,38489
a_column_co_driver__run2_2018-05-24-14-08-46.ids_2__vp10__ann17__ch0.jpg,a_column_co_driver,10,vp10/run2_2018-05-24-14-08-46.ids_2,17,0,interacting_with_phone,phone,train,train,9039
a_column_co_driver__run2_2018-05-30-10-42-33.ids_2__vp14__ann60__ch2.jpg,a_column_co_driver,14,vp14/run2_2018-05-30-10-42-33.ids_2,60,2,interacting_with_phone,phone,test,val,26052
a_column_co_driver__run2b_2018-05-23-13-54-07.ids_2__vp7__ann79__ch2.jpg,a_column_co_driver,7,vp7/run2b_2018-05-23-13-54-07.ids_2,79,2,talking_on_phone,phone,val,train,22867
a_column_co_driver__run1_2018-05-24-13-14-41.ids_2__vp10__ann62__ch7.jpg,a_column_co_driver,10,vp10/run1_2018-05-24-13-14-41.ids_2,62,7,talking_on_phone,phone,train,train,21074
a_column_co_driver__run2_2018-05-23-11-05-00.ids_2__vp6__ann74__ch9.jpg,a_column_co_driver,6,vp6/run2_2018-05-23-11-05-00.ids_2,74,9,interacting_with_phone,phone,train,train,33131
a_column_co_driver__run2_2018-05-24-17-22-26.ids_2__vp2__ann79__ch1.jpg,a_column_co_driver,2,vp2/run2_2018-05-24-17-22-26.ids_2,79,1,interacting_with_phone,phone,train,train,37335
a_column_co_driver__run2_2018-05-24-16-21-35.ids_2__vp12__ann54__ch2.jpg,a_column_co_driver,12,vp12/run2_2018-05-24-16-21-35.ids_2,54,2,talking_on_phone,phone,train,train,21300
a_column_co_driver__run2_2018-05-29-16-03-37.ids_2__vp3__ann46__ch8.jpg,a_column_co_driver,3,vp3/run2_2018-05-29-16-03-37.ids_2,46,8,talking_on_phone,phone,train,train,21110
a_column_co_driver__run1d_2018-05-23-14-54-38.ids_2__vp8__ann31__ch2.jpg,a_column_co_driver,8,vp8/run1d_2018-05-23-14-54-38.ids_2,31,2,talking_on_phone,phone,val,train,19164
a_column_co_driver__run1_2018-05-29-15-21-10.ids_2__vp13__ann72__ch5.jpg,a_column_co_driver,13,vp13/run1_2018-05-29-15-21-10.ids_2,72,5,talking_on_phone,phone,train,test,33245
a_column_co_driver__run2_2018-05-29-14-33-44.ids_2__vp1__ann92__ch8.jpg,a_column_co_driver,1,vp1/run2_2018-05-29-14-33-44.ids_2,92,8,interacting_with_phone,phone,train,train,40907
a_column_co_driver__run2_2018-05-30-10-42-33.ids_2__vp14__ann31__ch0.jpg,a_column_co_driver,14,vp14/run2_2018-05-30-10-42-33.ids_2,31,0,interacting_with_phone,phone,test,val,16213
a_column_co_driver__run2_2018-05-22-14-25-04.ids_2__vp4__ann54__ch6.jpg,a_column_co_driver,4,vp4/run2_2018-05-22-14-25-04.ids_2,54,6,interacting_with_phone,phone,train,train,29738
a_column_co_driver__run1_2018-05-24-13-44-01.ids_2__vp11__ann31__ch6.jpg,a_column_co_driver,11,vp11/run1_2018-05-24-13-44-01.ids_2,31,6,interacting_with_phone,phone,train,test,16630
a_column_co_driver__run2_2018-05-23-11-05-00.ids_2__vp6__ann74__ch2.jpg,a_column_co_driver,6,vp6/run2_2018-05-23-11-05-00.ids_2,74,2,interacting_with_phone,phone,train,train,32512
a_column_co_driver__run1b_2018-05-29-14-02-47.ids_2__vp1__ann88__ch1.jpg,a_column_co_driver,1,vp1/run1b_2018-05-29-14-02-47.ids_2,88,1,interacting_with_phone,phone,train,train,25065
a_column_co_driver__run2_2018-05-24-17-22-26.ids_2__vp2__ann82__ch10.jpg,a_column_co_driver,2,vp2/run2_2018-05-24-17-22-26.ids_2,82,10,talking_on_phone,phone,train,train,38579
a_column_co_driver__run2b_2018-05-23-13-54-07.ids_2__vp7__ann44__ch0.jpg,a_column_co_driver,7,vp7/run2b_2018-05-23-13-54-07.ids_2,44,0,interacting_with_phone,phone,val,train,16708
a_column_co_driver__run1_2018-05-23-10-21-45.ids_2__vp6__ann38__ch0.jpg,a_column_co_driver,6,vp6/run1_2018-05-23-10-21-45.ids_2,38,0,interacting_with_phone,phone,train,train,22319
a_column_co_driver__run1_2018-05-22-15-10-41.ids_2__vp5__ann81__ch1.jpg,a_column_co_driver,5,vp5/run1_2018-05-22-15-10-41.ids_2,81,1,talking_on_phone,phone,train,test,32635
a_column_co_driver__run2_2018-05-24-14-08-46.ids_2__vp10__ann20__ch9.jpg,a_column_co_driver,10,vp10/run2_2018-05-24-14-08-46.ids_2,20,9,talking_on_phone,phone,train,train,10775
a_column_co_driver__run1_2018-05-30-13-05-35.ids_2__vp15__ann101__ch3.jpg,a_column_co_driver,15,vp15/run1_2018-05-30-13-05-35.ids_2,101,3,talking_on_phone,phone,train,val,31547
a_column_co_driver__run2_2018-05-24-14-08-46.ids_2__vp10__ann20__ch7.jpg,a_column_co_driver,10,vp10/run2_2018-05-24-14-08-46.ids_2,20,7,talking_on_phone,phone,train,train,10594
a_column_co_driver__run2_2018-05-30-11-34-54.ids_2__vp13__ann33__ch0.jpg,a_column_co_driver,13,vp13/run2_2018-05-30-11-34-54.ids_2,33,0,interacting_with_phone,phone,train,test,15887
a_column_co_driver__run1_2018-05-22-13-28-51.ids_2__vp4__ann62__ch13.jpg,a_column_co_driver,4,vp4/run1_2018-05-22-13-28-51.ids_2,62,13,talking_on_phone,phone,train,train,35745
a_column_co_driver__run2_2018-05-24-17-22-26.ids_2__vp2__ann81__ch0.jpg,a_column_co_driver,2,vp2/run2_2018-05-24-17-22-26.ids_2,81,0,interacting_with_phone,phone,train,train,37552
a_column_co_driver__run2_2018-05-24-14-35-56.ids_2__vp11__ann55__ch0.jpg,a_column_co_driver,11,vp11/run2_2018-05-24-14-35-56.ids_2,55,0,interacting_with_phone,phone,train,test,13918
a_column_co_driver__run1_2018-05-22-13-28-51.ids_2__vp4__ann62__ch3.jpg,a_column_co_driver,4,vp4/run1_2018-05-22-13-28-51.ids_2,62,3,talking_on_phone,phone,train,train,34846
a_column_co_driver__run1_2018-05-23-13-16-52.ids_2__vp7__ann69__ch5.jpg,a_column_co_driver,7,vp7/run1_2018-05-23-13-16-52.ids_2,69,5,interacting_with_phone,phone,val,train,22482
a_column_co_driver__run2_2018-05-30-13-34-33.ids_2__vp15__ann14__ch8.jpg,a_column_co_driver,15,vp15/run2_2018-05-30-13-34-33.ids_2,14,8,talking_on_phone,phone,train,val,8610
a_column_co_driver__run1_2018-05-29-15-21-10.ids_2__vp13__ann60__ch9.jpg,a_column_co_driver,13,vp13/run1_2018-05-29-15-21-10.ids_2,60,9,interacting_with_phone,phone,train,test,30616
a_column_co_driver__run1_2018-05-30-13-05-35.ids_2__vp15__ann43__ch0.jpg,a_column_co_driver,15,vp15/run1_2018-05-30-13-05-35.ids_2,43,0,interacting_with_phone,phone,train,val,13124
a_column_co_driver__run2_2018-05-30-10-42-33.ids_2__vp14__ann37__ch5.jpg,a_column_co_driver,14,vp14/run2_2018-05-30-10-42-33.ids_2,37,5,talking_on_phone,phone,test,val,17433
a_column_co_driver__run1_2018-05-29-15-21-10.ids_2__vp13__ann72__ch12.jpg,a_column_co_driver,13,vp13/run1_2018-05-29-15-21-10.ids_2,72,12,talking_on_phone,phone,train,test,33865
a_column_co_driver__run2_2018-05-24-16-21-35.ids_2__vp12__ann54__ch1.jpg,a_column_co_driver,12,vp12/run2_2018-05-24-16-21-35.ids_2,54,1,talking_on_phone,phone,train,train,21211
a_column_co_driver__run2_2018-05-30-11-34-54.ids_2__vp13__ann39__ch4.jpg,a_column_co_driver,13,vp13/run2_2018-05-30-11-34-54.ids_2,39,4,talking_on_phone,phone,train,test,18702
a_column_co_driver__run2_2018-05-29-14-33-44.ids_2__vp1__ann67__ch16.jpg,a_column_co_driver,1,vp1/run2_2018-05-29-14-33-44.ids_2,67,16,talking_on_phone,phone,train,train,28230
a_column_co_driver__run2_2018-05-24-14-35-56.ids_2__vp11__ann56__ch10.jpg,a_column_co_driver,11,vp11/run2_2018-05-24-14-35-56.ids_2,56,10,talking_on_phone,phone,train,test,14869
a_column_co_driver__run2_2018-05-29-16-03-37.ids_2__vp3__ann33__ch0.jpg,a_column_co_driver,3,vp3/run2_2018-05-29-16-03-37.ids_2,33,0,interacting_with_phone,phone,train,train,16095
a_column_co_driver__run1_2018-05-30-13-05-35.ids_2__vp15__ann101__ch10.jpg,a_column_co_driver,15,vp15/run1_2018-05-30-13-05-35.ids_2,101,10,talking_on_phone,phone,train,val,32174
a_column_co_driver__run2_2018-05-29-16-03-37.ids_2__vp3__ann46__ch6.jpg,a_column_co_driver,3,vp3/run2_2018-05-29-16-03-37.ids_2,46,6,talking_on_phone,phone,train,train,20930
a_column_co_driver__run1b_2018-05-29-14-02-47.ids_2__vp1__ann88__ch0.jpg,a_column_co_driver,1,vp1/run1b_2018-05-29-14-02-47.ids_2,88,0,interacting_with_phone,phone,train,train,25018
a_column_co_driver__run1_2018-05-24-15-44-28.ids_2__vp12__ann87__ch9.jpg,a_column_co_driver,12,vp12/run1_2018-05-24-15-44-28.ids_2,87,9,talking_on_phone,phone,train,train,36860
a_column_co_driver__run2_2018-05-29-14-33-44.ids_2__vp1__ann68__ch2.jpg,a_column_co_driver,1,vp1/run2_2018-05-29-14-33-44.ids_2,68,2,interacting_with_phone,phone,train,train,28459
a_column_co_driver__run2_2018-05-30-11-34-54.ids_2__vp13__ann33__ch6.jpg,a_column_co_driver,13,vp13/run2_2018-05-30-11-34-54.ids_2,33,6,interacting_with_phone,phone,train,test,16424
a_column_co_driver__run1_2018-05-24-15-44-28.ids_2__vp12__ann87__ch13.jpg,a_column_co_driver,12,vp12/run1_2018-05-24-15-44-28.ids_2,87,13,talking_on_phone,phone,train,train,37216
a_column_co_driver__run2_2018-05-30-10-42-33.ids_2__vp14__ann37__ch6.jpg,a_column_co_driver,14,vp14/run2_2018-05-30-10-42-33.ids_2,37,6,talking_on_phone,phone,test,val,17523
a_column_co_driver__run2_2018-05-24-14-08-46.ids_2__vp10__ann115__ch8.jpg,a_column_co_driver,10,vp10/run2_2018-05-24-14-08-46.ids_2,115,8,interacting_with_phone,phone,train,train,38836
a_column_co_driver__run2_2018-05-23-11-05-00.ids_2__vp6__ann74__ch5.jpg,a_column_co_driver,6,vp6/run2_2018-05-23-11-05-00.ids_2,74,5,interacting_with_phone,phone,train,train,32784
a_column_co_driver__run1_2018-05-30-10-11-09.ids_2__vp14__ann71__ch1.jpg,a_column_co_driver,14,vp14/run1_2018-05-30-10-11-09.ids_2,71,1,interacting_with_phone,phone,test,val,26493
a_column_co_driver__run2_2018-05-22-14-25-04.ids_2__vp4__ann54__ch9.jpg,a_column_co_driver,4,vp4/run2_2018-05-22-14-25-04.ids_2,54,9,interacting_with_phone,phone,train,train,30009
a_column_co_driver__run1b_2018-05-29-14-02-47.ids_2__vp1__ann90__ch3.jpg,a_column_co_driver,1,vp1/run1b_2018-05-29-14-02-47.ids_2,90,3,talking_on_phone,phone,train,train,25816
a_column_co_driver__run2_2018-05-30-13-34-33.ids_2__vp15__ann44__ch0.jpg,a_column_co_driver,15,vp15/run2_2018-05-30-13-34-33.ids_2,44,0,interacting_with_phone,phone,train,val,13983
a_column_co_driver__run1_2018-05-24-13-14-41.ids_2__vp10__ann72__ch2.jpg,a_column_co_driver,10,vp10/run1_2018-05-24-13-14-41.ids_2,72,2,interacting_with_phone,phone,train,train,24611
a_column_co_driver__run1d_2018-05-23-14-54-38.ids_2__vp8__ann31__ch7.jpg,a_column_co_driver,8,vp8/run1d_2018-05-23-14-54-38.ids_2,31,7,talking_on_phone,phone,val,train,19615
a_column_co_driver__run2_2018-05-22-14-25-04.ids_2__vp4__ann54__ch13.jpg,a_column_co_driver,4,vp4/run2_2018-05-22-14-25-04.ids_2,54,13,interacting_with_phone,phone,train,train,30369
a_column_co_driver__run2_2018-05-29-14-33-44.ids_2__vp1__ann67__ch8.jpg,a_column_co_driver,1,vp1/run2_2018-05-29-14-33-44.ids_2,67,8,talking_on_phone,phone,train,train,27517
a_column_co_driver__run2_2018-05-30-11-34-54.ids_2__vp13__ann33__ch1.jpg,a_column_co_driver,13,vp13/run2_2018-05-30-11-34-54.ids_2,33,1,interacting_with_phone,phone,train,test,15978
a_column_co_driver__run2_2018-05-23-15-30-27.ids_2__vp8__ann38__ch3.jpg,a_column_co_driver,8,vp8/run2_2018-05-23-15-30-27.ids_2,38,3,talking_on_phone,phone,val,train,12124
a_column_co_driver__run2_2018-05-24-14-08-46.ids_2__vp10__ann20__ch8.jpg,a_column_co_driver,10,vp10/run2_2018-05-24-14-08-46.ids_2,20,8,talking_on_phone,phone,train,train,10685
a_column_co_driver__run2_2018-05-30-11-34-54.ids_2__vp13__ann33__ch3.jpg,a_column_co_driver,13,vp13/run2_2018-05-30-11-34-54.ids_2,33,3,interacting_with_phone,phone,train,test,16156
a_column_co_driver__run1_2018-05-24-13-44-01.ids_2__vp11__ann31__ch0.jpg,a_column_co_driver,11,vp11/run1_2018-05-24-13-44-01.ids_2,31,0,interacting_with_phone,phone,train,test,16098
a_column_co_driver__run2_2018-05-30-13-34-33.ids_2__vp15__ann14__ch0.jpg,a_column_co_driver,15,vp15/run2_2018-05-30-13-34-33.ids_2,14,0,talking_on_phone,phone,train,val,7886
a_column_co_driver__run1_2018-05-22-13-28-51.ids_2__vp4__ann80__ch1.jpg,a_column_co_driver,4,vp4/run1_2018-05-22-13-28-51.ids_2,80,1,interacting_with_phone,phone,train,train,40597
a_column_co_driver__run1_2018-05-24-13-44-01.ids_2__vp11__ann31__ch2.jpg,a_column_co_driver,11,vp11/run1_2018-05-24-13-44-01.ids_2,31,2,interacting_with_phone,phone,train,test,16276
a_column_co_driver__run1_2018-05-24-13-44-01.ids_2__vp11__ann32__ch2.jpg,a_column_co_driver,11,vp11/run1_2018-05-24-13-44-01.ids_2,32,2,talking_on_phone,phone,train,test,17028
a_column_co_driver__run1_2018-05-24-15-44-28.ids_2__vp12__ann87__ch1.jpg,a_column_co_driver,12,vp12/run1_2018-05-24-15-44-28.ids_2,87,1,talking_on_phone,phone,train,train,36141
a_column_co_driver__run2_2018-05-30-11-34-54.ids_2__vp13__ann33__ch5.jpg,a_column_co_driver,13,vp13/run2_2018-05-30-11-34-54.ids_2,33,5,interacting_with_phone,phone,train,test,16334
a_column_co_driver__run2b_2018-05-22-15-50-07.ids_2__vp5__ann35__ch4.jpg,a_column_co_driver,5,vp5/run2b_2018-05-22-15-50-07.ids_2,35,4,talking_on_phone,phone,train,test,12027
a_column_co_driver__run2_2018-05-30-11-34-54.ids_2__vp13__ann33__ch4.jpg,a_column_co_driver,13,vp13/run2_2018-05-30-11-34-54.ids_2,33,4,interacting_with_phone,phone,train,test,16246
a_column_co_driver__run2_2018-05-29-16-03-37.ids_2__vp3__ann33__ch5.jpg,a_column_co_driver,3,vp3/run2_2018-05-29-16-03-37.ids_2,33,5,interacting_with_phone,phone,train,train,16543
a_column_co_driver__run1_2018-05-24-13-44-01.ids_2__vp11__ann32__ch3.jpg,a_column_co_driver,11,vp11/run1_2018-05-24-13-44-01.ids_2,32,3,talking_on_phone,phone,train,test,17118
a_column_co_driver__run1b_2018-05-08-08-46-01.ids_2__vp3__ann45__ch11.jpg,a_column_co_driver,3,vp3/run1b_2018-05-08-08-46-01.ids_2,45,11,talking_on_phone,phone,train,train,22637
a_column_co_driver__run2_2018-05-30-10-42-33.ids_2__vp14__ann37__ch1.jpg,a_column_co_driver,14,vp14/run2_2018-05-30-10-42-33.ids_2,37,1,talking_on_phone,phone,test,val,17077
a_column_co_driver__run2_2018-05-30-10-42-33.ids_2__vp14__ann60__ch3.jpg,a_column_co_driver,14,vp14/run2_2018-05-30-10-42-33.ids_2,60,3,interacting_with_phone,phone,test,val,26142
a_column_co_driver__run2_2018-05-30-13-34-33.ids_2__vp15__ann14__ch4.jpg,a_column_co_driver,15,vp15/run2_2018-05-30-13-34-33.ids_2,14,4,talking_on_phone,phone,train,val,8247
a_column_co_driver__run2_2018-05-24-17-22-26.ids_2__vp2__ann62__ch10.jpg,a_column_co_driver,2,vp2/run2_2018-05-24-17-22-26.ids_2,62,10,interacting_with_phone,phone,train,train,27344
a_column_co_driver__run2_2018-05-22-14-25-04.ids_2__vp4__ann54__ch10.jpg,a_column_co_driver,4,vp4/run2_2018-05-22-14-25-04.ids_2,54,10,interacting_with_phone,phone,train,train,30098
a_column_co_driver__run2_2018-05-30-10-42-33.ids_2__vp14__ann37__ch7.jpg,a_column_co_driver,14,vp14/run2_2018-05-30-10-42-33.ids_2,37,7,talking_on_phone,phone,test,val,17615
a_column_co_driver__run2_2018-05-24-17-22-26.ids_2__vp2__ann62__ch2.jpg,a_column_co_driver,2,vp2/run2_2018-05-24-17-22-26.ids_2,62,2,interacting_with_phone,phone,train,train,26664
a_column_co_driver__run1b_2018-05-23-16-19-17.ids_2__vp9__ann101__ch21.jpg,a_column_co_driver,9,vp9/run1b_2018-05-23-16-19-17.ids_2,101,21,interacting_with_phone,phone,test,train,28318
a_column_co_driver__run1b_2018-05-23-16-19-17.ids_2__vp9__ann101__ch19.jpg,a_column_co_driver,9,vp9/run1b_2018-05-23-16-19-17.ids_2,101,19,interacting_with_phone,phone,test,train,28139
a_column_co_driver__run2_2018-05-24-17-22-26.ids_2__vp2__ann82__ch2.jpg,a_column_co_driver,2,vp2/run2_2018-05-24-17-22-26.ids_2,82,2,talking_on_phone,phone,train,train,37859
a_column_co_driver__run2_2018-05-29-14-33-44.ids_2__vp1__ann92__ch4.jpg,a_column_co_driver,1,vp1/run2_2018-05-29-14-33-44.ids_2,92,4,interacting_with_phone,phone,train,train,40553
a_column_co_driver__run1b_2018-05-08-08-46-01.ids_2__vp3__ann45__ch10.jpg,a_column_co_driver,3,vp3/run1b_2018-05-08-08-46-01.ids_2,45,10,talking_on_phone,phone,train,train,22547
a_column_co_driver__run1b_2018-05-23-16-19-17.ids_2__vp9__ann101__ch3.jpg,a_column_co_driver,9,vp9/run1b_2018-05-23-16-19-17.ids_2,101,3,interacting_with_phone,phone,test,train,26704
a_column_co_driver__run1_2018-05-29-15-21-10.ids_2__vp13__ann60__ch16.jpg,a_column_co_driver,13,vp13/run1_2018-05-29-15-21-10.ids_2,60,16,interacting_with_phone,phone,train,test,31240
a_column_co_driver__run1_2018-05-22-13-28-51.ids_2__vp4__ann80__ch14.jpg,a_column_co_driver,4,vp4/run1_2018-05-22-13-28-51.ids_2,80,14,interacting_with_phone,phone,train,train,41765
a_column_co_driver__run1_2018-05-24-13-44-01.ids_2__vp11__ann103__ch6.jpg,a_column_co_driver,11,vp11/run1_2018-05-24-13-44-01.ids_2,103,6,interacting_with_phone,phone,train,test,35076
a_column_co_driver__run2_2018-05-30-13-34-33.ids_2__vp15__ann14__ch10.jpg,a_column_co_driver,15,vp15/run2_2018-05-30-13-34-33.ids_2,14,10,talking_on_phone,phone,train,val,8788
a_column_co_driver__run1b_2018-05-29-14-02-47.ids_2__vp1__ann20__ch8.jpg,a_column_co_driver,1,vp1/run1b_2018-05-29-14-02-47.ids_2,20,8,interacting_with_phone,phone,train,train,8831
a_column_co_driver__run1_2018-05-24-13-44-01.ids_2__vp11__ann32__ch1.jpg,a_column_co_driver,11,vp11/run1_2018-05-24-13-44-01.ids_2,32,1,talking_on_phone,phone,train,test,16939
a_column_co_driver__run2_2018-05-29-14-33-44.ids_2__vp1__ann67__ch7.jpg,a_column_co_driver,1,vp1/run2_2018-05-29-14-33-44.ids_2,67,7,talking_on_phone,phone,train,train,27426
a_column_co_driver__run2_2018-05-24-14-08-46.ids_2__vp10__ann18__ch2.jpg,a_column_co_driver,10,vp10/run2_2018-05-24-14-08-46.ids_2,18,2,talking_on_phone,phone,train,train,9280
a_column_co_driver__run2_2018-05-22-14-25-04.ids_2__vp4__ann96__ch2.jpg,a_column_co_driver,4,vp4/run2_2018-05-22-14-25-04.ids_2,96,2,interacting_with_phone,phone,train,train,46407
a_column_co_driver__run1_2018-05-23-13-16-52.ids_2__vp7__ann69__ch7.jpg,a_column_co_driver,7,vp7/run1_2018-05-23-13-16-52.ids_2,69,7,interacting_with_phone,phone,val,train,22654
a_column_co_driver__run1_2018-05-30-13-05-35.ids_2__vp15__ann101__ch11.jpg,a_column_co_driver,15,vp15/run1_2018-05-30-13-05-35.ids_2,101,11,talking_on_phone,phone,train,val,32265
a_column_co_driver__run2_2018-05-30-10-42-33.ids_2__vp14__ann31__ch1.jpg,a_column_co_driver,14,vp14/run2_2018-05-30-10-42-33.ids_2,31,1,interacting_with_phone,phone,test,val,16302
a_column_co_driver__run2_2018-05-30-10-42-33.ids_2__vp14__ann60__ch10.jpg,a_column_co_driver,14,vp14/run2_2018-05-30-10-42-33.ids_2,60,10,interacting_with_phone,phone,test,val,26765
a_column_co_driver__run2_2018-05-30-10-42-33.ids_2__vp14__ann108__ch7.jpg,a_column_co_driver,14,vp14/run2_2018-05-30-10-42-33.ids_2,108,7,interacting_with_phone,phone,test,val,42430
a_column_co_driver__run1_2018-05-23-10-21-45.ids_2__vp6__ann47__ch6.jpg,a_column_co_driver,6,vp6/run1_2018-05-23-10-21-45.ids_2,47,6,interacting_with_phone,phone,train,train,25235
a_column_co_driver__run1_2018-05-23-13-16-52.ids_2__vp7__ann69__ch1.jpg,a_column_co_driver,7,vp7/run1_2018-05-23-13-16-52.ids_2,69,1,interacting_with_phone,phone,val,train,22127
a_column_co_driver__run1b_2018-05-23-16-19-17.ids_2__vp9__ann101__ch14.jpg,a_column_co_driver,9,vp9/run1b_2018-05-23-16-19-17.ids_2,101,14,interacting_with_phone,phone,test,train,27693
a_column_co_driver__run1b_2018-05-08-08-46-01.ids_2__vp3__ann45__ch9.jpg,a_column_co_driver,3,vp3/run1b_2018-05-08-08-46-01.ids_2,45,9,talking_on_phone,phone,train,train,22457
a_column_co_driver__run2_2018-05-30-13-34-33.ids_2__vp15__ann46__ch4.jpg,a_column_co_driver,15,vp15/run2_2018-05-30-13-34-33.ids_2,46,4,interacting_with_phone,phone,train,val,14898
a_column_co_driver__run1_2018-05-24-13-44-01.ids_2__vp11__ann103__ch2.jpg,a_column_co_driver,11,vp11/run1_2018-05-24-13-44-01.ids_2,103,2,interacting_with_phone,phone,train,test,34724
a_column_co_driver__run1_2018-05-30-10-11-09.ids_2__vp14__ann12__ch12.jpg,a_column_co_driver,14,vp14/run1_2018-05-30-10-11-09.ids_2,12,12,talking_on_phone,phone,test,val,9005
a_column_co_driver__run2_2018-05-24-14-08-46.ids_2__vp10__ann115__ch16.jpg,a_column_co_driver,10,vp10/run2_2018-05-24-14-08-46.ids_2,115,16,interacting_with_phone,phone,train,train,39560
a_column_co_driver__run1b_2018-05-08-08-46-01.ids_2__vp3__ann45__ch6.jpg,a_column_co_driver,3,vp3/run1b_2018-05-08-08-46-01.ids_2,45,6,talking_on_phone,phone,train,train,22187
a_column_co_driver__run1b_2018-05-08-08-46-01.ids_2__vp3__ann45__ch5.jpg,a_column_co_driver,3,vp3/run1b_2018-05-08-08-46-01.ids_2,45,5,talking_on_phone,phone,train,train,22097
a_column_co_driver__run2b_2018-05-22-15-50-07.ids_2__vp5__ann35__ch8.jpg,a_column_co_driver,5,vp5/run2b_2018-05-22-15-50-07.ids_2,35,8,talking_on_phone,phone,train,test,12385
a_column_co_driver__run1_2018-05-29-15-21-10.ids_2__vp13__ann60__ch5.jpg,a_column_co_driver,13,vp13/run1_2018-05-29-15-21-10.ids_2,60,5,interacting_with_phone,phone,train,test,30262
a_column_co_driver__run1_2018-05-30-13-05-35.ids_2__vp15__ann101__ch6.jpg,a_column_co_driver,15,vp15/run1_2018-05-30-13-05-35.ids_2,101,6,talking_on_phone,phone,train,val,31815
a_column_co_driver__run1d_2018-05-23-14-54-38.ids_2__vp8__ann23__ch1.jpg,a_column_co_driver,8,vp8/run1d_2018-05-23-14-54-38.ids_2,23,1,interacting_with_phone,phone,val,train,15816
a_column_co_driver__run2_2018-05-24-14-08-46.ids_2__vp10__ann20__ch2.jpg,a_column_co_driver,10,vp10/run2_2018-05-24-14-08-46.ids_2,20,2,talking_on_phone,phone,train,train,10147
a_column_co_driver__run2b_2018-05-23-13-54-07.ids_2__vp7__ann45__ch0.jpg,a_column_co_driver,7,vp7/run2b_2018-05-23-13-54-07.ids_2,45,0,talking_on_phone,phone,val,train,16901
a_column_co_driver__run1_2018-05-22-13-28-51.ids_2__vp4__ann62__ch9.jpg,a_column_co_driver,4,vp4/run1_2018-05-22-13-28-51.ids_2,62,9,talking_on_phone,phone,train,train,35385
a_column_co_driver__run2_2018-05-24-17-22-26.ids_2__vp2__ann82__ch6.jpg,a_column_co_driver,2,vp2/run2_2018-05-24-17-22-26.ids_2,82,6,talking_on_phone,phone,train,train,38220
a_column_co_driver__run1_2018-05-24-13-44-01.ids_2__vp11__ann31__ch1.jpg,a_column_co_driver,11,vp11/run1_2018-05-24-13-44-01.ids_2,31,1,interacting_with_phone,phone,train,test,16187
a_column_co_driver__run1b_2018-05-08-08-46-01.ids_2__vp3__ann45__ch2.jpg,a_column_co_driver,3,vp3/run1b_2018-05-08-08-46-01.ids_2,45,2,talking_on_phone,phone,train,train,21826
a_column_co_driver__run1_2018-05-29-15-21-10.ids_2__vp13__ann72__ch9.jpg,a_column_co_driver,13,vp13/run1_2018-05-29-15-21-10.ids_2,72,9,talking_on_phone,phone,train,test,33602
a_column_co_driver__run1_2018-05-22-13-28-51.ids_2__vp4__ann80__ch4.jpg,a_column_co_driver,4,vp4/run1_2018-05-22-13-28-51.ids_2,80,4,interacting_with_phone,phone,train,train,40867
a_column_co_driver__run1_2018-05-30-13-05-35.ids_2__vp15__ann41__ch1.jpg,a_column_co_driver,15,vp15/run1_2018-05-30-13-05-35.ids_2,41,1,interacting_with_phone,phone,train,val,13042
a_column_co_driver__run2_2018-05-23-11-05-00.ids_2__vp6__ann74__ch1.jpg,a_column_co_driver,6,vp6/run2_2018-05-23-11-05-00.ids_2,74,1,interacting_with_phone,phone,train,train,32422
a_column_co_driver__run1_2018-05-23-13-16-52.ids_2__vp7__ann38__ch0.jpg,a_column_co_driver,7,vp7/run1_2018-05-23-13-16-52.ids_2,38,0,interacting_with_phone,phone,val,train,14778
a_column_co_driver__run1b_2018-05-23-16-19-17.ids_2__vp9__ann101__ch0.jpg,a_column_co_driver,9,vp9/run1b_2018-05-23-16-19-17.ids_2,101,0,interacting_with_phone,phone,test,train,26431
a_column_co_driver__run2_2018-05-24-17-22-26.ids_2__vp2__ann82__ch5.jpg,a_column_co_driver,2,vp2/run2_2018-05-24-17-22-26.ids_2,82,5,talking_on_phone,phone,train,train,38132
a_column_co_driver__run1_2018-05-22-13-28-51.ids_2__vp4__ann62__ch6.jpg,a_column_co_driver,4,vp4/run1_2018-05-22-13-28-51.ids_2,62,6,talking_on_phone,phone,train,train,35116
a_column_co_driver__run1_2018-05-22-13-28-51.ids_2__vp4__ann80__ch9.jpg,a_column_co_driver,4,vp4/run1_2018-05-22-13-28-51.ids_2,80,9,interacting_with_phone,phone,train,train,41315
a_column_co_driver__run1_2018-05-24-13-14-41.ids_2__vp10__ann72__ch3.jpg,a_column_co_driver,10,vp10/run1_2018-05-24-13-14-41.ids_2,72,3,interacting_with_phone,phone,train,train,24700
a_column_co_driver__run2_2018-05-22-14-25-04.ids_2__vp4__ann95__ch2.jpg,a_column_co_driver,4,vp4/run2_2018-05-22-14-25-04.ids_2,95,2,talking_on_phone,phone,train,train,45812
a_column_co_driver__run1b_2018-05-23-16-19-17.ids_2__vp9__ann101__ch15.jpg,a_column_co_driver,9,vp9/run1b_2018-05-23-16-19-17.ids_2,101,15,interacting_with_phone,phone,test,train,27784
a_column_co_driver__run1_2018-05-24-13-44-01.ids_2__vp11__ann103__ch1.jpg,a_column_co_driver,11,vp11/run1_2018-05-24-13-44-01.ids_2,103,1,interacting_with_phone,phone,train,test,34632
a_column_co_driver__run2_2018-05-24-17-22-26.ids_2__vp2__ann82__ch12.jpg,a_column_co_driver,2,vp2/run2_2018-05-24-17-22-26.ids_2,82,12,talking_on_phone,phone,train,train,38763
a_column_co_driver__run1b_2018-05-23-16-19-17.ids_2__vp9__ann101__ch2.jpg,a_column_co_driver,9,vp9/run1b_2018-05-23-16-19-17.ids_2,101,2,interacting_with_phone,phone,test,train,26614
a_column_co_driver__run2_2018-05-30-13-34-33.ids_2__vp15__ann46__ch0.jpg,a_column_co_driver,15,vp15/run2_2018-05-30-13-34-33.ids_2,46,0,interacting_with_phone,phone,train,val,14542
a_column_co_driver__run1_2018-05-22-15-10-41.ids_2__vp5__ann80__ch0.jpg,a_column_co_driver,5,vp5/run1_2018-05-22-15-10-41.ids_2,80,0,interacting_with_phone,phone,train,test,32468
a_column_co_driver__run2_2018-05-24-14-35-56.ids_2__vp11__ann99__ch0.jpg,a_column_co_driver,11,vp11/run2_2018-05-24-14-35-56.ids_2,99,0,interacting_with_phone,phone,train,test,24450
a_column_co_driver__run2_2018-05-22-14-25-04.ids_2__vp4__ann54__ch3.jpg,a_column_co_driver,4,vp4/run2_2018-05-22-14-25-04.ids_2,54,3,interacting_with_phone,phone,train,train,29469
a_column_co_driver__run2_2018-05-24-14-35-56.ids_2__vp11__ann99__ch2.jpg,a_column_co_driver,11,vp11/run2_2018-05-24-14-35-56.ids_2,99,2,interacting_with_phone,phone,train,test,24629
a_column_co_driver__run2_2018-05-30-13-34-33.ids_2__vp15__ann14__ch1.jpg,a_column_co_driver,15,vp15/run2_2018-05-30-13-34-33.ids_2,14,1,talking_on_phone,phone,train,val,7977
a_column_co_driver__run2_2018-05-24-14-35-56.ids_2__vp11__ann99__ch5.jpg,a_column_co_driver,11,vp11/run2_2018-05-24-14-35-56.ids_2,99,5,interacting_with_phone,phone,train,test,24900
a_column_co_driver__run1_2018-05-30-13-05-35.ids_2__vp15__ann101__ch9.jpg,a_column_co_driver,15,vp15/run1_2018-05-30-13-05-35.ids_2,101,9,talking_on_phone,phone,train,val,32084
a_column_co_driver__run2b_2018-05-22-15-50-07.ids_2__vp5__ann35__ch10.jpg,a_column_co_driver,5,vp5/run2b_2018-05-22-15-50-07.ids_2,35,10,talking_on_phone,phone,train,test,12544
a_column_co_driver__run1_2018-05-22-15-10-41.ids_2__vp5__ann17__ch0.jpg,a_column_co_driver,5,vp5/run1_2018-05-22-15-10-41.ids_2,17,0,interacting_with_phone,phone,train,test,13202
a_column_co_driver__run2_2018-05-23-15-30-27.ids_2__vp8__ann38__ch15.jpg,a_column_co_driver,8,vp8/run2_2018-05-23-15-30-27.ids_2,38,15,talking_on_phone,phone,val,train,13203
a_column_co_driver__run2_2018-05-30-11-34-54.ids_2__vp13__ann33__ch7.jpg,a_column_co_driver,13,vp13/run2_2018-05-30-11-34-54.ids_2,33,7,interacting_with_phone,phone,train,test,16514
a_column_co_driver__run1_2018-05-24-15-44-28.ids_2__vp12__ann87__ch7.jpg,a_column_co_driver,12,vp12/run1_2018-05-24-15-44-28.ids_2,87,7,talking_on_phone,phone,train,train,36680
a_column_co_driver__run1_2018-05-23-10-21-45.ids_2__vp6__ann47__ch11.jpg,a_column_co_driver,6,vp6/run1_2018-05-23-10-21-45.ids_2,47,11,interacting_with_phone,phone,train,train,25685
a_column_co_driver__run1_2018-05-22-15-10-41.ids_2__vp5__ann82__ch0.jpg,a_column_co_driver,5,vp5/run1_2018-05-22-15-10-41.ids_2,82,0,interacting_with_phone,phone,train,test,33852
a_column_co_driver__run1_2018-05-24-13-14-41.ids_2__vp10__ann72__ch6.jpg,a_column_co_driver,10,vp10/run1_2018-05-24-13-14-41.ids_2,72,6,interacting_with_phone,phone,train,train,24968
a_column_co_driver__run1_2018-05-24-15-44-28.ids_2__vp12__ann24__ch7.jpg,a_column_co_driver,12,vp12/run1_2018-05-24-15-44-28.ids_2,24,7,interacting_with_phone,phone,train,train,13339
a_column_co_driver__run2_2018-05-24-17-22-26.ids_2__vp2__ann79__ch0.jpg,a_column_co_driver,2,vp2/run2_2018-05-24-17-22-26.ids_2,79,0,interacting_with_phone,phone,train,train,37258
a_column_co_driver__run2_2018-05-22-14-25-04.ids_2__vp4__ann80__ch1.jpg,a_column_co_driver,4,vp4/run2_2018-05-22-14-25-04.ids_2,80,1,talking_on_phone,phone,train,train,37096
a_column_co_driver__run1_2018-05-24-13-44-01.ids_2__vp11__ann32__ch7.jpg,a_column_co_driver,11,vp11/run1_2018-05-24-13-44-01.ids_2,32,7,talking_on_phone,phone,train,test,17477
a_column_co_driver__run2_2018-05-30-10-42-33.ids_2__vp14__ann108__ch8.jpg,a_column_co_driver,14,vp14/run2_2018-05-30-10-42-33.ids_2,108,8,interacting_with_phone,phone,test,val,42488
a_column_co_driver__run2_2018-05-23-15-30-27.ids_2__vp8__ann38__ch2.jpg,a_column_co_driver,8,vp8/run2_2018-05-23-15-30-27.ids_2,38,2,talking_on_phone,phone,val,train,12031
a_column_co_driver__run2_2018-05-22-14-25-04.ids_2__vp4__ann80__ch2.jpg,a_column_co_driver,4,vp4/run2_2018-05-22-14-25-04.ids_2,80,2,talking_on_phone,phone,train,train,37187
a_column_co_driver__run2_2018-05-30-13-34-33.ids_2__vp15__ann46__ch1.jpg,a_column_co_driver,15,vp15/run2_2018-05-30-13-34-33.ids_2,46,1,interacting_with_phone,phone,train,val,14631
a_column_co_driver__run1_2018-05-23-13-16-52.ids_2__vp7__ann108__ch7.jpg,a_column_co_driver,7,vp7/run1_2018-05-23-13-16-52.ids_2,108,7,talking_on_phone,phone,val,train,32933
a_column_co_driver__run1b_2018-05-23-16-19-17.ids_2__vp9__ann101__ch10.jpg,a_column_co_driver,9,vp9/run1b_2018-05-23-16-19-17.ids_2,101,10,interacting_with_phone,phone,test,train,27333
a_column_co_driver__run2_2018-05-24-14-35-56.ids_2__vp11__ann56__ch1.jpg,a_column_co_driver,11,vp11/run2_2018-05-24-14-35-56.ids_2,56,1,talking_on_phone,phone,train,test,14084
a_column_co_driver__run1d_2018-05-23-14-54-38.ids_2__vp8__ann31__ch1.jpg,a_column_co_driver,8,vp8/run1d_2018-05-23-14-54-38.ids_2,31,1,talking_on_phone,phone,val,train,19074
a_column_co_driver__run1_2018-05-23-10-21-45.ids_2__vp6__ann47__ch2.jpg,a_column_co_driver,6,vp6/run1_2018-05-23-10-21-45.ids_2,47,2,interacting_with_phone,phone,train,train,24878
a_column_co_driver__run1_2018-05-30-13-05-35.ids_2__vp15__ann101__ch12.jpg,a_column_co_driver,15,vp15/run1_2018-05-30-13-05-35.ids_2,101,12,talking_on_phone,phone,train,val,32341
a_column_co_driver__run2_2018-05-30-13-34-33.ids_2__vp15__ann14__ch2.jpg,a_column_co_driver,15,vp15/run2_2018-05-30-13-34-33.ids_2,14,2,talking_on_phone,phone,train,val,8066
a_column_co_driver__run2_2018-05-23-11-05-00.ids_2__vp6__ann74__ch4.jpg,a_column_co_driver,6,vp6/run2_2018-05-23-11-05-00.ids_2,74,4,interacting_with_phone,phone,train,train,32694
a_column_co_driver__run2_2018-05-23-15-30-27.ids_2__vp8__ann38__ch5.jpg,a_column_co_driver,8,vp8/run2_2018-05-23-15-30-27.ids_2,38,5,talking_on_phone,phone,val,train,12305
a_column_co_driver__run2_2018-05-23-15-30-27.ids_2__vp8__ann38__ch13.jpg,a_column_co_driver,8,vp8/run2_2018-05-23-15-30-27.ids_2,38,13,talking_on_phone,phone,val,train,13022
a_column_co_driver__run2_2018-05-22-14-25-04.ids_2__vp4__ann54__ch8.jpg,a_column_co_driver,4,vp4/run2_2018-05-22-14-25-04.ids_2,54,8,interacting_with_phone,phone,train,train,29919
a_column_co_driver__run1_2018-05-29-15-21-10.ids_2__vp13__ann72__ch4.jpg,a_column_co_driver,13,vp13/run1_2018-05-29-15-21-10.ids_2,72,4,talking_on_phone,phone,train,test,33156
a_column_co_driver__run1_2018-05-22-15-10-41.ids_2__vp5__ann81__ch11.jpg,a_column_co_driver,5,vp5/run1_2018-05-22-15-10-41.ids_2,81,11,talking_on_phone,phone,train,test,33535
a_column_co_driver__run2_2018-05-24-14-08-46.ids_2__vp10__ann115__ch0.jpg,a_column_co_driver,10,vp10/run2_2018-05-24-14-08-46.ids_2,115,0,interacting_with_phone,phone,train,train,38121
a_column_co_driver__run1d_2018-05-23-14-54-38.ids_2__vp8__ann23__ch0.jpg,a_column_co_driver,8,vp8/run1d_2018-05-23-14-54-38.ids_2,23,0,interacting_with_phone,phone,val,train,15728
a_column_co_driver__run1_2018-05-24-15-44-28.ids_2__vp12__ann87__ch3.jpg,a_column_co_driver,12,vp12/run1_2018-05-24-15-44-28.ids_2,87,3,talking_on_phone,phone,train,train,36321
a_column_co_driver__run2_2018-05-30-13-34-33.ids_2__vp15__ann14__ch9.jpg,a_column_co_driver,15,vp15/run2_2018-05-30-13-34-33.ids_2,14,9,talking_on_phone,phone,train,val,8699
a_column_co_driver__run2_2018-05-30-11-34-54.ids_2__vp13__ann39__ch7.jpg,a_column_co_driver,13,vp13/run2_2018-05-30-11-34-54.ids_2,39,7,talking_on_phone,phone,train,test,18965
a_column_co_driver__run1_2018-05-29-15-21-10.ids_2__vp13__ann60__ch3.jpg,a_column_co_driver,13,vp13/run1_2018-05-29-15-21-10.ids_2,60,3,interacting_with_phone,phone,train,test,30083
a_column_co_driver__run2_2018-05-24-14-35-56.ids_2__vp11__ann56__ch6.jpg,a_column_co_driver,11,vp11/run2_2018-05-24-14-35-56.ids_2,56,6,talking_on_phone,phone,train,test,14534
a_column_co_driver__run1_2018-05-30-13-05-35.ids_2__vp15__ann101__ch4.jpg,a_column_co_driver,15,vp15/run1_2018-05-30-13-05-35.ids_2,101,4,talking_on_phone,phone,train,val,31637
a_column_co_driver__run1_2018-05-24-13-44-01.ids_2__vp11__ann31__ch3.jpg,a_column_co_driver,11,vp11/run1_2018-05-24-13-44-01.ids_2,31,3,interacting_with_phone,phone,train,test,16365
a_column_co_driver__run2_2018-05-30-13-34-33.ids_2__vp15__ann14__ch15.jpg,a_column_co_driver,15,vp15/run2_2018-05-30-13-34-33.ids_2,14,15,talking_on_phone,phone,train,val,9235
a_column_co_driver__run2_2018-05-24-14-35-56.ids_2__vp11__ann56__ch9.jpg,a_column_co_driver,11,vp11/run2_2018-05-24-14-35-56.ids_2,56,9,talking_on_phone,phone,train,test,14802
a_column_co_driver__run1_2018-05-30-10-11-09.ids_2__vp14__ann98__ch0.jpg,a_column_co_driver,14,vp14/run1_2018-05-30-10-11-09.ids_2,98,0,interacting_with_phone,phone,test,val,44510
a_column_co_driver__run2_2018-05-30-10-42-33.ids_2__vp14__ann37__ch3.jpg,a_column_co_driver,14,vp14/run2_2018-05-30-10-42-33.ids_2,37,3,talking_on_phone,phone,test,val,17253
a_column_co_driver__run1_2018-05-03-14-08-31.ids_2__vp2__ann59__ch0.jpg,a_column_co_driver,2,vp2/run1_2018-05-03-14-08-31.ids_2,59,0,interacting_with_phone,phone,train,train,35235
a_column_co_driver__run2_2018-05-22-14-25-04.ids_2__vp4__ann94__ch0.jpg,a_column_co_driver,4,vp4/run2_2018-05-22-14-25-04.ids_2,94,0,interacting_with_phone,phone,train,train,45509
a_column_co_driver__run2_2018-05-29-16-03-37.ids_2__vp3__ann33__ch2.jpg,a_column_co_driver,3,vp3/run2_2018-05-29-16-03-37.ids_2,33,2,interacting_with_phone,phone,train,train,16275
a_column_co_driver__run2_2018-05-24-16-21-35.ids_2__vp12__ann114__ch1.jpg,a_column_co_driver,12,vp12/run2_2018-05-24-16-21-35.ids_2,114,1,interacting_with_phone,phone,train,train,44459
a_column_co_driver__run2_2018-05-29-14-33-44.ids_2__vp1__ann67__ch6.jpg,a_column_co_driver,1,vp1/run2_2018-05-29-14-33-44.ids_2,67,6,talking_on_phone,phone,train,train,27336
a_column_co_driver__run1_2018-05-30-10-11-09.ids_2__vp14__ann12__ch2.jpg,a_column_co_driver,14,vp14/run1_2018-05-30-10-11-09.ids_2,12,2,talking_on_phone,phone,test,val,8111
a_column_co_driver__run2_2018-05-29-16-03-37.ids_2__vp3__ann46__ch5.jpg,a_column_co_driver,3,vp3/run2_2018-05-29-16-03-37.ids_2,46,5,talking_on_phone,phone,train,train,20840
a_column_co_driver__run2_2018-05-30-13-34-33.ids_2__vp15__ann44__ch1.jpg,a_column_co_driver,15,vp15/run2_2018-05-30-13-34-33.ids_2,44,1,interacting_with_phone,phone,train,val,14072
a_column_co_driver__run1_2018-05-24-13-44-01.ids_2__vp11__ann31__ch5.jpg,a_column_co_driver,11,vp11/run1_2018-05-24-13-44-01.ids_2,31,5,interacting_with_phone,phone,train,test,16540
a_column_co_driver__run2b_2018-05-22-15-50-07.ids_2__vp5__ann107__ch3.jpg,a_column_co_driver,5,vp5/run2b_2018-05-22-15-50-07.ids_2,107,3,interacting_with_phone,phone,train,test,36578
a_column_co_driver__run1_2018-05-29-15-21-10.ids_2__vp13__ann60__ch15.jpg,a_column_co_driver,13,vp13/run1_2018-05-29-15-21-10.ids_2,60,15,interacting_with_phone,phone,train,test,31152
a_column_co_driver__run1_2018-05-03-14-08-31.ids_2__vp2__ann59__ch10.jpg,a_column_co_driver,2,vp2/run1_2018-05-03-14-08-31.ids_2,59,10,interacting_with_phone,phone,train,train,36128
a_column_co_driver__run1_2018-05-30-10-11-09.ids_2__vp14__ann98__ch7.jpg,a_column_co_driver,14,vp14/run1_2018-05-30-10-11-09.ids_2,98,7,interacting_with_phone,phone,test,val,45140
a_column_co_driver__run2_2018-05-22-14-25-04.ids_2__vp4__ann81__ch0.jpg,a_column_co_driver,4,vp4/run2_2018-05-22-14-25-04.ids_2,81,0,interacting_with_phone,phone,train,train,37746
a_column_co_driver__run2_2018-05-30-10-42-33.ids_2__vp14__ann37__ch0.jpg,a_column_co_driver,14,vp14/run2_2018-05-30-10-42-33.ids_2,37,0,talking_on_phone,phone,test,val,16988
a_column_co_driver__run2_2018-05-24-14-08-46.ids_2__vp10__ann19__ch6.jpg,a_column_co_driver,10,vp10/run2_2018-05-24-14-08-46.ids_2,19,6,interacting_with_phone,phone,train,train,9902
a_column_co_driver__run1_2018-05-30-10-11-09.ids_2__vp14__ann71__ch0.jpg,a_column_co_driver,14,vp14/run1_2018-05-30-10-11-09.ids_2,71,0,interacting_with_phone,phone,test,val,26403
a_column_co_driver__run1_2018-05-24-13-44-01.ids_2__vp11__ann32__ch13.jpg,a_column_co_driver,11,vp11/run1_2018-05-24-13-44-01.ids_2,32,13,talking_on_phone,phone,train,test,18013
a_column_co_driver__run1_2018-05-22-13-28-51.ids_2__vp4__ann80__ch13.jpg,a_column_co_driver,4,vp4/run1_2018-05-22-13-28-51.ids_2,80,13,interacting_with_phone,phone,train,train,41675
a_column_co_driver__run2_2018-05-23-15-30-27.ids_2__vp8__ann119__ch2.jpg,a_column_co_driver,8,vp8/run2_2018-05-23-15-30-27.ids_2,119,2,interacting_with_phone,phone,val,train,36450
a_column_co_driver__run2_2018-05-23-15-30-27.ids_2__vp8__ann119__ch7.jpg,a_column_co_driver,8,vp8/run2_2018-05-23-15-30-27.ids_2,119,7,interacting_with_phone,phone,val,train,36899
a_column_co_driver__run2b_2018-05-22-15-50-07.ids_2__vp5__ann107__ch4.jpg,a_column_co_driver,5,vp5/run2b_2018-05-22-15-50-07.ids_2,107,4,interacting_with_phone,phone,train,test,36668
a_column_co_driver__run2_2018-05-22-14-25-04.ids_2__vp4__ann54__ch1.jpg,a_column_co_driver,4,vp4/run2_2018-05-22-14-25-04.ids_2,54,1,interacting_with_phone,phone,train,train,29289
a_column_co_driver__run1b_2018-05-29-14-02-47.ids_2__vp1__ann20__ch4.jpg,a_column_co_driver,1,vp1/run1b_2018-05-29-14-02-47.ids_2,20,4,interacting_with_phone,phone,train,train,8472
a_column_co_driver__run2_2018-05-30-13-34-33.ids_2__vp15__ann14__ch12.jpg,a_column_co_driver,15,vp15/run2_2018-05-30-13-34-33.ids_2,14,12,talking_on_phone,phone,train,val,8967
a_column_co_driver__run2_2018-05-24-14-35-56.ids_2__vp11__ann56__ch0.jpg,a_column_co_driver,11,vp11/run2_2018-05-24-14-35-56.ids_2,56,0,talking_on_phone,phone,train,test,13995
a_column_co_driver__run1_2018-05-30-13-05-35.ids_2__vp15__ann43__ch2.jpg,a_column_co_driver,15,vp15/run1_2018-05-30-13-05-35.ids_2,43,2,interacting_with_phone,phone,train,val,13302
a_column_co_driver__run1_2018-05-30-10-11-09.ids_2__vp14__ann12__ch8.jpg,a_column_co_driver,14,vp14/run1_2018-05-30-10-11-09.ids_2,12,8,talking_on_phone,phone,test,val,8652
a_column_co_driver__run1_2018-05-22-15-10-41.ids_2__vp5__ann81__ch14.jpg,a_column_co_driver,5,vp5/run1_2018-05-22-15-10-41.ids_2,81,14,talking_on_phone,phone,train,test,33783
a_column_co_driver__run1_2018-05-03-14-08-31.ids_2__vp2__ann66__ch2.jpg,a_column_co_driver,2,vp2/run1_2018-05-03-14-08-31.ids_2,66,2,interacting_with_phone,phone,train,train,39075
a_column_co_driver__run2_2018-05-30-10-42-33.ids_2__vp14__ann31__ch3.jpg,a_column_co_driver,14,vp14/run2_2018-05-30-10-42-33.ids_2,31,3,interacting_with_phone,phone,test,val,16448
a_column_co_driver__run1b_2018-05-23-16-19-17.ids_2__vp9__ann101__ch6.jpg,a_column_co_driver,9,vp9/run1b_2018-05-23-16-19-17.ids_2,101,6,interacting_with_phone,phone,test,train,26971
a_column_co_driver__run1_2018-05-24-15-44-28.ids_2__vp12__ann87__ch0.jpg,a_column_co_driver,12,vp12/run1_2018-05-24-15-44-28.ids_2,87,0,talking_on_phone,phone,train,train,36051
a_column_co_driver__run2_2018-05-29-14-33-44.ids_2__vp1__ann68__ch1.jpg,a_column_co_driver,1,vp1/run2_2018-05-29-14-33-44.ids_2,68,1,interacting_with_phone,phone,train,train,28406
a_column_co_driver__run2_2018-05-29-14-33-44.ids_2__vp1__ann67__ch3.jpg,a_column_co_driver,1,vp1/run2_2018-05-29-14-33-44.ids_2,67,3,talking_on_phone,phone,train,train,27064
a_column_co_driver__run1_2018-05-22-13-28-51.ids_2__vp4__ann80__ch7.jpg,a_column_co_driver,4,vp4/run1_2018-05-22-13-28-51.ids_2,80,7,interacting_with_phone,phone,train,train,41135
a_column_co_driver__run1b_2018-05-08-08-46-01.ids_2__vp3__ann34__ch3.jpg,a_column_co_driver,3,vp3/run1b_2018-05-08-08-46-01.ids_2,34,3,interacting_with_phone,phone,train,train,18834
a_column_co_driver__run1b_2018-05-29-14-02-47.ids_2__vp1__ann91__ch0.jpg,a_column_co_driver,1,vp1/run1b_2018-05-29-14-02-47.ids_2,91,0,interacting_with_phone,phone,train,train,25859
a_column_co_driver__run1_2018-05-24-13-44-01.ids_2__vp11__ann32__ch15.jpg,a_column_co_driver,11,vp11/run1_2018-05-24-13-44-01.ids_2,32,15,talking_on_phone,phone,train,test,18191
a_column_co_driver__run2_2018-05-22-14-25-04.ids_2__vp4__ann79__ch0.jpg,a_column_co_driver,4,vp4/run2_2018-05-22-14-25-04.ids_2,79,0,interacting_with_phone,phone,train,train,36915
a_column_co_driver__run1_2018-05-24-15-44-28.ids_2__vp12__ann24__ch0.jpg,a_column_co_driver,12,vp12/run1_2018-05-24-15-44-28.ids_2,24,0,interacting_with_phone,phone,train,train,12714
a_column_co_driver__run2_2018-05-23-15-30-27.ids_2__vp8__ann38__ch7.jpg,a_column_co_driver,8,vp8/run2_2018-05-23-15-30-27.ids_2,38,7,talking_on_phone,phone,val,train,12484
a_column_co_driver__run1_2018-05-23-13-16-52.ids_2__vp7__ann36__ch0.jpg,a_column_co_driver,7,vp7/run1_2018-05-23-13-16-52.ids_2,36,0,interacting_with_phone,phone,val,train,14393
a_column_co_driver__run1b_2018-05-23-16-19-17.ids_2__vp9__ann101__ch18.jpg,a_column_co_driver,9,vp9/run1b_2018-05-23-16-19-17.ids_2,101,18,interacting_with_phone,phone,test,train,28050
a_column_co_driver__run1_2018-05-22-15-10-41.ids_2__vp5__ann81__ch5.jpg,a_column_co_driver,5,vp5/run1_2018-05-22-15-10-41.ids_2,81,5,talking_on_phone,phone,train,test,32993
a_column_co_driver__run2_2018-05-23-15-30-27.ids_2__vp8__ann119__ch1.jpg,a_column_co_driver,8,vp8/run2_2018-05-23-15-30-27.ids_2,119,1,interacting_with_phone,phone,val,train,36359
a_column_co_driver__run2_2018-05-30-10-42-33.ids_2__vp14__ann60__ch4.jpg,a_column_co_driver,14,vp14/run2_2018-05-30-10-42-33.ids_2,60,4,interacting_with_phone,phone,test,val,26230
a_column_co_driver__run1_2018-05-24-15-44-28.ids_2__vp12__ann24__ch9.jpg,a_column_co_driver,12,vp12/run1_2018-05-24-15-44-28.ids_2,24,9,interacting_with_phone,phone,train,train,13516
a_column_co_driver__run1b_2018-05-08-08-46-01.ids_2__vp3__ann34__ch7.jpg,a_column_co_driver,3,vp3/run1b_2018-05-08-08-46-01.ids_2,34,7,interacting_with_phone,phone,train,train,19194
a_column_co_driver__run1_2018-05-03-14-08-31.ids_2__vp2__ann26__ch1.jpg,a_column_co_driver,2,vp2/run1_2018-05-03-14-08-31.ids_2,26,1,interacting_with_phone,phone,train,train,16181
a_column_co_driver__run2_2018-05-24-14-08-46.ids_2__vp10__ann20__ch10.jpg,a_column_co_driver,10,vp10/run2_2018-05-24-14-08-46.ids_2,20,10,talking_on_phone,phone,train,train,10828
a_column_co_driver__run2_2018-05-30-13-34-33.ids_2__vp15__ann14__ch17.jpg,a_column_co_driver,15,vp15/run2_2018-05-30-13-34-33.ids_2,14,17,talking_on_phone,phone,train,val,9416
a_column_co_driver__run2_2018-05-24-17-22-26.ids_2__vp2__ann82__ch11.jpg,a_column_co_driver,2,vp2/run2_2018-05-24-17-22-26.ids_2,82,11,talking_on_phone,phone,train,train,38671
a_column_co_driver__run2_2018-05-30-11-34-54.ids_2__vp13__ann33__ch11.jpg,a_column_co_driver,13,vp13/run2_2018-05-30-11-34-54.ids_2,33,11,interacting_with_phone,phone,train,test,16876
a_column_co_driver__run2_2018-05-24-16-21-35.ids_2__vp12__ann54__ch4.jpg,a_column_co_driver,12,vp12/run2_2018-05-24-16-21-35.ids_2,54,4,talking_on_phone,phone,train,train,21479
a_column_co_driver__run1_2018-05-03-14-08-31.ids_2__vp2__ann26__ch3.jpg,a_column_co_driver,2,vp2/run1_2018-05-03-14-08-31.ids_2,26,3,interacting_with_phone,phone,train,train,16361
a_column_co_driver__run1b_2018-05-29-14-02-47.ids_2__vp1__ann20__ch14.jpg,a_column_co_driver,1,vp1/run1b_2018-05-29-14-02-47.ids_2,20,14,interacting_with_phone,phone,train,train,9371
a_column_co_driver__run1b_2018-05-08-08-46-01.ids_2__vp3__ann46__ch0.jpg,a_column_co_driver,3,vp3/run1b_2018-05-08-08-46-01.ids_2,46,0,interacting_with_phone,phone,train,train,22902
a_column_co_driver__run2_2018-05-29-14-33-44.ids_2__vp1__ann67__ch11.jpg,a_column_co_driver,1,vp1/run2_2018-05-29-14-33-44.ids_2,67,11,talking_on_phone,phone,train,train,27786
a_column_co_driver__run1_2018-05-24-15-44-28.ids_2__vp12__ann24__ch3.jpg,a_column_co_driver,12,vp12/run1_2018-05-24-15-44-28.ids_2,24,3,interacting_with_phone,phone,train,train,12983
a_column_co_driver__run2_2018-05-23-15-30-27.ids_2__vp8__ann38__ch8.jpg,a_column_co_driver,8,vp8/run2_2018-05-23-15-30-27.ids_2,38,8,talking_on_phone,phone,val,train,12575
a_column_co_driver__run1_2018-05-22-13-28-51.ids_2__vp4__ann62__ch10.jpg,a_column_co_driver,4,vp4/run1_2018-05-22-13-28-51.ids_2,62,10,talking_on_phone,phone,train,train,35475
a_column_co_driver__run2_2018-05-22-14-25-04.ids_2__vp4__ann54__ch0.jpg,a_column_co_driver,4,vp4/run2_2018-05-22-14-25-04.ids_2,54,0,interacting_with_phone,phone,train,train,29199
a_column_co_driver__run2_2018-05-29-14-33-44.ids_2__vp1__ann92__ch3.jpg,a_column_co_driver,1,vp1/run2_2018-05-29-14-33-44.ids_2,92,3,interacting_with_phone,phone,train,train,40464
a_column_co_driver__run2b_2018-05-23-13-54-07.ids_2__vp7__ann69__ch4.jpg,a_column_co_driver,7,vp7/run2b_2018-05-23-13-54-07.ids_2,69,4,interacting_with_phone,phone,val,train,21746
a_column_co_driver__run1_2018-05-24-13-44-01.ids_2__vp11__ann32__ch4.jpg,a_column_co_driver,11,vp11/run1_2018-05-24-13-44-01.ids_2,32,4,talking_on_phone,phone,train,test,17207
a_column_co_driver__run1_2018-05-24-13-44-01.ids_2__vp11__ann32__ch9.jpg,a_column_co_driver,11,vp11/run1_2018-05-24-13-44-01.ids_2,32,9,talking_on_phone,phone,train,test,17654
a_column_co_driver__run1_2018-05-23-13-16-52.ids_2__vp7__ann38__ch2.jpg,a_column_co_driver,7,vp7/run1_2018-05-23-13-16-52.ids_2,38,2,interacting_with_phone,phone,val,train,14954
a_column_co_driver__run2b_2018-05-22-15-50-07.ids_2__vp5__ann107__ch1.jpg,a_column_co_driver,5,vp5/run2b_2018-05-22-15-50-07.ids_2,107,1,interacting_with_phone,phone,train,test,36396
a_column_co_driver__run2_2018-05-22-14-25-04.ids_2__vp4__ann96__ch0.jpg,a_column_co_driver,4,vp4/run2_2018-05-22-14-25-04.ids_2,96,0,interacting_with_phone,phone,train,train,46225
a_column_co_driver__run1_2018-05-24-13-44-01.ids_2__vp11__ann32__ch11.jpg,a_column_co_driver,11,vp11/run1_2018-05-24-13-44-01.ids_2,32,11,talking_on_phone,phone,train,test,17835
a_column_co_driver__run2_2018-05-24-14-08-46.ids_2__vp10__ann20__ch0.jpg,a_column_co_driver,10,vp10/run2_2018-05-24-14-08-46.ids_2,20,0,talking_on_phone,phone,train,train,9967
a_column_co_driver__run2_2018-05-24-14-08-46.ids_2__vp10__ann19__ch1.jpg,a_column_co_driver,10,vp10/run2_2018-05-24-14-08-46.ids_2,19,1,interacting_with_phone,phone,train,train,9476
a_column_co_driver__run2_2018-05-30-11-34-54.ids_2__vp13__ann39__ch16.jpg,a_column_co_driver,13,vp13/run2_2018-05-30-11-34-54.ids_2,39,16,talking_on_phone,phone,train,test,19742
a_column_co_driver__run1_2018-05-23-10-21-45.ids_2__vp6__ann47__ch13.jpg,a_column_co_driver,6,vp6/run1_2018-05-23-10-21-45.ids_2,47,13,interacting_with_phone,phone,train,train,25851
a_column_co_driver__run1_2018-05-22-13-28-51.ids_2__vp4__ann80__ch8.jpg,a_column_co_driver,4,vp4/run1_2018-05-22-13-28-51.ids_2,80,8,interacting_with_phone,phone,train,train,41225
a_column_co_driver__run2_2018-05-29-16-03-37.ids_2__vp3__ann33__ch4.jpg,a_column_co_driver,3,vp3/run2_2018-05-29-16-03-37.ids_2,33,4,interacting_with_phone,phone,train,train,16452
a_column_co_driver__run1_2018-05-30-10-11-09.ids_2__vp14__ann71__ch2.jpg,a_column_co_driver,14,vp14/run1_2018-05-30-10-11-09.ids_2,71,2,interacting_with_phone,phone,test,val,26574
a_column_co_driver__run1_2018-05-24-13-44-01.ids_2__vp11__ann32__ch14.jpg,a_column_co_driver,11,vp11/run1_2018-05-24-13-44-01.ids_2,32,14,talking_on_phone,phone,train,test,18102
a_column_co_driver__run1b_2018-05-23-16-19-17.ids_2__vp9__ann101__ch1.jpg,a_column_co_driver,9,vp9/run1b_2018-05-23-16-19-17.ids_2,101,1,interacting_with_phone,phone,test,train,26523
a_column_co_driver__run2b_2018-05-22-15-50-07.ids_2__vp5__ann107__ch2.jpg,a_column_co_driver,5,vp5/run2b_2018-05-22-15-50-07.ids_2,107,2,interacting_with_phone,phone,train,test,36488
a_column_co_driver__run2_2018-05-24-14-08-46.ids_2__vp10__ann115__ch4.jpg,a_column_co_driver,10,vp10/run2_2018-05-24-14-08-46.ids_2,115,4,interacting_with_phone,phone,train,train,38480
a_column_co_driver__run2_2018-05-24-17-22-26.ids_2__vp2__ann62__ch4.jpg,a_column_co_driver,2,vp2/run2_2018-05-24-17-22-26.ids_2,62,4,interacting_with_phone,phone,train,train,26842
a_column_co_driver__run1_2018-05-30-10-11-09.ids_2__vp14__ann98__ch9.jpg,a_column_co_driver,14,vp14/run1_2018-05-30-10-11-09.ids_2,98,9,interacting_with_phone,phone,test,val,45321
a_column_co_driver__run2_2018-05-23-15-30-27.ids_2__vp8__ann39__ch0.jpg,a_column_co_driver,8,vp8/run2_2018-05-23-15-30-27.ids_2,39,0,interacting_with_phone,phone,val,train,13417
a_column_co_driver__run1b_2018-05-29-14-02-47.ids_2__vp1__ann20__ch1.jpg,a_column_co_driver,1,vp1/run1b_2018-05-29-14-02-47.ids_2,20,1,interacting_with_phone,phone,train,train,8203
a_column_co_driver__run1_2018-05-29-15-21-10.ids_2__vp13__ann60__ch10.jpg,a_column_co_driver,13,vp13/run1_2018-05-29-15-21-10.ids_2,60,10,interacting_with_phone,phone,train,test,30704
a_column_co_driver__run1_2018-05-30-10-11-09.ids_2__vp14__ann98__ch5.jpg,a_column_co_driver,14,vp14/run1_2018-05-30-10-11-09.ids_2,98,5,interacting_with_phone,phone,test,val,44961
a_column_co_driver__run1_2018-05-03-14-08-31.ids_2__vp2__ann27__ch4.jpg,a_column_co_driver,2,vp2/run1_2018-05-03-14-08-31.ids_2,27,4,talking_on_phone,phone,train,train,17789
a_column_co_driver__run1_2018-05-22-13-28-51.ids_2__vp4__ann80__ch12.jpg,a_column_co_driver,4,vp4/run1_2018-05-22-13-28-51.ids_2,80,12,interacting_with_phone,phone,train,train,41586
a_column_co_driver__run2_2018-05-29-14-33-44.ids_2__vp1__ann67__ch5.jpg,a_column_co_driver,1,vp1/run2_2018-05-29-14-33-44.ids_2,67,5,talking_on_phone,phone,train,train,27246
a_column_co_driver__run1_2018-05-24-15-44-28.ids_2__vp12__ann87__ch6.jpg,a_column_co_driver,12,vp12/run1_2018-05-24-15-44-28.ids_2,87,6,talking_on_phone,phone,train,train,36590
a_column_co_driver__run1_2018-05-24-13-14-41.ids_2__vp10__ann62__ch4.jpg,a_column_co_driver,10,vp10/run1_2018-05-24-13-14-41.ids_2,62,4,talking_on_phone,phone,train,train,20806
a_column_co_driver__run2_2018-05-24-14-08-46.ids_2__vp10__ann19__ch0.jpg,a_column_co_driver,10,vp10/run2_2018-05-24-14-08-46.ids_2,19,0,interacting_with_phone,phone,train,train,9387
a_column_co_driver__run1d_2018-05-23-14-54-38.ids_2__vp8__ann31__ch9.jpg,a_column_co_driver,8,vp8/run1d_2018-05-23-14-54-38.ids_2,31,9,talking_on_phone,phone,val,train,19772
a_column_co_driver__run1_2018-05-03-14-08-31.ids_2__vp2__ann59__ch6.jpg,a_column_co_driver,2,vp2/run1_2018-05-03-14-08-31.ids_2,59,6,interacting_with_phone,phone,train,train,35774
a_column_co_driver__run2b_2018-05-23-13-54-07.ids_2__vp7__ann79__ch0.jpg,a_column_co_driver,7,vp7/run2b_2018-05-23-13-54-07.ids_2,79,0,talking_on_phone,phone,val,train,22690
a_column_co_driver__run1_2018-05-30-10-11-09.ids_2__vp14__ann98__ch8.jpg,a_column_co_driver,14,vp14/run1_2018-05-30-10-11-09.ids_2,98,8,interacting_with_phone,phone,test,val,45230
a_column_co_driver__run2b_2018-05-23-13-54-07.ids_2__vp7__ann81__ch0.jpg,a_column_co_driver,7,vp7/run2b_2018-05-23-13-54-07.ids_2,81,0,talking_on_phone,phone,val,train,23109
a_column_co_driver__run2_2018-05-22-14-25-04.ids_2__vp4__ann81__ch1.jpg,a_column_co_driver,4,vp4/run2_2018-05-22-14-25-04.ids_2,81,1,interacting_with_phone,phone,train,train,37814
a_column_co_driver__run1b_2018-05-29-14-02-47.ids_2__vp1__ann20__ch13.jpg,a_column_co_driver,1,vp1/run1b_2018-05-29-14-02-47.ids_2,20,13,interacting_with_phone,phone,train,train,9281
a_column_co_driver__run1_2018-05-23-13-16-52.ids_2__vp7__ann108__ch5.jpg,a_column_co_driver,7,vp7/run1_2018-05-23-13-16-52.ids_2,108,5,talking_on_phone,phone,val,train,32756
a_column_co_driver__run2_2018-05-30-10-42-33.ids_2__vp14__ann108__ch1.jpg,a_column_co_driver,14,vp14/run2_2018-05-30-10-42-33.ids_2,108,1,interacting_with_phone,phone,test,val,41890
a_column_co_driver__run2_2018-05-23-15-30-27.ids_2__vp8__ann38__ch16.jpg,a_column_co_driver,8,vp8/run2_2018-05-23-15-30-27.ids_2,38,16,talking_on_phone,phone,val,train,13292
a_column_co_driver__run1_2018-05-23-10-21-45.ids_2__vp6__ann95__ch3.jpg,a_column_co_driver,6,vp6/run1_2018-05-23-10-21-45.ids_2,95,3,talking_on_phone,phone,train,train,47666
a_column_co_driver__run2_2018-05-29-16-03-37.ids_2__vp3__ann46__ch1.jpg,a_column_co_driver,3,vp3/run2_2018-05-29-16-03-37.ids_2,46,1,talking_on_phone,phone,train,train,20480
a_column_co_driver__run2_2018-05-30-11-34-54.ids_2__vp13__ann39__ch12.jpg,a_column_co_driver,13,vp13/run2_2018-05-30-11-34-54.ids_2,39,12,talking_on_phone,phone,train,test,19409
a_column_co_driver__run2_2018-05-30-13-34-33.ids_2__vp15__ann14__ch16.jpg,a_column_co_driver,15,vp15/run2_2018-05-30-13-34-33.ids_2,14,16,talking_on_phone,phone,train,val,9326
a_column_co_driver__run2_2018-05-24-14-08-46.ids_2__vp10__ann115__ch12.jpg,a_column_co_driver,10,vp10/run2_2018-05-24-14-08-46.ids_2,115,12,interacting_with_phone,phone,train,train,39199
a_column_co_driver__run2_2018-05-30-11-34-54.ids_2__vp13__ann39__ch1.jpg,a_column_co_driver,13,vp13/run2_2018-05-30-11-34-54.ids_2,39,1,talking_on_phone,phone,train,test,18434
a_column_co_driver__run1_2018-05-24-15-44-28.ids_2__vp12__ann87__ch2.jpg,a_column_co_driver,12,vp12/run1_2018-05-24-15-44-28.ids_2,87,2,talking_on_phone,phone,train,train,36231
a_column_co_driver__run2_2018-05-22-14-25-04.ids_2__vp4__ann94__ch1.jpg,a_column_co_driver,4,vp4/run2_2018-05-22-14-25-04.ids_2,94,1,interacting_with_phone,phone,train,train,45571
a_column_co_driver__run1_2018-05-30-10-11-09.ids_2__vp14__ann98__ch10.jpg,a_column_co_driver,14,vp14/run1_2018-05-30-10-11-09.ids_2,98,10,interacting_with_phone,phone,test,val,45410
a_column_co_driver__run1_2018-05-30-10-11-09.ids_2__vp14__ann98__ch6.jpg,a_column_co_driver,14,vp14/run1_2018-05-30-10-11-09.ids_2,98,6,interacting_with_phone,phone,test,val,45051
a_column_co_driver__run2b_2018-05-22-15-50-07.ids_2__vp5__ann34__ch0.jpg,a_column_co_driver,5,vp5/run2b_2018-05-22-15-50-07.ids_2,34,0,interacting_with_phone,phone,train,test,11561
a_column_co_driver__run1_2018-05-22-13-28-51.ids_2__vp4__ann62__ch12.jpg,a_column_co_driver,4,vp4/run1_2018-05-22-13-28-51.ids_2,62,12,talking_on_phone,phone,train,train,35654
a_column_co_driver__run1_2018-05-29-15-21-10.ids_2__vp13__ann71__ch0.jpg,a_column_co_driver,13,vp13/run1_2018-05-29-15-21-10.ids_2,71,0,interacting_with_phone,phone,train,test,32710
a_column_co_driver__run2b_2018-05-22-15-50-07.ids_2__vp5__ann36__ch0.jpg,a_column_co_driver,5,vp5/run2b_2018-05-22-15-50-07.ids_2,36,0,interacting_with_phone,phone,train,test,12589
a_column_co_driver__run2_2018-05-24-14-08-46.ids_2__vp10__ann115__ch3.jpg,a_column_co_driver,10,vp10/run2_2018-05-24-14-08-46.ids_2,115,3,interacting_with_phone,phone,train,train,38391
a_column_co_driver__run1_2018-05-22-15-10-41.ids_2__vp5__ann81__ch12.jpg,a_column_co_driver,5,vp5/run1_2018-05-22-15-10-41.ids_2,81,12,talking_on_phone,phone,train,test,33625
a_column_co_driver__run1_2018-05-24-15-44-28.ids_2__vp12__ann87__ch8.jpg,a_column_co_driver,12,vp12/run1_2018-05-24-15-44-28.ids_2,87,8,talking_on_phone,phone,train,train,36770
a_column_co_driver__run1_2018-05-03-14-08-31.ids_2__vp2__ann21__ch0.jpg,a_column_co_driver,2,vp2/run1_2018-05-03-14-08-31.ids_2,21,0,interacting_with_phone,phone,train,train,15266
a_column_co_driver__run2_2018-05-24-14-08-46.ids_2__vp10__ann115__ch2.jpg,a_column_co_driver,10,vp10/run2_2018-05-24-14-08-46.ids_2,115,2,interacting_with_phone,phone,train,train,38302
a_column_co_driver__run1_2018-05-30-10-11-09.ids_2__vp14__ann98__ch4.jpg,a_column_co_driver,14,vp14/run1_2018-05-30-10-11-09.ids_2,98,4,interacting_with_phone,phone,test,val,44870
a_column_co_driver__run2_2018-05-24-14-35-56.ids_2__vp11__ann56__ch4.jpg,a_column_co_driver,11,vp11/run2_2018-05-24-14-35-56.ids_2,56,4,talking_on_phone,phone,train,test,14354
a_column_co_driver__run2_2018-05-22-14-25-04.ids_2__vp4__ann96__ch1.jpg,a_column_co_driver,4,vp4/run2_2018-05-22-14-25-04.ids_2,96,1,interacting_with_phone,phone,train,train,46316
a_column_co_driver__run1b_2018-05-29-14-02-47.ids_2__vp1__ann89__ch3.jpg,a_column_co_driver,1,vp1/run1b_2018-05-29-14-02-47.ids_2,89,3,talking_on_phone,phone,train,train,25381
a_column_co_driver__run1_2018-05-23-13-16-52.ids_2__vp7__ann108__ch3.jpg,a_column_co_driver,7,vp7/run1_2018-05-23-13-16-52.ids_2,108,3,talking_on_phone,phone,val,train,32581
a_column_co_driver__run1b_2018-05-29-14-02-47.ids_2__vp1__ann35__ch0.jpg,a_column_co_driver,1,vp1/run1b_2018-05-29-14-02-47.ids_2,35,0,opening_bottle,drink,train,train,12105
a_column_co_driver__run1b_2018-05-29-14-02-47.ids_2__vp1__ann37__ch0.jpg,a_column_co_driver,1,vp1/run1b_2018-05-29-14-02-47.ids_2,37,0,opening_bottle,drink,train,train,12385
a_column_co_driver__run1b_2018-05-29-14-02-47.ids_2__vp1__ann38__ch0.jpg,a_column_co_driver,1,vp1/run1b_2018-05-29-14-02-47.ids_2,38,0,drinking,drink,train,train,12458
a_column_co_driver__run1b_2018-05-29-14-02-47.ids_2__vp1__ann38__ch1.jpg,a_column_co_driver,1,vp1/run1b_2018-05-29-14-02-47.ids_2,38,1,drinking,drink,train,train,12546
a_column_co_driver__run1b_2018-05-29-14-02-47.ids_2__vp1__ann38__ch2.jpg,a_column_co_driver,1,vp1/run1b_2018-05-29-14-02-47.ids_2,38,2,drinking,drink,train,train,12594
a_column_co_driver__run1b_2018-05-29-14-02-47.ids_2__vp1__ann39__ch0.jpg,a_column_co_driver,1,vp1/run1b_2018-05-29-14-02-47.ids_2,39,0,closing_bottle,drink,train,train,12643
a_column_co_driver__run1b_2018-05-29-14-02-47.ids_2__vp1__ann39__ch1.jpg,a_column_co_driver,1,vp1/run1b_2018-05-29-14-02-47.ids_2,39,1,closing_bottle,drink,train,train,12731
a_column_co_driver__run1b_2018-05-29-14-02-47.ids_2__vp1__ann54__ch0.jpg,a_column_co_driver,1,vp1/run1b_2018-05-29-14-02-47.ids_2,54,0,opening_bottle,drink,train,train,16616
a_column_co_driver__run1b_2018-05-29-14-02-47.ids_2__vp1__ann54__ch1.jpg,a_column_co_driver,1,vp1/run1b_2018-05-29-14-02-47.ids_2,54,1,opening_bottle,drink,train,train,16667
a_column_co_driver__run1b_2018-05-29-14-02-47.ids_2__vp1__ann55__ch0.jpg,a_column_co_driver,1,vp1/run1b_2018-05-29-14-02-47.ids_2,55,0,drinking,drink,train,train,16718
a_column_co_driver__run1b_2018-05-29-14-02-47.ids_2__vp1__ann55__ch1.jpg,a_column_co_driver,1,vp1/run1b_2018-05-29-14-02-47.ids_2,55,1,drinking,drink,train,train,16807
a_column_co_driver__run1b_2018-05-29-14-02-47.ids_2__vp1__ann55__ch2.jpg,a_column_co_driver,1,vp1/run1b_2018-05-29-14-02-47.ids_2,55,2,drinking,drink,train,train,16890
a_column_co_driver__run1b_2018-05-29-14-02-47.ids_2__vp1__ann56__ch0.jpg,a_column_co_driver,1,vp1/run1b_2018-05-29-14-02-47.ids_2,56,0,closing_bottle,drink,train,train,16973
a_column_co_driver__run1b_2018-05-29-14-02-47.ids_2__vp1__ann56__ch1.jpg,a_column_co_driver,1,vp1/run1b_2018-05-29-14-02-47.ids_2,56,1,closing_bottle,drink,train,train,17038
a_column_co_driver__run1b_2018-05-29-14-02-47.ids_2__vp1__ann98__ch0.jpg,a_column_co_driver,1,vp1/run1b_2018-05-29-14-02-47.ids_2,98,0,opening_bottle,drink,train,train,26648
a_column_co_driver__run1b_2018-05-29-14-02-47.ids_2__vp1__ann99__ch0.jpg,a_column_co_driver,1,vp1/run1b_2018-05-29-14-02-47.ids_2,99,0,drinking,drink,train,train,26719
a_column_co_driver__run1b_2018-05-29-14-02-47.ids_2__vp1__ann99__ch1.jpg,a_column_co_driver,1,vp1/run1b_2018-05-29-14-02-47.ids_2,99,1,drinking,drink,train,train,26799
a_column_co_driver__run1b_2018-05-29-14-02-47.ids_2__vp1__ann100__ch0.jpg,a_column_co_driver,1,vp1/run1b_2018-05-29-14-02-47.ids_2,100,0,closing_bottle,drink,train,train,26879
a_column_co_driver__run1b_2018-05-29-14-02-47.ids_2__vp1__ann100__ch1.jpg,a_column_co_driver,1,vp1/run1b_2018-05-29-14-02-47.ids_2,100,1,closing_bottle,drink,train,train,26970
a_column_co_driver__run1b_2018-05-29-14-02-47.ids_2__vp1__ann113__ch0.jpg,a_column_co_driver,1,vp1/run1b_2018-05-29-14-02-47.ids_2,113,0,opening_bottle,drink,train,train,28976
a_column_co_driver__run1b_2018-05-29-14-02-47.ids_2__vp1__ann114__ch0.jpg,a_column_co_driver,1,vp1/run1b_2018-05-29-14-02-47.ids_2,114,0,drinking,drink,train,train,29055
a_column_co_driver__run1b_2018-05-29-14-02-47.ids_2__vp1__ann114__ch1.jpg,a_column_co_driver,1,vp1/run1b_2018-05-29-14-02-47.ids_2,114,1,drinking,drink,train,train,29127
a_column_co_driver__run1b_2018-05-29-14-02-47.ids_2__vp1__ann115__ch0.jpg,a_column_co_driver,1,vp1/run1b_2018-05-29-14-02-47.ids_2,115,0,closing_bottle,drink,train,train,29191
a_column_co_driver__run2_2018-05-29-14-33-44.ids_2__vp1__ann45__ch0.jpg,a_column_co_driver,1,vp1/run2_2018-05-29-14-33-44.ids_2,45,0,opening_bottle,drink,train,train,20963
a_column_co_driver__run2_2018-05-29-14-33-44.ids_2__vp1__ann45__ch1.jpg,a_column_co_driver,1,vp1/run2_2018-05-29-14-33-44.ids_2,45,1,opening_bottle,drink,train,train,21012
a_column_co_driver__run2_2018-05-29-14-33-44.ids_2__vp1__ann46__ch0.jpg,a_column_co_driver,1,vp1/run2_2018-05-29-14-33-44.ids_2,46,0,drinking,drink,train,train,21176
a_column_co_driver__run2_2018-05-29-14-33-44.ids_2__vp1__ann46__ch1.jpg,a_column_co_driver,1,vp1/run2_2018-05-29-14-33-44.ids_2,46,1,drinking,drink,train,train,21266
a_column_co_driver__run2_2018-05-29-14-33-44.ids_2__vp1__ann46__ch2.jpg,a_column_co_driver,1,vp1/run2_2018-05-29-14-33-44.ids_2,46,2,drinking,drink,train,train,21325
a_column_co_driver__run2_2018-05-29-14-33-44.ids_2__vp1__ann47__ch0.jpg,a_column_co_driver,1,vp1/run2_2018-05-29-14-33-44.ids_2,47,0,closing_bottle,drink,train,train,21503
a_column_co_driver__run2_2018-05-29-14-33-44.ids_2__vp1__ann47__ch1.jpg,a_column_co_driver,1,vp1/run2_2018-05-29-14-33-44.ids_2,47,1,closing_bottle,drink,train,train,21553
a_column_co_driver__run1_2018-05-03-14-08-31.ids_2__vp2__ann72__ch0.jpg,a_column_co_driver,2,vp2/run1_2018-05-03-14-08-31.ids_2,72,0,opening_bottle,drink,train,train,39831
a_column_co_driver__run1_2018-05-03-14-08-31.ids_2__vp2__ann74__ch0.jpg,a_column_co_driver,2,vp2/run1_2018-05-03-14-08-31.ids_2,74,0,opening_bottle,drink,train,train,40401
a_column_co_driver__run1_2018-05-03-14-08-31.ids_2__vp2__ann75__ch0.jpg,a_column_co_driver,2,vp2/run1_2018-05-03-14-08-31.ids_2,75,0,drinking,drink,train,train,40487
a_column_co_driver__run1_2018-05-03-14-08-31.ids_2__vp2__ann75__ch1.jpg,a_column_co_driver,2,vp2/run1_2018-05-03-14-08-31.ids_2,75,1,drinking,drink,train,train,40577
a_column_co_driver__run1_2018-05-03-14-08-31.ids_2__vp2__ann75__ch2.jpg,a_column_co_driver,2,vp2/run1_2018-05-03-14-08-31.ids_2,75,2,drinking,drink,train,train,40631
a_column_co_driver__run1_2018-05-03-14-08-31.ids_2__vp2__ann76__ch0.jpg,a_column_co_driver,2,vp2/run1_2018-05-03-14-08-31.ids_2,76,0,closing_bottle,drink,train,train,40681
a_column_co_driver__run2_2018-05-24-17-22-26.ids_2__vp2__ann41__ch0.jpg,a_column_co_driver,2,vp2/run2_2018-05-24-17-22-26.ids_2,41,0,opening_bottle,drink,train,train,21046
a_column_co_driver__run2_2018-05-24-17-22-26.ids_2__vp2__ann41__ch1.jpg,a_column_co_driver,2,vp2/run2_2018-05-24-17-22-26.ids_2,41,1,opening_bottle,drink,train,train,21123
a_column_co_driver__run2_2018-05-24-17-22-26.ids_2__vp2__ann42__ch0.jpg,a_column_co_driver,2,vp2/run2_2018-05-24-17-22-26.ids_2,42,0,drinking,drink,train,train,21198
a_column_co_driver__run2_2018-05-24-17-22-26.ids_2__vp2__ann42__ch1.jpg,a_column_co_driver,2,vp2/run2_2018-05-24-17-22-26.ids_2,42,1,drinking,drink,train,train,21288
a_column_co_driver__run2_2018-05-24-17-22-26.ids_2__vp2__ann43__ch0.jpg,a_column_co_driver,2,vp2/run2_2018-05-24-17-22-26.ids_2,43,0,closing_bottle,drink,train,train,21371
a_column_co_driver__run1b_2018-05-08-08-46-01.ids_2__vp3__ann75__ch0.jpg,a_column_co_driver,3,vp3/run1b_2018-05-08-08-46-01.ids_2,75,0,opening_bottle,drink,train,train,31612
a_column_co_driver__run1b_2018-05-08-08-46-01.ids_2__vp3__ann76__ch0.jpg,a_column_co_driver,3,vp3/run1b_2018-05-08-08-46-01.ids_2,76,0,drinking,drink,train,train,31700
a_column_co_driver__run1b_2018-05-08-08-46-01.ids_2__vp3__ann76__ch1.jpg,a_column_co_driver,3,vp3/run1b_2018-05-08-08-46-01.ids_2,76,1,drinking,drink,train,train,31782
a_column_co_driver__run1b_2018-05-08-08-46-01.ids_2__vp3__ann77__ch0.jpg,a_column_co_driver,3,vp3/run1b_2018-05-08-08-46-01.ids_2,77,0,closing_bottle,drink,train,train,31856
a_column_co_driver__run1b_2018-05-08-08-46-01.ids_2__vp3__ann83__ch0.jpg,a_column_co_driver,3,vp3/run1b_2018-05-08-08-46-01.ids_2,83,0,opening_bottle,drink,train,train,33344
a_column_co_driver__run1b_2018-05-08-08-46-01.ids_2__vp3__ann83__ch1.jpg,a_column_co_driver,3,vp3/run1b_2018-05-08-08-46-01.ids_2,83,1,opening_bottle,drink,train,train,33410
a_column_co_driver__run1b_2018-05-08-08-46-01.ids_2__vp3__ann85__ch0.jpg,a_column_co_driver,3,vp3/run1b_2018-05-08-08-46-01.ids_2,85,0,drinking,drink,train,train,33743
a_column_co_driver__run1b_2018-05-08-08-46-01.ids_2__vp3__ann85__ch1.jpg,a_column_co_driver,3,vp3/run1b_2018-05-08-08-46-01.ids_2,85,1,drinking,drink,train,train,33833
a_column_co_driver__run1b_2018-05-08-08-46-01.ids_2__vp3__ann85__ch2.jpg,a_column_co_driver,3,vp3/run1b_2018-05-08-08-46-01.ids_2,85,2,drinking,drink,train,train,33923
a_column_co_driver__run1b_2018-05-08-08-46-01.ids_2__vp3__ann85__ch3.jpg,a_column_co_driver,3,vp3/run1b_2018-05-08-08-46-01.ids_2,85,3,drinking,drink,train,train,34014
a_column_co_driver__run1b_2018-05-08-08-46-01.ids_2__vp3__ann85__ch4.jpg,a_column_co_driver,3,vp3/run1b_2018-05-08-08-46-01.ids_2,85,4,drinking,drink,train,train,34104
a_column_co_driver__run1b_2018-05-08-08-46-01.ids_2__vp3__ann85__ch5.jpg,a_column_co_driver,3,vp3/run1b_2018-05-08-08-46-01.ids_2,85,5,drinking,drink,train,train,34194
a_column_co_driver__run1b_2018-05-08-08-46-01.ids_2__vp3__ann85__ch6.jpg,a_column_co_driver,3,vp3/run1b_2018-05-08-08-46-01.ids_2,85,6,drinking,drink,train,train,34285
a_column_co_driver__run1b_2018-05-08-08-46-01.ids_2__vp3__ann85__ch7.jpg,a_column_co_driver,3,vp3/run1b_2018-05-08-08-46-01.ids_2,85,7,drinking,drink,train,train,34346
a_column_co_driver__run1b_2018-05-08-08-46-01.ids_2__vp3__ann86__ch0.jpg,a_column_co_driver,3,vp3/run1b_2018-05-08-08-46-01.ids_2,86,0,closing_bottle,drink,train,train,34402
a_column_co_driver__run1b_2018-05-08-08-46-01.ids_2__vp3__ann87__ch0.jpg,a_column_co_driver,3,vp3/run1b_2018-05-08-08-46-01.ids_2,87,0,opening_bottle,drink,train,train,34468
a_column_co_driver__run1b_2018-05-08-08-46-01.ids_2__vp3__ann88__ch0.jpg,a_column_co_driver,3,vp3/run1b_2018-05-08-08-46-01.ids_2,88,0,drinking,drink,train,train,34537
a_column_co_driver__run1b_2018-05-08-08-46-01.ids_2__vp3__ann88__ch1.jpg,a_column_co_driver,3,vp3/run1b_2018-05-08-08-46-01.ids_2,88,1,drinking,drink,train,train,34601
a_column_co_driver__run1b_2018-05-08-08-46-01.ids_2__vp3__ann92__ch0.jpg,a_column_co_driver,3,vp3/run1b_2018-05-08-08-46-01.ids_2,92,0,drinking,drink,train,train,35426
a_column_co_driver__run1b_2018-05-08-08-46-01.ids_2__vp3__ann92__ch1.jpg,a_column_co_driver,3,vp3/run1b_2018-05-08-08-46-01.ids_2,92,1,drinking,drink,train,train,35476
a_column_co_driver__run1b_2018-05-08-08-46-01.ids_2__vp3__ann93__ch0.jpg,a_column_co_driver,3,vp3/run1b_2018-05-08-08-46-01.ids_2,93,0,drinking,drink,train,train,35999
a_column_co_driver__run1b_2018-05-08-08-46-01.ids_2__vp3__ann93__ch1.jpg,a_column_co_driver,3,vp3/run1b_2018-05-08-08-46-01.ids_2,93,1,drinking,drink,train,train,36066
a_column_co_driver__run1b_2018-05-08-08-46-01.ids_2__vp3__ann96__ch0.jpg,a_column_co_driver,3,vp3/run1b_2018-05-08-08-46-01.ids_2,96,0,drinking,drink,train,train,36740
a_column_co_driver__run1b_2018-05-08-08-46-01.ids_2__vp3__ann97__ch0.jpg,a_column_co_driver,3,vp3/run1b_2018-05-08-08-46-01.ids_2,97,0,closing_bottle,drink,train,train,36800
a_column_co_driver__run1b_2018-05-08-08-46-01.ids_2__vp3__ann103__ch0.jpg,a_column_co_driver,3,vp3/run1b_2018-05-08-08-46-01.ids_2,103,0,opening_bottle,drink,train,train,38134
a_column_co_driver__run1b_2018-05-08-08-46-01.ids_2__vp3__ann104__ch0.jpg,a_column_co_driver,3,vp3/run1b_2018-05-08-08-46-01.ids_2,104,0,drinking,drink,train,train,38207
a_column_co_driver__run1b_2018-05-08-08-46-01.ids_2__vp3__ann104__ch1.jpg,a_column_co_driver,3,vp3/run1b_2018-05-08-08-46-01.ids_2,104,1,drinking,drink,train,train,38261
a_column_co_driver__run1b_2018-05-08-08-46-01.ids_2__vp3__ann106__ch0.jpg,a_column_co_driver,3,vp3/run1b_2018-05-08-08-46-01.ids_2,106,0,closing_bottle,drink,train,train,38337
a_column_co_driver__run2_2018-05-29-16-03-37.ids_2__vp3__ann81__ch0.jpg,a_column_co_driver,3,vp3/run2_2018-05-29-16-03-37.ids_2,81,0,opening_bottle,drink,train,train,30580
a_column_co_driver__run2_2018-05-29-16-03-37.ids_2__vp3__ann81__ch1.jpg,a_column_co_driver,3,vp3/run2_2018-05-29-16-03-37.ids_2,81,1,opening_bottle,drink,train,train,30649
a_column_co_driver__run2_2018-05-29-16-03-37.ids_2__vp3__ann82__ch0.jpg,a_column_co_driver,3,vp3/run2_2018-05-29-16-03-37.ids_2,82,0,drinking,drink,train,train,30719
a_column_co_driver__run2_2018-05-29-16-03-37.ids_2__vp3__ann82__ch1.jpg,a_column_co_driver,3,vp3/run2_2018-05-29-16-03-37.ids_2,82,1,drinking,drink,train,train,30778
a_column_co_driver__run2_2018-05-29-16-03-37.ids_2__vp3__ann83__ch0.jpg,a_column_co_driver,3,vp3/run2_2018-05-29-16-03-37.ids_2,83,0,closing_bottle,drink,train,train,30808
a_column_co_driver__run1_2018-05-22-13-28-51.ids_2__vp4__ann28__ch0.jpg,a_column_co_driver,4,vp4/run1_2018-05-22-13-28-51.ids_2,28,0,opening_bottle,drink,train,train,17381
a_column_co_driver__run1_2018-05-22-13-28-51.ids_2__vp4__ann28__ch1.jpg,a_column_co_driver,4,vp4/run1_2018-05-22-13-28-51.ids_2,28,1,opening_bottle,drink,train,train,17470
a_column_co_driver__run1_2018-05-22-13-28-51.ids_2__vp4__ann28__ch2.jpg,a_column_co_driver,4,vp4/run1_2018-05-22-13-28-51.ids_2,28,2,opening_bottle,drink,train,train,17560
a_column_co_driver__run1_2018-05-22-13-28-51.ids_2__vp4__ann28__ch3.jpg,a_column_co_driver,4,vp4/run1_2018-05-22-13-28-51.ids_2,28,3,opening_bottle,drink,train,train,17651
a_column_co_driver__run1_2018-05-22-13-28-51.ids_2__vp4__ann29__ch0.jpg,a_column_co_driver,4,vp4/run1_2018-05-22-13-28-51.ids_2,29,0,drinking,drink,train,train,17741
a_column_co_driver__run1_2018-05-22-13-28-51.ids_2__vp4__ann29__ch1.jpg,a_column_co_driver,4,vp4/run1_2018-05-22-13-28-51.ids_2,29,1,drinking,drink,train,train,17830
a_column_co_driver__run1_2018-05-22-13-28-51.ids_2__vp4__ann29__ch2.jpg,a_column_co_driver,4,vp4/run1_2018-05-22-13-28-51.ids_2,29,2,drinking,drink,train,train,17921
a_column_co_driver__run1_2018-05-22-13-28-51.ids_2__vp4__ann30__ch0.jpg,a_column_co_driver,4,vp4/run1_2018-05-22-13-28-51.ids_2,30,0,closing_bottle,drink,train,train,18011
a_column_co_driver__run1_2018-05-22-13-28-51.ids_2__vp4__ann30__ch1.jpg,a_column_co_driver,4,vp4/run1_2018-05-22-13-28-51.ids_2,30,1,closing_bottle,drink,train,train,18067
a_column_co_driver__run2_2018-05-22-14-25-04.ids_2__vp4__ann18__ch0.jpg,a_column_co_driver,4,vp4/run2_2018-05-22-14-25-04.ids_2,18,0,opening_bottle,drink,train,train,17430
a_column_co_driver__run2_2018-05-22-14-25-04.ids_2__vp4__ann19__ch0.jpg,a_column_co_driver,4,vp4/run2_2018-05-22-14-25-04.ids_2,19,0,drinking,drink,train,train,17511
a_column_co_driver__run2_2018-05-22-14-25-04.ids_2__vp4__ann19__ch1.jpg,a_column_co_driver,4,vp4/run2_2018-05-22-14-25-04.ids_2,19,1,drinking,drink,train,train,17600
a_column_co_driver__run2_2018-05-22-14-25-04.ids_2__vp4__ann19__ch2.jpg,a_column_co_driver,4,vp4/run2_2018-05-22-14-25-04.ids_2,19,2,drinking,drink,train,train,17673
a_column_co_driver__run2_2018-05-22-14-25-04.ids_2__vp4__ann20__ch0.jpg,a_column_co_driver,4,vp4/run2_2018-05-22-14-25-04.ids_2,20,0,closing_bottle,drink,train,train,17746
a_column_co_driver__run2_2018-05-22-14-25-04.ids_2__vp4__ann20__ch1.jpg,a_column_co_driver,4,vp4/run2_2018-05-22-14-25-04.ids_2,20,1,closing_bottle,drink,train,train,17803
a_column_co_driver__run1_2018-05-23-10-21-45.ids_2__vp6__ann89__ch0.jpg,a_column_co_driver,6,vp6/run1_2018-05-23-10-21-45.ids_2,89,0,opening_bottle,drink,train,train,46209
a_column_co_driver__run1_2018-05-23-10-21-45.ids_2__vp6__ann89__ch1.jpg,a_column_co_driver,6,vp6/run1_2018-05-23-10-21-45.ids_2,89,1,opening_bottle,drink,train,train,46281
a_column_co_driver__run1_2018-05-23-10-21-45.ids_2__vp6__ann90__ch0.jpg,a_column_co_driver,6,vp6/run1_2018-05-23-10-21-45.ids_2,90,0,drinking,drink,train,train,46355
a_column_co_driver__run1_2018-05-23-10-21-45.ids_2__vp6__ann90__ch1.jpg,a_column_co_driver,6,vp6/run1_2018-05-23-10-21-45.ids_2,90,1,drinking,drink,train,train,46434
a_column_co_driver__run1_2018-05-23-10-21-45.ids_2__vp6__ann91__ch0.jpg,a_column_co_driver,6,vp6/run1_2018-05-23-10-21-45.ids_2,91,0,closing_bottle,drink,train,train,46512
a_column_co_driver__run1_2018-05-23-10-21-45.ids_2__vp6__ann91__ch1.jpg,a_column_co_driver,6,vp6/run1_2018-05-23-10-21-45.ids_2,91,1,closing_bottle,drink,train,train,46564
a_column_co_driver__run2_2018-05-23-11-05-00.ids_2__vp6__ann33__ch0.jpg,a_column_co_driver,6,vp6/run2_2018-05-23-11-05-00.ids_2,33,0,opening_bottle,drink,train,train,17357
a_column_co_driver__run2_2018-05-23-11-05-00.ids_2__vp6__ann33__ch1.jpg,a_column_co_driver,6,vp6/run2_2018-05-23-11-05-00.ids_2,33,1,opening_bottle,drink,train,train,17418
a_column_co_driver__run2_2018-05-23-11-05-00.ids_2__vp6__ann34__ch0.jpg,a_column_co_driver,6,vp6/run2_2018-05-23-11-05-00.ids_2,34,0,drinking,drink,train,train,17479
a_column_co_driver__run2_2018-05-23-11-05-00.ids_2__vp6__ann34__ch1.jpg,a_column_co_driver,6,vp6/run2_2018-05-23-11-05-00.ids_2,34,1,drinking,drink,train,train,17569
a_column_co_driver__run2_2018-05-23-11-05-00.ids_2__vp6__ann34__ch2.jpg,a_column_co_driver,6,vp6/run2_2018-05-23-11-05-00.ids_2,34,2,drinking,drink,train,train,17637
a_column_co_driver__run2_2018-05-23-11-05-00.ids_2__vp6__ann35__ch0.jpg,a_column_co_driver,6,vp6/run2_2018-05-23-11-05-00.ids_2,35,0,closing_bottle,drink,train,train,17704
a_column_co_driver__run2_2018-05-23-11-05-00.ids_2__vp6__ann35__ch1.jpg,a_column_co_driver,6,vp6/run2_2018-05-23-11-05-00.ids_2,35,1,closing_bottle,drink,train,train,17758
a_column_co_driver__run2_2018-05-23-11-05-00.ids_2__vp6__ann48__ch0.jpg,a_column_co_driver,6,vp6/run2_2018-05-23-11-05-00.ids_2,48,0,opening_bottle,drink,train,train,26214
a_column_co_driver__run2_2018-05-23-11-05-00.ids_2__vp6__ann49__ch0.jpg,a_column_co_driver,6,vp6/run2_2018-05-23-11-05-00.ids_2,49,0,drinking,drink,train,train,26295
a_column_co_driver__run2_2018-05-23-11-05-00.ids_2__vp6__ann49__ch1.jpg,a_column_co_driver,6,vp6/run2_2018-05-23-11-05-00.ids_2,49,1,drinking,drink,train,train,26353
a_column_co_driver__run2_2018-05-23-11-05-00.ids_2__vp6__ann50__ch0.jpg,a_column_co_driver,6,vp6/run2_2018-05-23-11-05-00.ids_2,50,0,closing_bottle,drink,train,train,26409
a_column_co_driver__run1_2018-05-23-13-16-52.ids_2__vp7__ann13__ch0.jpg,a_column_co_driver,7,vp7/run1_2018-05-23-13-16-52.ids_2,13,0,opening_bottle,drink,val,train,9562
a_column_co_driver__run1_2018-05-23-13-16-52.ids_2__vp7__ann13__ch1.jpg,a_column_co_driver,7,vp7/run1_2018-05-23-13-16-52.ids_2,13,1,opening_bottle,drink,val,train,9650
a_column_co_driver__run1_2018-05-23-13-16-52.ids_2__vp7__ann13__ch2.jpg,a_column_co_driver,7,vp7/run1_2018-05-23-13-16-52.ids_2,13,2,opening_bottle,drink,val,train,9697
a_column_co_driver__run1_2018-05-23-13-16-52.ids_2__vp7__ann15__ch0.jpg,a_column_co_driver,7,vp7/run1_2018-05-23-13-16-52.ids_2,15,0,opening_bottle,drink,val,train,9835
a_column_co_driver__run1_2018-05-23-13-16-52.ids_2__vp7__ann15__ch1.jpg,a_column_co_driver,7,vp7/run1_2018-05-23-13-16-52.ids_2,15,1,opening_bottle,drink,val,train,9897
a_column_co_driver__run1_2018-05-23-13-16-52.ids_2__vp7__ann16__ch0.jpg,a_column_co_driver,7,vp7/run1_2018-05-23-13-16-52.ids_2,16,0,drinking,drink,val,train,9959
a_column_co_driver__run1_2018-05-23-13-16-52.ids_2__vp7__ann16__ch1.jpg,a_column_co_driver,7,vp7/run1_2018-05-23-13-16-52.ids_2,16,1,drinking,drink,val,train,10045
a_column_co_driver__run1_2018-05-23-13-16-52.ids_2__vp7__ann16__ch2.jpg,a_column_co_driver,7,vp7/run1_2018-05-23-13-16-52.ids_2,16,2,drinking,drink,val,train,10133
a_column_co_driver__run1_2018-05-23-13-16-52.ids_2__vp7__ann16__ch3.jpg,a_column_co_driver,7,vp7/run1_2018-05-23-13-16-52.ids_2,16,3,drinking,drink,val,train,10211
a_column_co_driver__run1_2018-05-23-13-16-52.ids_2__vp7__ann17__ch0.jpg,a_column_co_driver,7,vp7/run1_2018-05-23-13-16-52.ids_2,17,0,closing_bottle,drink,val,train,10289
a_column_co_driver__run1_2018-05-23-13-16-52.ids_2__vp7__ann83__ch0.jpg,a_column_co_driver,7,vp7/run1_2018-05-23-13-16-52.ids_2,83,0,opening_bottle,drink,val,train,26338
a_column_co_driver__run1_2018-05-23-13-16-52.ids_2__vp7__ann83__ch1.jpg,a_column_co_driver,7,vp7/run1_2018-05-23-13-16-52.ids_2,83,1,opening_bottle,drink,val,train,26428
a_column_co_driver__run1_2018-05-23-13-16-52.ids_2__vp7__ann83__ch2.jpg,a_column_co_driver,7,vp7/run1_2018-05-23-13-16-52.ids_2,83,2,opening_bottle,drink,val,train,26517
a_column_co_driver__run1_2018-05-23-13-16-52.ids_2__vp7__ann83__ch3.jpg,a_column_co_driver,7,vp7/run1_2018-05-23-13-16-52.ids_2,83,3,opening_bottle,drink,val,train,26607
a_column_co_driver__run1_2018-05-23-13-16-52.ids_2__vp7__ann83__ch4.jpg,a_column_co_driver,7,vp7/run1_2018-05-23-13-16-52.ids_2,83,4,opening_bottle,drink,val,train,26696
a_column_co_driver__run1_2018-05-23-13-16-52.ids_2__vp7__ann83__ch5.jpg,a_column_co_driver,7,vp7/run1_2018-05-23-13-16-52.ids_2,83,5,opening_bottle,drink,val,train,26746
a_column_co_driver__run1_2018-05-23-13-16-52.ids_2__vp7__ann84__ch0.jpg,a_column_co_driver,7,vp7/run1_2018-05-23-13-16-52.ids_2,84,0,drinking,drink,val,train,26939
a_column_co_driver__run1_2018-05-23-13-16-52.ids_2__vp7__ann84__ch1.jpg,a_column_co_driver,7,vp7/run1_2018-05-23-13-16-52.ids_2,84,1,drinking,drink,val,train,27029
a_column_co_driver__run1_2018-05-23-13-16-52.ids_2__vp7__ann84__ch2.jpg,a_column_co_driver,7,vp7/run1_2018-05-23-13-16-52.ids_2,84,2,drinking,drink,val,train,27109
a_column_co_driver__run1_2018-05-23-13-16-52.ids_2__vp7__ann85__ch0.jpg,a_column_co_driver,7,vp7/run1_2018-05-23-13-16-52.ids_2,85,0,closing_bottle,drink,val,train,27189
a_column_co_driver__run1_2018-05-23-13-16-52.ids_2__vp7__ann85__ch1.jpg,a_column_co_driver,7,vp7/run1_2018-05-23-13-16-52.ids_2,85,1,closing_bottle,drink,val,train,27278
a_column_co_driver__run1_2018-05-23-13-16-52.ids_2__vp7__ann85__ch2.jpg,a_column_co_driver,7,vp7/run1_2018-05-23-13-16-52.ids_2,85,2,closing_bottle,drink,val,train,27363
a_column_co_driver__run2b_2018-05-23-13-54-07.ids_2__vp7__ann36__ch0.jpg,a_column_co_driver,7,vp7/run2b_2018-05-23-13-54-07.ids_2,36,0,opening_bottle,drink,val,train,14227
a_column_co_driver__run2b_2018-05-23-13-54-07.ids_2__vp7__ann37__ch0.jpg,a_column_co_driver,7,vp7/run2b_2018-05-23-13-54-07.ids_2,37,0,drinking,drink,val,train,14294
a_column_co_driver__run2b_2018-05-23-13-54-07.ids_2__vp7__ann37__ch1.jpg,a_column_co_driver,7,vp7/run2b_2018-05-23-13-54-07.ids_2,37,1,drinking,drink,val,train,14383
a_column_co_driver__run2b_2018-05-23-13-54-07.ids_2__vp7__ann37__ch2.jpg,a_column_co_driver,7,vp7/run2b_2018-05-23-13-54-07.ids_2,37,2,drinking,drink,val,train,14474
a_column_co_driver__run2b_2018-05-23-13-54-07.ids_2__vp7__ann37__ch3.jpg,a_column_co_driver,7,vp7/run2b_2018-05-23-13-54-07.ids_2,37,3,drinking,drink,val,train,14562
a_column_co_driver__run2b_2018-05-23-13-54-07.ids_2__vp7__ann37__ch4.jpg,a_column_co_driver,7,vp7/run2b_2018-05-23-13-54-07.ids_2,37,4,drinking,drink,val,train,14644
a_column_co_driver__run2b_2018-05-23-13-54-07.ids_2__vp7__ann38__ch0.jpg,a_column_co_driver,7,vp7/run2b_2018-05-23-13-54-07.ids_2,38,0,closing_bottle,drink,val,train,14729
a_column_co_driver__run2b_2018-05-23-13-54-07.ids_2__vp7__ann38__ch1.jpg,a_column_co_driver,7,vp7/run2b_2018-05-23-13-54-07.ids_2,38,1,closing_bottle,drink,val,train,14796
a_column_co_driver__run1d_2018-05-23-14-54-38.ids_2__vp8__ann64__ch0.jpg,a_column_co_driver,8,vp8/run1d_2018-05-23-14-54-38.ids_2,64,0,opening_bottle,drink,val,train,32948
a_column_co_driver__run1d_2018-05-23-14-54-38.ids_2__vp8__ann65__ch0.jpg,a_column_co_driver,8,vp8/run1d_2018-05-23-14-54-38.ids_2,65,0,drinking,drink,val,train,33032
a_column_co_driver__run1d_2018-05-23-14-54-38.ids_2__vp8__ann65__ch1.jpg,a_column_co_driver,8,vp8/run1d_2018-05-23-14-54-38.ids_2,65,1,drinking,drink,val,train,33121
a_column_co_driver__run1d_2018-05-23-14-54-38.ids_2__vp8__ann65__ch2.jpg,a_column_co_driver,8,vp8/run1d_2018-05-23-14-54-38.ids_2,65,2,drinking,drink,val,train,33204
a_column_co_driver__run1d_2018-05-23-14-54-38.ids_2__vp8__ann66__ch0.jpg,a_column_co_driver,8,vp8/run1d_2018-05-23-14-54-38.ids_2,66,0,closing_bottle,drink,val,train,33285
a_column_co_driver__run1d_2018-05-23-14-54-38.ids_2__vp8__ann85__ch0.jpg,a_column_co_driver,8,vp8/run1d_2018-05-23-14-54-38.ids_2,85,0,opening_bottle,drink,val,train,40913
a_column_co_driver__run1d_2018-05-23-14-54-38.ids_2__vp8__ann86__ch0.jpg,a_column_co_driver,8,vp8/run1d_2018-05-23-14-54-38.ids_2,86,0,drinking,drink,val,train,41002
a_column_co_driver__run1d_2018-05-23-14-54-38.ids_2__vp8__ann86__ch1.jpg,a_column_co_driver,8,vp8/run1d_2018-05-23-14-54-38.ids_2,86,1,drinking,drink,val,train,41092
a_column_co_driver__run1d_2018-05-23-14-54-38.ids_2__vp8__ann86__ch2.jpg,a_column_co_driver,8,vp8/run1d_2018-05-23-14-54-38.ids_2,86,2,drinking,drink,val,train,41181
a_column_co_driver__run1d_2018-05-23-14-54-38.ids_2__vp8__ann86__ch3.jpg,a_column_co_driver,8,vp8/run1d_2018-05-23-14-54-38.ids_2,86,3,drinking,drink,val,train,41265
a_column_co_driver__run1d_2018-05-23-14-54-38.ids_2__vp8__ann87__ch0.jpg,a_column_co_driver,8,vp8/run1d_2018-05-23-14-54-38.ids_2,87,0,closing_bottle,drink,val,train,41348
a_column_co_driver__run2_2018-05-23-15-30-27.ids_2__vp8__ann20__ch0.jpg,a_column_co_driver,8,vp8/run2_2018-05-23-15-30-27.ids_2,20,0,opening_bottle,drink,val,train,8962
a_column_co_driver__run2_2018-05-23-15-30-27.ids_2__vp8__ann21__ch0.jpg,a_column_co_driver,8,vp8/run2_2018-05-23-15-30-27.ids_2,21,0,drinking,drink,val,train,9046
a_column_co_driver__run2_2018-05-23-15-30-27.ids_2__vp8__ann21__ch1.jpg,a_column_co_driver,8,vp8/run2_2018-05-23-15-30-27.ids_2,21,1,drinking,drink,val,train,9135
a_column_co_driver__run2_2018-05-23-15-30-27.ids_2__vp8__ann21__ch2.jpg,a_column_co_driver,8,vp8/run2_2018-05-23-15-30-27.ids_2,21,2,drinking,drink,val,train,9186
a_column_co_driver__run2_2018-05-23-15-30-27.ids_2__vp8__ann22__ch0.jpg,a_column_co_driver,8,vp8/run2_2018-05-23-15-30-27.ids_2,22,0,closing_bottle,drink,val,train,9226
a_column_co_driver__run2_2018-05-23-15-30-27.ids_2__vp8__ann78__ch0.jpg,a_column_co_driver,8,vp8/run2_2018-05-23-15-30-27.ids_2,78,0,opening_bottle,drink,val,train,24212
a_column_co_driver__run1b_2018-05-23-16-19-17.ids_2__vp9__ann12__ch0.jpg,a_column_co_driver,9,vp9/run1b_2018-05-23-16-19-17.ids_2,12,0,opening_bottle,drink,test,train,8128
a_column_co_driver__run1b_2018-05-23-16-19-17.ids_2__vp9__ann12__ch1.jpg,a_column_co_driver,9,vp9/run1b_2018-05-23-16-19-17.ids_2,12,1,opening_bottle,drink,test,train,8201
a_column_co_driver__run1b_2018-05-23-16-19-17.ids_2__vp9__ann13__ch0.jpg,a_column_co_driver,9,vp9/run1b_2018-05-23-16-19-17.ids_2,13,0,drinking,drink,test,train,8273
a_column_co_driver__run1b_2018-05-23-16-19-17.ids_2__vp9__ann13__ch1.jpg,a_column_co_driver,9,vp9/run1b_2018-05-23-16-19-17.ids_2,13,1,drinking,drink,test,train,8321
a_column_co_driver__run1b_2018-05-23-16-19-17.ids_2__vp9__ann14__ch0.jpg,a_column_co_driver,9,vp9/run1b_2018-05-23-16-19-17.ids_2,14,0,closing_bottle,drink,test,train,8370
a_column_co_driver__run1b_2018-05-23-16-19-17.ids_2__vp9__ann14__ch1.jpg,a_column_co_driver,9,vp9/run1b_2018-05-23-16-19-17.ids_2,14,1,closing_bottle,drink,test,train,8430
a_column_co_driver__run1b_2018-05-23-16-19-17.ids_2__vp9__ann17__ch0.jpg,a_column_co_driver,9,vp9/run1b_2018-05-23-16-19-17.ids_2,17,0,opening_bottle,drink,test,train,8982
a_column_co_driver__run1b_2018-05-23-16-19-17.ids_2__vp9__ann17__ch1.jpg,a_column_co_driver,9,vp9/run1b_2018-05-23-16-19-17.ids_2,17,1,opening_bottle,drink,test,train,9063
a_column_co_driver__run1b_2018-05-23-16-19-17.ids_2__vp9__ann18__ch0.jpg,a_column_co_driver,9,vp9/run1b_2018-05-23-16-19-17.ids_2,18,0,drinking,drink,test,train,9143
a_column_co_driver__run1b_2018-05-23-16-19-17.ids_2__vp9__ann18__ch1.jpg,a_column_co_driver,9,vp9/run1b_2018-05-23-16-19-17.ids_2,18,1,drinking,drink,test,train,9195
a_column_co_driver__run1b_2018-05-23-16-19-17.ids_2__vp9__ann19__ch0.jpg,a_column_co_driver,9,vp9/run1b_2018-05-23-16-19-17.ids_2,19,0,closing_bottle,drink,test,train,9247
a_column_co_driver__run1b_2018-05-23-16-19-17.ids_2__vp9__ann19__ch1.jpg,a_column_co_driver,9,vp9/run1b_2018-05-23-16-19-17.ids_2,19,1,closing_bottle,drink,test,train,9299
a_column_co_driver__run1b_2018-05-23-16-19-17.ids_2__vp9__ann90__ch0.jpg,a_column_co_driver,9,vp9/run1b_2018-05-23-16-19-17.ids_2,90,0,opening_bottle,drink,test,train,23092
a_column_co_driver__run1b_2018-05-23-16-19-17.ids_2__vp9__ann90__ch1.jpg,a_column_co_driver,9,vp9/run1b_2018-05-23-16-19-17.ids_2,90,1,opening_bottle,drink,test,train,23154
a_column_co_driver__run1b_2018-05-23-16-19-17.ids_2__vp9__ann91__ch0.jpg,a_column_co_driver,9,vp9/run1b_2018-05-23-16-19-17.ids_2,91,0,drinking,drink,test,train,23215
a_column_co_driver__run1b_2018-05-23-16-19-17.ids_2__vp9__ann91__ch1.jpg,a_column_co_driver,9,vp9/run1b_2018-05-23-16-19-17.ids_2,91,1,drinking,drink,test,train,23304
a_column_co_driver__run1b_2018-05-23-16-19-17.ids_2__vp9__ann91__ch2.jpg,a_column_co_driver,9,vp9/run1b_2018-05-23-16-19-17.ids_2,91,2,drinking,drink,test,train,23393
a_column_co_driver__run1b_2018-05-23-16-19-17.ids_2__vp9__ann91__ch3.jpg,a_column_co_driver,9,vp9/run1b_2018-05-23-16-19-17.ids_2,91,3,drinking,drink,test,train,23475
a_column_co_driver__run1b_2018-05-23-16-19-17.ids_2__vp9__ann92__ch0.jpg,a_column_co_driver,9,vp9/run1b_2018-05-23-16-19-17.ids_2,92,0,closing_bottle,drink,test,train,23557
a_column_co_driver__run1b_2018-05-23-16-19-17.ids_2__vp9__ann92__ch1.jpg,a_column_co_driver,9,vp9/run1b_2018-05-23-16-19-17.ids_2,92,1,closing_bottle,drink,test,train,23621
a_column_co_driver__run1_2018-05-24-13-14-41.ids_2__vp10__ann11__ch0.jpg,a_column_co_driver,10,vp10/run1_2018-05-24-13-14-41.ids_2,11,0,opening_bottle,drink,train,train,9041
a_column_co_driver__run1_2018-05-24-13-14-41.ids_2__vp10__ann11__ch1.jpg,a_column_co_driver,10,vp10/run1_2018-05-24-13-14-41.ids_2,11,1,opening_bottle,drink,train,train,9113
a_column_co_driver__run1_2018-05-24-13-14-41.ids_2__vp10__ann12__ch0.jpg,a_column_co_driver,10,vp10/run1_2018-05-24-13-14-41.ids_2,12,0,drinking,drink,train,train,9189
a_column_co_driver__run1_2018-05-24-13-14-41.ids_2__vp10__ann13__ch0.jpg,a_column_co_driver,10,vp10/run1_2018-05-24-13-14-41.ids_2,13,0,closing_bottle,drink,train,train,9278
a_column_co_driver__run1_2018-05-24-13-14-41.ids_2__vp10__ann13__ch1.jpg,a_column_co_driver,10,vp10/run1_2018-05-24-13-14-41.ids_2,13,1,closing_bottle,drink,train,train,9325
a_column_co_driver__run1_2018-05-24-13-14-41.ids_2__vp10__ann28__ch0.jpg,a_column_co_driver,10,vp10/run1_2018-05-24-13-14-41.ids_2,28,0,opening_bottle,drink,train,train,11834
a_column_co_driver__run1_2018-05-24-13-14-41.ids_2__vp10__ann28__ch1.jpg,a_column_co_driver,10,vp10/run1_2018-05-24-13-14-41.ids_2,28,1,opening_bottle,drink,train,train,11888
a_column_co_driver__run1_2018-05-24-13-14-41.ids_2__vp10__ann29__ch0.jpg,a_column_co_driver,10,vp10/run1_2018-05-24-13-14-41.ids_2,29,0,drinking,drink,train,train,11934
a_column_co_driver__run1_2018-05-24-13-14-41.ids_2__vp10__ann30__ch0.jpg,a_column_co_driver,10,vp10/run1_2018-05-24-13-14-41.ids_2,30,0,closing_bottle,drink,train,train,12018
a_column_co_driver__run1_2018-05-24-13-14-41.ids_2__vp10__ann30__ch1.jpg,a_column_co_driver,10,vp10/run1_2018-05-24-13-14-41.ids_2,30,1,closing_bottle,drink,train,train,12067
a_column_co_driver__run1_2018-05-24-13-14-41.ids_2__vp10__ann45__ch0.jpg,a_column_co_driver,10,vp10/run1_2018-05-24-13-14-41.ids_2,45,0,opening_bottle,drink,train,train,15273
a_column_co_driver__run1_2018-05-24-13-14-41.ids_2__vp10__ann46__ch0.jpg,a_column_co_driver,10,vp10/run1_2018-05-24-13-14-41.ids_2,46,0,drinking,drink,train,train,15354
a_column_co_driver__run1_2018-05-24-13-14-41.ids_2__vp10__ann47__ch0.jpg,a_column_co_driver,10,vp10/run1_2018-05-24-13-14-41.ids_2,47,0,closing_bottle,drink,train,train,15441
a_column_co_driver__run1_2018-05-24-13-14-41.ids_2__vp10__ann47__ch1.jpg,a_column_co_driver,10,vp10/run1_2018-05-24-13-14-41.ids_2,47,1,closing_bottle,drink,train,train,15489
a_column_co_driver__run1_2018-05-24-13-14-41.ids_2__vp10__ann102__ch0.jpg,a_column_co_driver,10,vp10/run1_2018-05-24-13-14-41.ids_2,102,0,opening_bottle,drink,train,train,36661
a_column_co_driver__run1_2018-05-24-13-14-41.ids_2__vp10__ann103__ch0.jpg,a_column_co_driver,10,vp10/run1_2018-05-24-13-14-41.ids_2,103,0,drinking,drink,train,train,36751
a_column_co_driver__run1_2018-05-24-13-14-41.ids_2__vp10__ann104__ch0.jpg,a_column_co_driver,10,vp10/run1_2018-05-24-13-14-41.ids_2,104,0,closing_bottle,drink,train,train,36841
a_column_co_driver__run1_2018-05-24-13-14-41.ids_2__vp10__ann104__ch1.jpg,a_column_co_driver,10,vp10/run1_2018-05-24-13-14-41.ids_2,104,1,closing_bottle,drink,train,train,36893
a_column_co_driver__run2_2018-05-24-14-08-46.ids_2__vp10__ann94__ch0.jpg,a_column_co_driver,10,vp10/run2_2018-05-24-14-08-46.ids_2,94,0,opening_bottle,drink,train,train,33667
a_column_co_driver__run2_2018-05-24-14-08-46.ids_2__vp10__ann95__ch0.jpg,a_column_co_driver,10,vp10/run2_2018-05-24-14-08-46.ids_2,95,0,drinking,drink,train,train,33837
a_column_co_driver__run2_2018-05-24-14-08-46.ids_2__vp10__ann95__ch1.jpg,a_column_co_driver,10,vp10/run2_2018-05-24-14-08-46.ids_2,95,1,drinking,drink,train,train,33895
a_column_co_driver__run2_2018-05-24-14-08-46.ids_2__vp10__ann96__ch0.jpg,a_column_co_driver,10,vp10/run2_2018-05-24-14-08-46.ids_2,96,0,closing_bottle,drink,train,train,33985
a_column_co_driver__run2_2018-05-24-14-08-46.ids_2__vp10__ann96__ch1.jpg,a_column_co_driver,10,vp10/run2_2018-05-24-14-08-46.ids_2,96,1,closing_bottle,drink,train,train,34075
a_column_co_driver__run2_2018-05-24-14-08-46.ids_2__vp10__ann96__ch2.jpg,a_column_co_driver,10,vp10/run2_2018-05-24-14-08-46.ids_2,96,2,closing_bottle,drink,train,train,34150
a_column_co_driver__run1_2018-05-24-15-44-28.ids_2__vp12__ann35__ch0.jpg,a_column_co_driver,12,vp12/run1_2018-05-24-15-44-28.ids_2,35,0,opening_bottle,drink,train,train,17279
a_column_co_driver__run1_2018-05-24-15-44-28.ids_2__vp12__ann36__ch0.jpg,a_column_co_driver,12,vp12/run1_2018-05-24-15-44-28.ids_2,36,0,drinking,drink,train,train,17369
a_column_co_driver__run1_2018-05-24-15-44-28.ids_2__vp12__ann36__ch1.jpg,a_column_co_driver,12,vp12/run1_2018-05-24-15-44-28.ids_2,36,1,drinking,drink,train,train,17457
a_column_co_driver__run1_2018-05-24-15-44-28.ids_2__vp12__ann36__ch2.jpg,a_column_co_driver,12,vp12/run1_2018-05-24-15-44-28.ids_2,36,2,drinking,drink,train,train,17531
a_column_co_driver__run1_2018-05-24-15-44-28.ids_2__vp12__ann37__ch0.jpg,a_column_co_driver,12,vp12/run1_2018-05-24-15-44-28.ids_2,37,0,closing_bottle,drink,train,train,17605
a_column_co_driver__run1_2018-05-24-15-44-28.ids_2__vp12__ann69__ch0.jpg,a_column_co_driver,12,vp12/run1_2018-05-24-15-44-28.ids_2,69,0,opening_bottle,drink,train,train,30953
a_column_co_driver__run1_2018-05-24-15-44-28.ids_2__vp12__ann70__ch0.jpg,a_column_co_driver,12,vp12/run1_2018-05-24-15-44-28.ids_2,70,0,drinking,drink,train,train,31035
a_column_co_driver__run1_2018-05-24-15-44-28.ids_2__vp12__ann70__ch1.jpg,a_column_co_driver,12,vp12/run1_2018-05-24-15-44-28.ids_2,70,1,drinking,drink,train,train,31126
a_column_co_driver__run1_2018-05-24-15-44-28.ids_2__vp12__ann70__ch2.jpg,a_column_co_driver,12,vp12/run1_2018-05-24-15-44-28.ids_2,70,2,drinking,drink,train,train,31190
a_column_co_driver__run1_2018-05-24-15-44-28.ids_2__vp12__ann71__ch0.jpg,a_column_co_driver,12,vp12/run1_2018-05-24-15-44-28.ids_2,71,0,closing_bottle,drink,train,train,31253
a_column_co_driver__run1_2018-05-24-15-44-28.ids_2__vp12__ann71__ch1.jpg,a_column_co_driver,12,vp12/run1_2018-05-24-15-44-28.ids_2,71,1,closing_bottle,drink,train,train,31305
a_column_co_driver__run2_2018-05-24-16-21-35.ids_2__vp12__ann6__ch0.jpg,a_column_co_driver,12,vp12/run2_2018-05-24-16-21-35.ids_2,6,0,opening_bottle,drink,train,train,7471
a_column_co_driver__run2_2018-05-24-16-21-35.ids_2__vp12__ann6__ch1.jpg,a_column_co_driver,12,vp12/run2_2018-05-24-16-21-35.ids_2,6,1,opening_bottle,drink,train,train,7549
a_column_co_driver__run2_2018-05-24-16-21-35.ids_2__vp12__ann7__ch0.jpg,a_column_co_driver,12,vp12/run2_2018-05-24-16-21-35.ids_2,7,0,drinking,drink,train,train,7624
a_column_co_driver__run2_2018-05-24-16-21-35.ids_2__vp12__ann7__ch1.jpg,a_column_co_driver,12,vp12/run2_2018-05-24-16-21-35.ids_2,7,1,drinking,drink,train,train,7713
a_column_co_driver__run2_2018-05-24-16-21-35.ids_2__vp12__ann7__ch2.jpg,a_column_co_driver,12,vp12/run2_2018-05-24-16-21-35.ids_2,7,2,drinking,drink,train,train,7783
a_column_co_driver__run2_2018-05-24-16-21-35.ids_2__vp12__ann8__ch0.jpg,a_column_co_driver,12,vp12/run2_2018-05-24-16-21-35.ids_2,8,0,closing_bottle,drink,train,train,7854
a_column_co_driver__run2_2018-05-24-16-21-35.ids_2__vp12__ann8__ch1.jpg,a_column_co_driver,12,vp12/run2_2018-05-24-16-21-35.ids_2,8,1,closing_bottle,drink,train,train,7939
a_column_co_driver__run2_2018-05-24-16-21-35.ids_2__vp12__ann26__ch0.jpg,a_column_co_driver,12,vp12/run2_2018-05-24-16-21-35.ids_2,26,0,opening_bottle,drink,train,train,12266
a_column_co_driver__run2_2018-05-24-16-21-35.ids_2__vp12__ann26__ch1.jpg,a_column_co_driver,12,vp12/run2_2018-05-24-16-21-35.ids_2,26,1,opening_bottle,drink,train,train,12320
a_column_co_driver__run2_2018-05-24-16-21-35.ids_2__vp12__ann27__ch0.jpg,a_column_co_driver,12,vp12/run2_2018-05-24-16-21-35.ids_2,27,0,drinking,drink,train,train,12373
a_column_co_driver__run2_2018-05-24-16-21-35.ids_2__vp12__ann27__ch1.jpg,a_column_co_driver,12,vp12/run2_2018-05-24-16-21-35.ids_2,27,1,drinking,drink,train,train,12462
a_column_co_driver__run2_2018-05-24-16-21-35.ids_2__vp12__ann27__ch2.jpg,a_column_co_driver,12,vp12/run2_2018-05-24-16-21-35.ids_2,27,2,drinking,drink,train,train,12551
a_column_co_driver__run2_2018-05-24-16-21-35.ids_2__vp12__ann27__ch3.jpg,a_column_co_driver,12,vp12/run2_2018-05-24-16-21-35.ids_2,27,3,drinking,drink,train,train,12641
a_column_co_driver__run2_2018-05-24-16-21-35.ids_2__vp12__ann27__ch4.jpg,a_column_co_driver,12,vp12/run2_2018-05-24-16-21-35.ids_2,27,4,drinking,drink,train,train,12730
a_column_co_driver__run2_2018-05-24-16-21-35.ids_2__vp12__ann27__ch5.jpg,a_column_co_driver,12,vp12/run2_2018-05-24-16-21-35.ids_2,27,5,drinking,drink,train,train,12819
a_column_co_driver__run2_2018-05-24-16-21-35.ids_2__vp12__ann27__ch6.jpg,a_column_co_driver,12,vp12/run2_2018-05-24-16-21-35.ids_2,27,6,drinking,drink,train,train,12890
a_column_co_driver__run2_2018-05-24-16-21-35.ids_2__vp12__ann28__ch0.jpg,a_column_co_driver,12,vp12/run2_2018-05-24-16-21-35.ids_2,28,0,closing_bottle,drink,train,train,12955
a_column_co_driver__run2_2018-05-24-16-21-35.ids_2__vp12__ann78__ch0.jpg,a_column_co_driver,12,vp12/run2_2018-05-24-16-21-35.ids_2,78,0,opening_bottle,drink,train,train,32017
a_column_co_driver__run2_2018-05-24-16-21-35.ids_2__vp12__ann79__ch0.jpg,a_column_co_driver,12,vp12/run2_2018-05-24-16-21-35.ids_2,79,0,drinking,drink,train,train,32109
a_column_co_driver__run2_2018-05-24-16-21-35.ids_2__vp12__ann79__ch1.jpg,a_column_co_driver,12,vp12/run2_2018-05-24-16-21-35.ids_2,79,1,drinking,drink,train,train,32198
a_column_co_driver__run2_2018-05-24-16-21-35.ids_2__vp12__ann79__ch2.jpg,a_column_co_driver,12,vp12/run2_2018-05-24-16-21-35.ids_2,79,2,drinking,drink,train,train,32279
a_column_co_driver__run2_2018-05-24-16-21-35.ids_2__vp12__ann80__ch0.jpg,a_column_co_driver,12,vp12/run2_2018-05-24-16-21-35.ids_2,80,0,closing_bottle,drink,train,train,32360
a_column_co_driver__run2_2018-05-24-16-21-35.ids_2__vp12__ann80__ch1.jpg,a_column_co_driver,12,vp12/run2_2018-05-24-16-21-35.ids_2,80,1,closing_bottle,drink,train,train,32429
a_column_co_driver__run2_2018-05-24-16-21-35.ids_2__vp12__ann87__ch0.jpg,a_column_co_driver,12,vp12/run2_2018-05-24-16-21-35.ids_2,87,0,opening_bottle,drink,train,train,35063
a_column_co_driver__run2_2018-05-24-16-21-35.ids_2__vp12__ann87__ch1.jpg,a_column_co_driver,12,vp12/run2_2018-05-24-16-21-35.ids_2,87,1,opening_bottle,drink,train,train,35149
a_column_co_driver__run2_2018-05-24-16-21-35.ids_2__vp12__ann88__ch0.jpg,a_column_co_driver,12,vp12/run2_2018-05-24-16-21-35.ids_2,88,0,drinking,drink,train,train,35235
a_column_co_driver__run2_2018-05-24-16-21-35.ids_2__vp12__ann88__ch1.jpg,a_column_co_driver,12,vp12/run2_2018-05-24-16-21-35.ids_2,88,1,drinking,drink,train,train,35324
a_column_co_driver__run2_2018-05-24-16-21-35.ids_2__vp12__ann88__ch2.jpg,a_column_co_driver,12,vp12/run2_2018-05-24-16-21-35.ids_2,88,2,drinking,drink,train,train,35415
a_column_co_driver__run2_2018-05-24-16-21-35.ids_2__vp12__ann88__ch3.jpg,a_column_co_driver,12,vp12/run2_2018-05-24-16-21-35.ids_2,88,3,drinking,drink,train,train,35489
a_column_co_driver__run2_2018-05-24-16-21-35.ids_2__vp12__ann89__ch0.jpg,a_column_co_driver,12,vp12/run2_2018-05-24-16-21-35.ids_2,89,0,closing_bottle,drink,train,train,35563
a_column_co_driver__run2_2018-05-24-16-21-35.ids_2__vp12__ann89__ch1.jpg,a_column_co_driver,12,vp12/run2_2018-05-24-16-21-35.ids_2,89,1,closing_bottle,drink,train,train,35653
a_column_co_driver__run2_2018-05-24-16-21-35.ids_2__vp12__ann89__ch2.jpg,a_column_co_driver,12,vp12/run2_2018-05-24-16-21-35.ids_2,89,2,closing_bottle,drink,train,train,35742
a_column_co_driver__run2_2018-05-24-16-21-35.ids_2__vp12__ann102__ch0.jpg,a_column_co_driver,12,vp12/run2_2018-05-24-16-21-35.ids_2,102,0,opening_bottle,drink,train,train,41043
a_column_co_driver__run2_2018-05-24-16-21-35.ids_2__vp12__ann102__ch1.jpg,a_column_co_driver,12,vp12/run2_2018-05-24-16-21-35.ids_2,102,1,opening_bottle,drink,train,train,41110
a_column_co_driver__run2_2018-05-24-16-21-35.ids_2__vp12__ann103__ch0.jpg,a_column_co_driver,12,vp12/run2_2018-05-24-16-21-35.ids_2,103,0,drinking,drink,train,train,41178
a_column_co_driver__run2_2018-05-24-16-21-35.ids_2__vp12__ann103__ch1.jpg,a_column_co_driver,12,vp12/run2_2018-05-24-16-21-35.ids_2,103,1,drinking,drink,train,train,41252
a_column_co_driver__run2_2018-05-24-16-21-35.ids_2__vp12__ann104__ch0.jpg,a_column_co_driver,12,vp12/run2_2018-05-24-16-21-35.ids_2,104,0,closing_bottle,drink,train,train,41319
a_column_co_driver__run1_2018-05-30-10-11-09.ids_2__vp14__ann19__ch0.jpg,a_column_co_driver,14,vp14/run1_2018-05-30-10-11-09.ids_2,19,0,opening_bottle,drink,test,val,11481
a_column_co_driver__run1_2018-05-30-10-11-09.ids_2__vp14__ann19__ch1.jpg,a_column_co_driver,14,vp14/run1_2018-05-30-10-11-09.ids_2,19,1,opening_bottle,drink,test,val,11573
a_column_co_driver__run1_2018-05-30-10-11-09.ids_2__vp14__ann19__ch2.jpg,a_column_co_driver,14,vp14/run1_2018-05-30-10-11-09.ids_2,19,2,opening_bottle,drink,test,val,11635
a_column_co_driver__run1_2018-05-30-10-11-09.ids_2__vp14__ann20__ch0.jpg,a_column_co_driver,14,vp14/run1_2018-05-30-10-11-09.ids_2,20,0,drinking,drink,test,val,11697
a_column_co_driver__run1_2018-05-30-10-11-09.ids_2__vp14__ann20__ch1.jpg,a_column_co_driver,14,vp14/run1_2018-05-30-10-11-09.ids_2,20,1,drinking,drink,test,val,11785
a_column_co_driver__run1_2018-05-30-10-11-09.ids_2__vp14__ann20__ch2.jpg,a_column_co_driver,14,vp14/run1_2018-05-30-10-11-09.ids_2,20,2,drinking,drink,test,val,11832
a_column_co_driver__run1_2018-05-30-10-11-09.ids_2__vp14__ann21__ch0.jpg,a_column_co_driver,14,vp14/run1_2018-05-30-10-11-09.ids_2,21,0,closing_bottle,drink,test,val,11881
a_column_co_driver__run1_2018-05-30-10-11-09.ids_2__vp14__ann21__ch1.jpg,a_column_co_driver,14,vp14/run1_2018-05-30-10-11-09.ids_2,21,1,closing_bottle,drink,test,val,11947
a_column_co_driver__run1_2018-05-30-10-11-09.ids_2__vp14__ann52__ch0.jpg,a_column_co_driver,14,vp14/run1_2018-05-30-10-11-09.ids_2,52,0,opening_bottle,drink,test,val,23707
a_column_co_driver__run1_2018-05-30-10-11-09.ids_2__vp14__ann52__ch1.jpg,a_column_co_driver,14,vp14/run1_2018-05-30-10-11-09.ids_2,52,1,opening_bottle,drink,test,val,23761
a_column_co_driver__run1_2018-05-30-10-11-09.ids_2__vp14__ann53__ch0.jpg,a_column_co_driver,14,vp14/run1_2018-05-30-10-11-09.ids_2,53,0,drinking,drink,test,val,23816
a_column_co_driver__run1_2018-05-30-10-11-09.ids_2__vp14__ann53__ch1.jpg,a_column_co_driver,14,vp14/run1_2018-05-30-10-11-09.ids_2,53,1,drinking,drink,test,val,23868
a_column_co_driver__run1_2018-05-30-10-11-09.ids_2__vp14__ann54__ch0.jpg,a_column_co_driver,14,vp14/run1_2018-05-30-10-11-09.ids_2,54,0,closing_bottle,drink,test,val,23916
a_column_co_driver__run2_2018-05-30-10-42-33.ids_2__vp14__ann10__ch0.jpg,a_column_co_driver,14,vp14/run2_2018-05-30-10-42-33.ids_2,10,0,opening_bottle,drink,test,val,7328
a_column_co_driver__run2_2018-05-30-10-42-33.ids_2__vp14__ann10__ch1.jpg,a_column_co_driver,14,vp14/run2_2018-05-30-10-42-33.ids_2,10,1,opening_bottle,drink,test,val,7410
a_column_co_driver__run2_2018-05-30-10-42-33.ids_2__vp14__ann11__ch0.jpg,a_column_co_driver,14,vp14/run2_2018-05-30-10-42-33.ids_2,11,0,drinking,drink,test,val,7494
a_column_co_driver__run2_2018-05-30-10-42-33.ids_2__vp14__ann11__ch1.jpg,a_column_co_driver,14,vp14/run2_2018-05-30-10-42-33.ids_2,11,1,drinking,drink,test,val,7565
a_column_co_driver__run2_2018-05-30-10-42-33.ids_2__vp14__ann12__ch0.jpg,a_column_co_driver,14,vp14/run2_2018-05-30-10-42-33.ids_2,12,0,closing_bottle,drink,test,val,7635
a_column_co_driver__run2_2018-05-30-10-42-33.ids_2__vp14__ann12__ch1.jpg,a_column_co_driver,14,vp14/run2_2018-05-30-10-42-33.ids_2,12,1,closing_bottle,drink,test,val,7709
a_column_co_driver__run2_2018-05-30-10-42-33.ids_2__vp14__ann81__ch0.jpg,a_column_co_driver,14,vp14/run2_2018-05-30-10-42-33.ids_2,81,0,opening_bottle,drink,test,val,31942
a_column_co_driver__run2_2018-05-30-10-42-33.ids_2__vp14__ann81__ch1.jpg,a_column_co_driver,14,vp14/run2_2018-05-30-10-42-33.ids_2,81,1,opening_bottle,drink,test,val,32012
a_column_co_driver__run2_2018-05-30-10-42-33.ids_2__vp14__ann82__ch0.jpg,a_column_co_driver,14,vp14/run2_2018-05-30-10-42-33.ids_2,82,0,drinking,drink,test,val,32082
a_column_co_driver__run2_2018-05-30-10-42-33.ids_2__vp14__ann82__ch1.jpg,a_column_co_driver,14,vp14/run2_2018-05-30-10-42-33.ids_2,82,1,drinking,drink,test,val,32157
a_column_co_driver__run2_2018-05-30-10-42-33.ids_2__vp14__ann83__ch0.jpg,a_column_co_driver,14,vp14/run2_2018-05-30-10-42-33.ids_2,83,0,closing_bottle,drink,test,val,32225
a_column_co_driver__run2_2018-05-30-10-42-33.ids_2__vp14__ann99__ch0.jpg,a_column_co_driver,14,vp14/run2_2018-05-30-10-42-33.ids_2,99,0,opening_bottle,drink,test,val,39721
a_column_co_driver__run2_2018-05-30-10-42-33.ids_2__vp14__ann99__ch1.jpg,a_column_co_driver,14,vp14/run2_2018-05-30-10-42-33.ids_2,99,1,opening_bottle,drink,test,val,39782
a_column_co_driver__run2_2018-05-30-10-42-33.ids_2__vp14__ann100__ch0.jpg,a_column_co_driver,14,vp14/run2_2018-05-30-10-42-33.ids_2,100,0,drinking,drink,test,val,39842
a_column_co_driver__run2_2018-05-30-10-42-33.ids_2__vp14__ann100__ch1.jpg,a_column_co_driver,14,vp14/run2_2018-05-30-10-42-33.ids_2,100,1,drinking,drink,test,val,39932
a_column_co_driver__run2_2018-05-30-10-42-33.ids_2__vp14__ann100__ch2.jpg,a_column_co_driver,14,vp14/run2_2018-05-30-10-42-33.ids_2,100,2,drinking,drink,test,val,40022
a_column_co_driver__run2_2018-05-30-10-42-33.ids_2__vp14__ann100__ch3.jpg,a_column_co_driver,14,vp14/run2_2018-05-30-10-42-33.ids_2,100,3,drinking,drink,test,val,40089
a_column_co_driver__run2_2018-05-30-10-42-33.ids_2__vp14__ann101__ch0.jpg,a_column_co_driver,14,vp14/run2_2018-05-30-10-42-33.ids_2,101,0,closing_bottle,drink,test,val,40154
a_column_co_driver__run2_2018-05-30-10-42-33.ids_2__vp14__ann101__ch1.jpg,a_column_co_driver,14,vp14/run2_2018-05-30-10-42-33.ids_2,101,1,closing_bottle,drink,test,val,40206
a_column_co_driver__run1_2018-05-30-13-05-35.ids_2__vp15__ann15__ch0.jpg,a_column_co_driver,15,vp15/run1_2018-05-30-13-05-35.ids_2,15,0,opening_bottle,drink,train,val,8839
a_column_co_driver__run1_2018-05-30-13-05-35.ids_2__vp15__ann15__ch1.jpg,a_column_co_driver,15,vp15/run1_2018-05-30-13-05-35.ids_2,15,1,opening_bottle,drink,train,val,8895
a_column_co_driver__run1_2018-05-30-13-05-35.ids_2__vp15__ann16__ch0.jpg,a_column_co_driver,15,vp15/run1_2018-05-30-13-05-35.ids_2,16,0,drinking,drink,train,val,8951
a_column_co_driver__run1_2018-05-30-13-05-35.ids_2__vp15__ann16__ch1.jpg,a_column_co_driver,15,vp15/run1_2018-05-30-13-05-35.ids_2,16,1,drinking,drink,train,val,9006
a_column_co_driver__run1_2018-05-30-13-05-35.ids_2__vp15__ann20__ch0.jpg,a_column_co_driver,15,vp15/run1_2018-05-30-13-05-35.ids_2,20,0,drinking,drink,train,val,9918
a_column_co_driver__run1_2018-05-30-13-05-35.ids_2__vp15__ann20__ch1.jpg,a_column_co_driver,15,vp15/run1_2018-05-30-13-05-35.ids_2,20,1,drinking,drink,train,val,9968
a_column_co_driver__run1_2018-05-30-13-05-35.ids_2__vp15__ann21__ch0.jpg,a_column_co_driver,15,vp15/run1_2018-05-30-13-05-35.ids_2,21,0,closing_bottle,drink,train,val,10019
a_column_co_driver__run1_2018-05-30-13-05-35.ids_2__vp15__ann21__ch1.jpg,a_column_co_driver,15,vp15/run1_2018-05-30-13-05-35.ids_2,21,1,closing_bottle,drink,train,val,10068
a_column_co_driver__run1_2018-05-30-13-05-35.ids_2__vp15__ann77__ch0.jpg,a_column_co_driver,15,vp15/run1_2018-05-30-13-05-35.ids_2,77,0,opening_bottle,drink,train,val,20119
a_column_co_driver__run1_2018-05-30-13-05-35.ids_2__vp15__ann77__ch1.jpg,a_column_co_driver,15,vp15/run1_2018-05-30-13-05-35.ids_2,77,1,opening_bottle,drink,train,val,20188
a_column_co_driver__run1_2018-05-30-13-05-35.ids_2__vp15__ann78__ch0.jpg,a_column_co_driver,15,vp15/run1_2018-05-30-13-05-35.ids_2,78,0,drinking,drink,train,val,20256
a_column_co_driver__run1_2018-05-30-13-05-35.ids_2__vp15__ann78__ch1.jpg,a_column_co_driver,15,vp15/run1_2018-05-30-13-05-35.ids_2,78,1,drinking,drink,train,val,20333
a_column_co_driver__run1_2018-05-30-13-05-35.ids_2__vp15__ann79__ch0.jpg,a_column_co_driver,15,vp15/run1_2018-05-30-13-05-35.ids_2,79,0,closing_bottle,drink,train,val,20411
a_column_co_driver__run1_2018-05-30-13-05-35.ids_2__vp15__ann79__ch1.jpg,a_column_co_driver,15,vp15/run1_2018-05-30-13-05-35.ids_2,79,1,closing_bottle,drink,train,val,20503
a_column_co_driver__run1_2018-05-30-13-05-35.ids_2__vp15__ann79__ch2.jpg,a_column_co_driver,15,vp15/run1_2018-05-30-13-05-35.ids_2,79,2,closing_bottle,drink,train,val,20570
a_column_co_driver__run2_2018-05-30-13-34-33.ids_2__vp15__ann22__ch0.jpg,a_column_co_driver,15,vp15/run2_2018-05-30-13-34-33.ids_2,22,0,opening_bottle,drink,train,val,11237
a_column_co_driver__run2_2018-05-30-13-34-33.ids_2__vp15__ann22__ch1.jpg,a_column_co_driver,15,vp15/run2_2018-05-30-13-34-33.ids_2,22,1,opening_bottle,drink,train,val,11294
a_column_co_driver__run2_2018-05-30-13-34-33.ids_2__vp15__ann23__ch0.jpg,a_column_co_driver,15,vp15/run2_2018-05-30-13-34-33.ids_2,23,0,drinking,drink,train,val,11351
a_column_co_driver__run2_2018-05-30-13-34-33.ids_2__vp15__ann23__ch1.jpg,a_column_co_driver,15,vp15/run2_2018-05-30-13-34-33.ids_2,23,1,drinking,drink,train,val,11409
a_column_co_driver__run2_2018-05-30-13-34-33.ids_2__vp15__ann24__ch0.jpg,a_column_co_driver,15,vp15/run2_2018-05-30-13-34-33.ids_2,24,0,closing_bottle,drink,train,val,11437
a_column_co_driver__run2_2018-05-30-13-34-33.ids_2__vp15__ann33__ch0.jpg,a_column_co_driver,15,vp15/run2_2018-05-30-13-34-33.ids_2,33,0,opening_bottle,drink,train,val,12688
a_column_co_driver__run2_2018-05-30-13-34-33.ids_2__vp15__ann34__ch0.jpg,a_column_co_driver,15,vp15/run2_2018-05-30-13-34-33.ids_2,34,0,drinking,drink,train,val,12760
a_column_co_driver__run2_2018-05-30-13-34-33.ids_2__vp15__ann35__ch0.jpg,a_column_co_driver,15,vp15/run2_2018-05-30-13-34-33.ids_2,35,0,closing_bottle,drink,train,val,12832
a_column_co_driver__run1_2018-05-22-15-10-41.ids_2__vp5__ann33__ch0.jpg,a_column_co_driver,5,vp5/run1_2018-05-22-15-10-41.ids_2,33,0,opening_bottle,drink,train,test,17890
a_column_co_driver__run1_2018-05-22-15-10-41.ids_2__vp5__ann33__ch1.jpg,a_column_co_driver,5,vp5/run1_2018-05-22-15-10-41.ids_2,33,1,opening_bottle,drink,train,test,17981
a_column_co_driver__run1_2018-05-22-15-10-41.ids_2__vp5__ann33__ch2.jpg,a_column_co_driver,5,vp5/run1_2018-05-22-15-10-41.ids_2,33,2,opening_bottle,drink,train,test,18072
a_column_co_driver__run1_2018-05-22-15-10-41.ids_2__vp5__ann33__ch3.jpg,a_column_co_driver,5,vp5/run1_2018-05-22-15-10-41.ids_2,33,3,opening_bottle,drink,train,test,18157
a_column_co_driver__run1_2018-05-22-15-10-41.ids_2__vp5__ann35__ch0.jpg,a_column_co_driver,5,vp5/run1_2018-05-22-15-10-41.ids_2,35,0,drinking,drink,train,test,18774
a_column_co_driver__run1_2018-05-22-15-10-41.ids_2__vp5__ann35__ch1.jpg,a_column_co_driver,5,vp5/run1_2018-05-22-15-10-41.ids_2,35,1,drinking,drink,train,test,18864
a_column_co_driver__run1_2018-05-22-15-10-41.ids_2__vp5__ann35__ch2.jpg,a_column_co_driver,5,vp5/run1_2018-05-22-15-10-41.ids_2,35,2,drinking,drink,train,test,18925
a_column_co_driver__run1_2018-05-22-15-10-41.ids_2__vp5__ann36__ch0.jpg,a_column_co_driver,5,vp5/run1_2018-05-22-15-10-41.ids_2,36,0,closing_bottle,drink,train,test,18986
a_column_co_driver__run1_2018-05-22-15-10-41.ids_2__vp5__ann36__ch1.jpg,a_column_co_driver,5,vp5/run1_2018-05-22-15-10-41.ids_2,36,1,closing_bottle,drink,train,test,19073
a_column_co_driver__run2b_2018-05-22-15-50-07.ids_2__vp5__ann71__ch0.jpg,a_column_co_driver,5,vp5/run2b_2018-05-22-15-50-07.ids_2,71,0,opening_bottle,drink,train,test,27197
a_column_co_driver__run2b_2018-05-22-15-50-07.ids_2__vp5__ann72__ch0.jpg,a_column_co_driver,5,vp5/run2b_2018-05-22-15-50-07.ids_2,72,0,drinking,drink,train,test,27373
a_column_co_driver__run2b_2018-05-22-15-50-07.ids_2__vp5__ann72__ch1.jpg,a_column_co_driver,5,vp5/run2b_2018-05-22-15-50-07.ids_2,72,1,drinking,drink,train,test,27441
a_column_co_driver__run2b_2018-05-22-15-50-07.ids_2__vp5__ann73__ch0.jpg,a_column_co_driver,5,vp5/run2b_2018-05-22-15-50-07.ids_2,73,0,closing_bottle,drink,train,test,27499
a_column_co_driver__run2b_2018-05-22-15-50-07.ids_2__vp5__ann78__ch0.jpg,a_column_co_driver,5,vp5/run2b_2018-05-22-15-50-07.ids_2,78,0,opening_bottle,drink,train,test,28871
a_column_co_driver__run2b_2018-05-22-15-50-07.ids_2__vp5__ann79__ch0.jpg,a_column_co_driver,5,vp5/run2b_2018-05-22-15-50-07.ids_2,79,0,drinking,drink,train,test,29017
a_column_co_driver__run2b_2018-05-22-15-50-07.ids_2__vp5__ann79__ch1.jpg,a_column_co_driver,5,vp5/run2b_2018-05-22-15-50-07.ids_2,79,1,drinking,drink,train,test,29086
a_column_co_driver__run2b_2018-05-22-15-50-07.ids_2__vp5__ann80__ch0.jpg,a_column_co_driver,5,vp5/run2b_2018-05-22-15-50-07.ids_2,80,0,closing_bottle,drink,train,test,29145
a_column_co_driver__run1_2018-05-24-13-44-01.ids_2__vp11__ann43__ch0.jpg,a_column_co_driver,11,vp11/run1_2018-05-24-13-44-01.ids_2,43,0,opening_bottle,drink,train,test,20000
a_column_co_driver__run1_2018-05-24-13-44-01.ids_2__vp11__ann43__ch1.jpg,a_column_co_driver,11,vp11/run1_2018-05-24-13-44-01.ids_2,43,1,opening_bottle,drink,train,test,20090
a_column_co_driver__run1_2018-05-24-13-44-01.ids_2__vp11__ann43__ch2.jpg,a_column_co_driver,11,vp11/run1_2018-05-24-13-44-01.ids_2,43,2,opening_bottle,drink,train,test,20178
a_column_co_driver__run1_2018-05-24-13-44-01.ids_2__vp11__ann43__ch3.jpg,a_column_co_driver,11,vp11/run1_2018-05-24-13-44-01.ids_2,43,3,opening_bottle,drink,train,test,20267
a_column_co_driver__run1_2018-05-24-13-44-01.ids_2__vp11__ann43__ch4.jpg,a_column_co_driver,11,vp11/run1_2018-05-24-13-44-01.ids_2,43,4,opening_bottle,drink,train,test,20327
a_column_co_driver__run1_2018-05-24-13-44-01.ids_2__vp11__ann44__ch0.jpg,a_column_co_driver,11,vp11/run1_2018-05-24-13-44-01.ids_2,44,0,drinking,drink,train,test,20381
a_column_co_driver__run1_2018-05-24-13-44-01.ids_2__vp11__ann45__ch0.jpg,a_column_co_driver,11,vp11/run1_2018-05-24-13-44-01.ids_2,45,0,closing_bottle,drink,train,test,20457
a_column_co_driver__run1_2018-05-24-13-44-01.ids_2__vp11__ann46__ch0.jpg,a_column_co_driver,11,vp11/run1_2018-05-24-13-44-01.ids_2,46,0,opening_bottle,drink,train,test,20501
a_column_co_driver__run1_2018-05-24-13-44-01.ids_2__vp11__ann47__ch0.jpg,a_column_co_driver,11,vp11/run1_2018-05-24-13-44-01.ids_2,47,0,drinking,drink,train,test,20554
a_column_co_driver__run1_2018-05-24-13-44-01.ids_2__vp11__ann48__ch0.jpg,a_column_co_driver,11,vp11/run1_2018-05-24-13-44-01.ids_2,48,0,closing_bottle,drink,train,test,20643
a_column_co_driver__run1_2018-05-24-13-44-01.ids_2__vp11__ann48__ch1.jpg,a_column_co_driver,11,vp11/run1_2018-05-24-13-44-01.ids_2,48,1,closing_bottle,drink,train,test,20709
a_column_co_driver__run1_2018-05-24-13-44-01.ids_2__vp11__ann76__ch0.jpg,a_column_co_driver,11,vp11/run1_2018-05-24-13-44-01.ids_2,76,0,opening_bottle,drink,train,test,29974
a_column_co_driver__run1_2018-05-24-13-44-01.ids_2__vp11__ann76__ch1.jpg,a_column_co_driver,11,vp11/run1_2018-05-24-13-44-01.ids_2,76,1,opening_bottle,drink,train,test,30029
a_column_co_driver__run1_2018-05-24-13-44-01.ids_2__vp11__ann77__ch0.jpg,a_column_co_driver,11,vp11/run1_2018-05-24-13-44-01.ids_2,77,0,drinking,drink,train,test,30088
a_column_co_driver__run1_2018-05-24-13-44-01.ids_2__vp11__ann78__ch0.jpg,a_column_co_driver,11,vp11/run1_2018-05-24-13-44-01.ids_2,78,0,closing_bottle,drink,train,test,30178
a_column_co_driver__run2_2018-05-24-14-35-56.ids_2__vp11__ann11__ch0.jpg,a_column_co_driver,11,vp11/run2_2018-05-24-14-35-56.ids_2,11,0,opening_bottle,drink,train,test,6241
a_column_co_driver__run2_2018-05-24-14-35-56.ids_2__vp11__ann13__ch0.jpg,a_column_co_driver,11,vp11/run2_2018-05-24-14-35-56.ids_2,13,0,opening_bottle,drink,train,test,6372
a_column_co_driver__run2_2018-05-24-14-35-56.ids_2__vp11__ann14__ch0.jpg,a_column_co_driver,11,vp11/run2_2018-05-24-14-35-56.ids_2,14,0,drinking,drink,train,test,6442
a_column_co_driver__run2_2018-05-24-14-35-56.ids_2__vp11__ann14__ch1.jpg,a_column_co_driver,11,vp11/run2_2018-05-24-14-35-56.ids_2,14,1,drinking,drink,train,test,6494
a_column_co_driver__run2_2018-05-24-14-35-56.ids_2__vp11__ann15__ch0.jpg,a_column_co_driver,11,vp11/run2_2018-05-24-14-35-56.ids_2,15,0,closing_bottle,drink,train,test,6544
a_column_co_driver__run2_2018-05-24-14-35-56.ids_2__vp11__ann15__ch1.jpg,a_column_co_driver,11,vp11/run2_2018-05-24-14-35-56.ids_2,15,1,closing_bottle,drink,train,test,6633
a_column_co_driver__run2_2018-05-24-14-35-56.ids_2__vp11__ann15__ch2.jpg,a_column_co_driver,11,vp11/run2_2018-05-24-14-35-56.ids_2,15,2,closing_bottle,drink,train,test,6706
a_column_co_driver__run2_2018-05-24-14-35-56.ids_2__vp11__ann44__ch0.jpg,a_column_co_driver,11,vp11/run2_2018-05-24-14-35-56.ids_2,44,0,opening_bottle,drink,train,test,12546
a_column_co_driver__run2_2018-05-24-14-35-56.ids_2__vp11__ann45__ch0.jpg,a_column_co_driver,11,vp11/run2_2018-05-24-14-35-56.ids_2,45,0,drinking,drink,train,test,12631
a_column_co_driver__run2_2018-05-24-14-35-56.ids_2__vp11__ann46__ch0.jpg,a_column_co_driver,11,vp11/run2_2018-05-24-14-35-56.ids_2,46,0,closing_bottle,drink,train,test,12721
a_column_co_driver__run2_2018-05-24-14-35-56.ids_2__vp11__ann46__ch1.jpg,a_column_co_driver,11,vp11/run2_2018-05-24-14-35-56.ids_2,46,1,closing_bottle,drink,train,test,12769
a_column_co_driver__run2_2018-05-24-14-35-56.ids_2__vp11__ann65__ch0.jpg,a_column_co_driver,11,vp11/run2_2018-05-24-14-35-56.ids_2,65,0,opening_bottle,drink,train,test,16768
a_column_co_driver__run2_2018-05-24-14-35-56.ids_2__vp11__ann65__ch1.jpg,a_column_co_driver,11,vp11/run2_2018-05-24-14-35-56.ids_2,65,1,opening_bottle,drink,train,test,16831
a_column_co_driver__run2_2018-05-24-14-35-56.ids_2__vp11__ann66__ch0.jpg,a_column_co_driver,11,vp11/run2_2018-05-24-14-35-56.ids_2,66,0,drinking,drink,train,test,16894
a_column_co_driver__run2_2018-05-24-14-35-56.ids_2__vp11__ann66__ch1.jpg,a_column_co_driver,11,vp11/run2_2018-05-24-14-35-56.ids_2,66,1,drinking,drink,train,test,16943
a_column_co_driver__run2_2018-05-24-14-35-56.ids_2__vp11__ann67__ch0.jpg,a_column_co_driver,11,vp11/run2_2018-05-24-14-35-56.ids_2,67,0,closing_bottle,drink,train,test,16991
a_column_co_driver__run2_2018-05-24-14-35-56.ids_2__vp11__ann67__ch1.jpg,a_column_co_driver,11,vp11/run2_2018-05-24-14-35-56.ids_2,67,1,closing_bottle,drink,train,test,17040
a_column_co_driver__run1_2018-05-29-15-21-10.ids_2__vp13__ann45__ch0.jpg,a_column_co_driver,13,vp13/run1_2018-05-29-15-21-10.ids_2,45,0,opening_bottle,drink,train,test,24516
a_column_co_driver__run1_2018-05-29-15-21-10.ids_2__vp13__ann45__ch1.jpg,a_column_co_driver,13,vp13/run1_2018-05-29-15-21-10.ids_2,45,1,opening_bottle,drink,train,test,24606
a_column_co_driver__run1_2018-05-29-15-21-10.ids_2__vp13__ann45__ch2.jpg,a_column_co_driver,13,vp13/run1_2018-05-29-15-21-10.ids_2,45,2,opening_bottle,drink,train,test,24696
a_column_co_driver__run1_2018-05-29-15-21-10.ids_2__vp13__ann45__ch3.jpg,a_column_co_driver,13,vp13/run1_2018-05-29-15-21-10.ids_2,45,3,opening_bottle,drink,train,test,24787
a_column_co_driver__run1_2018-05-29-15-21-10.ids_2__vp13__ann45__ch4.jpg,a_column_co_driver,13,vp13/run1_2018-05-29-15-21-10.ids_2,45,4,opening_bottle,drink,train,test,24878
a_column_co_driver__run1_2018-05-29-15-21-10.ids_2__vp13__ann45__ch5.jpg,a_column_co_driver,13,vp13/run1_2018-05-29-15-21-10.ids_2,45,5,opening_bottle,drink,train,test,24935
a_column_co_driver__run1_2018-05-29-15-21-10.ids_2__vp13__ann46__ch0.jpg,a_column_co_driver,13,vp13/run1_2018-05-29-15-21-10.ids_2,46,0,drinking,drink,train,test,24989
a_column_co_driver__run1_2018-05-29-15-21-10.ids_2__vp13__ann46__ch1.jpg,a_column_co_driver,13,vp13/run1_2018-05-29-15-21-10.ids_2,46,1,drinking,drink,train,test,25079
a_column_co_driver__run1_2018-05-29-15-21-10.ids_2__vp13__ann46__ch2.jpg,a_column_co_driver,13,vp13/run1_2018-05-29-15-21-10.ids_2,46,2,drinking,drink,train,test,25170
a_column_co_driver__run1_2018-05-29-15-21-10.ids_2__vp13__ann46__ch3.jpg,a_column_co_driver,13,vp13/run1_2018-05-29-15-21-10.ids_2,46,3,drinking,drink,train,test,25260
a_column_co_driver__run1_2018-05-29-15-21-10.ids_2__vp13__ann46__ch4.jpg,a_column_co_driver,13,vp13/run1_2018-05-29-15-21-10.ids_2,46,4,drinking,drink,train,test,25307
a_column_co_driver__run1_2018-05-29-15-21-10.ids_2__vp13__ann47__ch0.jpg,a_column_co_driver,13,vp13/run1_2018-05-29-15-21-10.ids_2,47,0,closing_bottle,drink,train,test,25355
a_column_co_driver__run1_2018-05-29-15-21-10.ids_2__vp13__ann47__ch1.jpg,a_column_co_driver,13,vp13/run1_2018-05-29-15-21-10.ids_2,47,1,closing_bottle,drink,train,test,25432
a_column_co_driver__run2_2018-05-30-11-34-54.ids_2__vp13__ann50__ch0.jpg,a_column_co_driver,13,vp13/run2_2018-05-30-11-34-54.ids_2,50,0,opening_bottle,drink,train,test,22847
a_column_co_driver__run2_2018-05-30-11-34-54.ids_2__vp13__ann50__ch1.jpg,a_column_co_driver,13,vp13/run2_2018-05-30-11-34-54.ids_2,50,1,opening_bottle,drink,train,test,22936
a_column_co_driver__run2_2018-05-30-11-34-54.ids_2__vp13__ann50__ch2.jpg,a_column_co_driver,13,vp13/run2_2018-05-30-11-34-54.ids_2,50,2,opening_bottle,drink,train,test,23026
a_column_co_driver__run2_2018-05-30-11-34-54.ids_2__vp13__ann50__ch3.jpg,a_column_co_driver,13,vp13/run2_2018-05-30-11-34-54.ids_2,50,3,opening_bottle,drink,train,test,23117
a_column_co_driver__run2_2018-05-30-11-34-54.ids_2__vp13__ann50__ch4.jpg,a_column_co_driver,13,vp13/run2_2018-05-30-11-34-54.ids_2,50,4,opening_bottle,drink,train,test,23209
a_column_co_driver__run2_2018-05-30-11-34-54.ids_2__vp13__ann50__ch5.jpg,a_column_co_driver,13,vp13/run2_2018-05-30-11-34-54.ids_2,50,5,opening_bottle,drink,train,test,23259
a_column_co_driver__run2_2018-05-30-11-34-54.ids_2__vp13__ann51__ch0.jpg,a_column_co_driver,13,vp13/run2_2018-05-30-11-34-54.ids_2,51,0,closing_bottle,drink,train,test,23282
a_column_co_driver__run2_2018-05-30-11-34-54.ids_2__vp13__ann55__ch0.jpg,a_column_co_driver,13,vp13/run2_2018-05-30-11-34-54.ids_2,55,0,opening_bottle,drink,train,test,24037
a_column_co_driver__run2_2018-05-30-11-34-54.ids_2__vp13__ann56__ch0.jpg,a_column_co_driver,13,vp13/run2_2018-05-30-11-34-54.ids_2,56,0,drinking,drink,train,test,24102
a_column_co_driver__run2_2018-05-30-11-34-54.ids_2__vp13__ann56__ch1.jpg,a_column_co_driver,13,vp13/run2_2018-05-30-11-34-54.ids_2,56,1,drinking,drink,train,test,24193
a_column_co_driver__run2_2018-05-30-11-34-54.ids_2__vp13__ann56__ch2.jpg,a_column_co_driver,13,vp13/run2_2018-05-30-11-34-54.ids_2,56,2,drinking,drink,train,test,24283
a_column_co_driver__run2_2018-05-30-11-34-54.ids_2__vp13__ann56__ch3.jpg,a_column_co_driver,13,vp13/run2_2018-05-30-11-34-54.ids_2,56,3,drinking,drink,train,test,24367
a_column_co_driver__run2_2018-05-30-11-34-54.ids_2__vp13__ann57__ch0.jpg,a_column_co_driver,13,vp13/run2_2018-05-30-11-34-54.ids_2,57,0,closing_bottle,drink,train,test,24450
a_column_co_driver__run2_2018-05-30-11-34-54.ids_2__vp13__ann57__ch1.jpg,a_column_co_driver,13,vp13/run2_2018-05-30-11-34-54.ids_2,57,1,closing_bottle,drink,train,test,24506
a_column_co_driver__run1b_2018-05-08-08-46-01.ids_2__vp3__ann80__ch1.jpg,a_column_co_driver,3,vp3/run1b_2018-05-08-08-46-01.ids_2,80,1,eating,food,train,train,32141
a_column_co_driver__run1b_2018-05-23-16-19-17.ids_2__vp9__ann28__ch6.jpg,a_column_co_driver,9,vp9/run1b_2018-05-23-16-19-17.ids_2,28,6,eating,food,test,train,10920
a_column_co_driver__run1_2018-05-24-13-44-01.ids_2__vp11__ann85__ch0.jpg,a_column_co_driver,11,vp11/run1_2018-05-24-13-44-01.ids_2,85,0,eating,food,train,test,31275
a_column_co_driver__run2_2018-05-24-16-21-35.ids_2__vp12__ann64__ch5.jpg,a_column_co_driver,12,vp12/run2_2018-05-24-16-21-35.ids_2,64,5,eating,food,train,train,24698
a_column_co_driver__run1_2018-05-23-13-16-52.ids_2__vp7__ann81__ch7.jpg,a_column_co_driver,7,vp7/run1_2018-05-23-13-16-52.ids_2,81,7,eating,food,val,train,25095
a_column_co_driver__run1_2018-05-24-13-44-01.ids_2__vp11__ann94__ch0.jpg,a_column_co_driver,11,vp11/run1_2018-05-24-13-44-01.ids_2,94,0,preparing_food,food,train,test,32575
a_column_co_driver__run2_2018-05-29-14-33-44.ids_2__vp1__ann41__ch5.jpg,a_column_co_driver,1,vp1/run2_2018-05-29-14-33-44.ids_2,41,5,eating,food,train,train,20234
a_column_co_driver__run2_2018-05-24-14-35-56.ids_2__vp11__ann77__ch0.jpg,a_column_co_driver,11,vp11/run2_2018-05-24-14-35-56.ids_2,77,0,eating,food,train,test,18763
a_column_co_driver__run1d_2018-05-23-14-54-38.ids_2__vp8__ann58__ch28.jpg,a_column_co_driver,8,vp8/run1d_2018-05-23-14-54-38.ids_2,58,28,eating,food,val,train,31562
a_column_co_driver__run1_2018-05-30-10-11-09.ids_2__vp14__ann28__ch3.jpg,a_column_co_driver,14,vp14/run1_2018-05-30-10-11-09.ids_2,28,3,eating,food,test,val,13703
a_column_co_driver__run1_2018-05-22-15-10-41.ids_2__vp5__ann32__ch0.jpg,a_column_co_driver,5,vp5/run1_2018-05-22-15-10-41.ids_2,32,0,eating,food,train,test,17765
a_column_co_driver__run2_2018-05-29-16-03-37.ids_2__vp3__ann78__ch3.jpg,a_column_co_driver,3,vp3/run2_2018-05-29-16-03-37.ids_2,78,3,eating,food,train,train,29916
a_column_co_driver__run1_2018-05-22-15-10-41.ids_2__vp5__ann49__ch2.jpg,a_column_co_driver,5,vp5/run1_2018-05-22-15-10-41.ids_2,49,2,eating,food,train,test,21115
a_column_co_driver__run2_2018-05-22-14-25-04.ids_2__vp4__ann104__ch9.jpg,a_column_co_driver,4,vp4/run2_2018-05-22-14-25-04.ids_2,104,9,eating,food,train,train,49086
a_column_co_driver__run2_2018-05-24-17-22-26.ids_2__vp2__ann38__ch3.jpg,a_column_co_driver,2,vp2/run2_2018-05-24-17-22-26.ids_2,38,3,eating,food,train,train,20108
a_column_co_driver__run1b_2018-05-23-16-19-17.ids_2__vp9__ann75__ch2.jpg,a_column_co_driver,9,vp9/run1b_2018-05-23-16-19-17.ids_2,75,2,eating,food,test,train,19554
a_column_co_driver__run2_2018-05-22-14-25-04.ids_2__vp4__ann106__ch0.jpg,a_column_co_driver,4,vp4/run2_2018-05-22-14-25-04.ids_2,106,0,eating,food,train,train,49175
a_column_co_driver__run1_2018-05-22-15-10-41.ids_2__vp5__ann34__ch2.jpg,a_column_co_driver,5,vp5/run1_2018-05-22-15-10-41.ids_2,34,2,eating,food,train,test,18423
a_column_co_driver__run1_2018-05-24-15-44-28.ids_2__vp12__ann42__ch14.jpg,a_column_co_driver,12,vp12/run1_2018-05-24-15-44-28.ids_2,42,14,eating,food,train,train,19650
a_column_co_driver__run1_2018-05-22-15-10-41.ids_2__vp5__ann53__ch3.jpg,a_column_co_driver,5,vp5/run1_2018-05-22-15-10-41.ids_2,53,3,eating,food,train,test,25293
a_column_co_driver__run1_2018-05-22-15-10-41.ids_2__vp5__ann49__ch14.jpg,a_column_co_driver,5,vp5/run1_2018-05-22-15-10-41.ids_2,49,14,eating,food,train,test,22188
a_column_co_driver__run1d_2018-05-23-14-54-38.ids_2__vp8__ann58__ch25.jpg,a_column_co_driver,8,vp8/run1d_2018-05-23-14-54-38.ids_2,58,25,eating,food,val,train,31293
a_column_co_driver__run1d_2018-05-23-14-54-38.ids_2__vp8__ann58__ch17.jpg,a_column_co_driver,8,vp8/run1d_2018-05-23-14-54-38.ids_2,58,17,eating,food,val,train,30574
a_column_co_driver__run1_2018-05-24-13-44-01.ids_2__vp11__ann82__ch2.jpg,a_column_co_driver,11,vp11/run1_2018-05-24-13-44-01.ids_2,82,2,eating,food,train,test,31095
a_column_co_driver__run2_2018-05-24-14-35-56.ids_2__vp11__ann70__ch5.jpg,a_column_co_driver,11,vp11/run2_2018-05-24-14-35-56.ids_2,70,5,eating,food,train,test,17678
a_column_co_driver__run1_2018-05-29-15-21-10.ids_2__vp13__ann39__ch9.jpg,a_column_co_driver,13,vp13/run1_2018-05-29-15-21-10.ids_2,39,9,eating,food,train,test,22480
a_column_co_driver__run1_2018-05-24-15-44-28.ids_2__vp12__ann42__ch9.jpg,a_column_co_driver,12,vp12/run1_2018-05-24-15-44-28.ids_2,42,9,eating,food,train,train,19202
a_column_co_driver__run1_2018-05-30-13-05-35.ids_2__vp15__ann18__ch2.jpg,a_column_co_driver,15,vp15/run1_2018-05-30-13-05-35.ids_2,18,2,eating,food,train,val,9335
a_column_co_driver__run1_2018-05-22-15-10-41.ids_2__vp5__ann105__ch0.jpg,a_column_co_driver,5,vp5/run1_2018-05-22-15-10-41.ids_2,105,0,eating,food,train,test,40975
a_column_co_driver__run2_2018-05-23-15-30-27.ids_2__vp8__ann69__ch5.jpg,a_column_co_driver,8,vp8/run2_2018-05-23-15-30-27.ids_2,69,5,eating,food,val,train,20988
a_column_co_driver__run2_2018-05-23-15-30-27.ids_2__vp8__ann15__ch0.jpg,a_column_co_driver,8,vp8/run2_2018-05-23-15-30-27.ids_2,15,0,preparing_food,food,val,train,7302
a_column_co_driver__run1_2018-05-22-15-10-41.ids_2__vp5__ann49__ch11.jpg,a_column_co_driver,5,vp5/run1_2018-05-22-15-10-41.ids_2,49,11,eating,food,train,test,21920
a_column_co_driver__run1_2018-05-24-13-14-41.ids_2__vp10__ann90__ch1.jpg,a_column_co_driver,10,vp10/run1_2018-05-24-13-14-41.ids_2,90,1,eating,food,train,train,28999
a_column_co_driver__run1_2018-05-30-13-05-35.ids_2__vp15__ann12__ch2.jpg,a_column_co_driver,15,vp15/run1_2018-05-30-13-05-35.ids_2,12,2,eating,food,train,val,8670
a_column_co_driver__run1_2018-05-29-15-21-10.ids_2__vp13__ann39__ch5.jpg,a_column_co_driver,13,vp13/run1_2018-05-29-15-21-10.ids_2,39,5,eating,food,train,test,22121
a_column_co_driver__run2_2018-05-30-10-42-33.ids_2__vp14__ann93__ch33.jpg,a_column_co_driver,14,vp14/run2_2018-05-30-10-42-33.ids_2,93,33,eating,food,test,val,37285
a_column_co_driver__run2_2018-05-24-16-21-35.ids_2__vp12__ann85__ch16.jpg,a_column_co_driver,12,vp12/run2_2018-05-24-16-21-35.ids_2,85,16,eating,food,train,train,34684
a_column_co_driver__run2_2018-05-24-16-21-35.ids_2__vp12__ann99__ch8.jpg,a_column_co_driver,12,vp12/run2_2018-05-24-16-21-35.ids_2,99,8,eating,food,train,train,39955
a_column_co_driver__run2_2018-05-30-13-34-33.ids_2__vp15__ann20__ch2.jpg,a_column_co_driver,15,vp15/run2_2018-05-30-13-34-33.ids_2,20,2,eating,food,train,val,11077
a_column_co_driver__run2_2018-05-22-14-25-04.ids_2__vp4__ann11__ch4.jpg,a_column_co_driver,4,vp4/run2_2018-05-22-14-25-04.ids_2,11,4,eating,food,train,train,12095
a_column_co_driver__run2_2018-05-30-10-42-33.ids_2__vp14__ann78__ch3.jpg,a_column_co_driver,14,vp14/run2_2018-05-30-10-42-33.ids_2,78,3,eating,food,test,val,30720
a_column_co_driver__run1_2018-05-22-13-28-51.ids_2__vp4__ann100__ch0.jpg,a_column_co_driver,4,vp4/run1_2018-05-22-13-28-51.ids_2,100,0,eating,food,train,train,45225
a_column_co_driver__run1_2018-05-22-15-10-41.ids_2__vp5__ann105__ch15.jpg,a_column_co_driver,5,vp5/run1_2018-05-22-15-10-41.ids_2,105,15,eating,food,train,test,42287
a_column_co_driver__run2_2018-05-24-16-21-35.ids_2__vp12__ann64__ch0.jpg,a_column_co_driver,12,vp12/run2_2018-05-24-16-21-35.ids_2,64,0,eating,food,train,train,24252
a_column_co_driver__run1d_2018-05-23-14-54-38.ids_2__vp8__ann58__ch9.jpg,a_column_co_driver,8,vp8/run1d_2018-05-23-14-54-38.ids_2,58,9,eating,food,val,train,29853
a_column_co_driver__run2_2018-05-24-14-35-56.ids_2__vp11__ann77__ch7.jpg,a_column_co_driver,11,vp11/run2_2018-05-24-14-35-56.ids_2,77,7,eating,food,train,test,19393
a_column_co_driver__run2_2018-05-23-15-30-27.ids_2__vp8__ann15__ch1.jpg,a_column_co_driver,8,vp8/run2_2018-05-23-15-30-27.ids_2,15,1,preparing_food,food,val,train,7359
a_column_co_driver__run1b_2018-05-08-08-46-01.ids_2__vp3__ann70__ch7.jpg,a_column_co_driver,3,vp3/run1b_2018-05-08-08-46-01.ids_2,70,7,eating,food,train,train,30878
a_column_co_driver__run1_2018-05-30-13-05-35.ids_2__vp15__ann12__ch0.jpg,a_column_co_driver,15,vp15/run1_2018-05-30-13-05-35.ids_2,12,0,eating,food,train,val,8488
a_column_co_driver__run1_2018-05-24-15-44-28.ids_2__vp12__ann42__ch10.jpg,a_column_co_driver,12,vp12/run1_2018-05-24-15-44-28.ids_2,42,10,eating,food,train,train,19291
a_column_co_driver__run1_2018-05-24-13-14-41.ids_2__vp10__ann16__ch3.jpg,a_column_co_driver,10,vp10/run1_2018-05-24-13-14-41.ids_2,16,3,eating,food,train,train,9758
a_column_co_driver__run1_2018-05-23-13-16-52.ids_2__vp7__ann60__ch5.jpg,a_column_co_driver,7,vp7/run1_2018-05-23-13-16-52.ids_2,60,5,eating,food,val,train,19923
a_column_co_driver__run2_2018-05-23-15-30-27.ids_2__vp8__ann26__ch9.jpg,a_column_co_driver,8,vp8/run2_2018-05-23-15-30-27.ids_2,26,9,eating,food,val,train,10249
a_column_co_driver__run1_2018-05-30-10-11-09.ids_2__vp14__ann86__ch0.jpg,a_column_co_driver,14,vp14/run1_2018-05-30-10-11-09.ids_2,86,0,eating,food,test,val,34510
a_column_co_driver__run1_2018-05-23-13-16-52.ids_2__vp7__ann60__ch4.jpg,a_column_co_driver,7,vp7/run1_2018-05-23-13-16-52.ids_2,60,4,eating,food,val,train,19833
a_column_co_driver__run2_2018-05-30-10-42-33.ids_2__vp14__ann78__ch7.jpg,a_column_co_driver,14,vp14/run2_2018-05-30-10-42-33.ids_2,78,7,eating,food,test,val,31044
a_column_co_driver__run1b_2018-05-08-08-46-01.ids_2__vp3__ann70__ch3.jpg,a_column_co_driver,3,vp3/run1b_2018-05-08-08-46-01.ids_2,70,3,eating,food,train,train,30518
a_column_co_driver__run1_2018-05-22-15-10-41.ids_2__vp5__ann127__ch2.jpg,a_column_co_driver,5,vp5/run1_2018-05-22-15-10-41.ids_2,127,2,eating,food,train,test,47893
a_column_co_driver__run2_2018-05-30-10-42-33.ids_2__vp14__ann93__ch26.jpg,a_column_co_driver,14,vp14/run2_2018-05-30-10-42-33.ids_2,93,26,eating,food,test,val,36656
a_column_co_driver__run2_2018-05-29-14-33-44.ids_2__vp1__ann40__ch0.jpg,a_column_co_driver,1,vp1/run2_2018-05-29-14-33-44.ids_2,40,0,preparing_food,food,train,train,19671
a_column_co_driver__run1_2018-05-24-13-14-41.ids_2__vp10__ann92__ch10.jpg,a_column_co_driver,10,vp10/run1_2018-05-24-13-14-41.ids_2,92,10,eating,food,train,train,32386
a_column_co_driver__run1_2018-05-23-13-16-52.ids_2__vp7__ann81__ch13.jpg,a_column_co_driver,7,vp7/run1_2018-05-23-13-16-52.ids_2,81,13,eating,food,val,train,25639
a_column_co_driver__run1_2018-05-24-15-44-28.ids_2__vp12__ann65__ch1.jpg,a_column_co_driver,12,vp12/run1_2018-05-24-15-44-28.ids_2,65,1,eating,food,train,train,29518
a_column_co_driver__run1_2018-05-30-10-11-09.ids_2__vp14__ann90__ch19.jpg,a_column_co_driver,14,vp14/run1_2018-05-30-10-11-09.ids_2,90,19,eating,food,test,val,39851
a_column_co_driver__run1_2018-05-30-10-11-09.ids_2__vp14__ann16__ch4.jpg,a_column_co_driver,14,vp14/run1_2018-05-30-10-11-09.ids_2,16,4,eating,food,test,val,10901
a_column_co_driver__run1_2018-05-30-13-05-35.ids_2__vp15__ann11__ch1.jpg,a_column_co_driver,15,vp15/run1_2018-05-30-13-05-35.ids_2,11,1,preparing_food,food,train,val,8377
a_column_co_driver__run2_2018-05-30-10-42-33.ids_2__vp14__ann93__ch2.jpg,a_column_co_driver,14,vp14/run2_2018-05-30-10-42-33.ids_2,93,2,eating,food,test,val,34499
a_column_co_driver__run1d_2018-05-23-14-54-38.ids_2__vp8__ann78__ch2.jpg,a_column_co_driver,8,vp8/run1d_2018-05-23-14-54-38.ids_2,78,2,eating,food,val,train,37367
a_column_co_driver__run2_2018-05-24-14-35-56.ids_2__vp11__ann62__ch0.jpg,a_column_co_driver,11,vp11/run2_2018-05-24-14-35-56.ids_2,62,0,preparing_food,food,train,test,16357
a_column_co_driver__run2_2018-05-30-11-34-54.ids_2__vp13__ann48__ch1.jpg,a_column_co_driver,13,vp13/run2_2018-05-30-11-34-54.ids_2,48,1,eating,food,train,test,21364
a_column_co_driver__run1_2018-05-24-13-14-41.ids_2__vp10__ann90__ch11.jpg,a_column_co_driver,10,vp10/run1_2018-05-24-13-14-41.ids_2,90,11,eating,food,train,train,29895
a_column_co_driver__run1_2018-05-30-10-11-09.ids_2__vp14__ann90__ch4.jpg,a_column_co_driver,14,vp14/run1_2018-05-30-10-11-09.ids_2,90,4,eating,food,test,val,38500
a_column_co_driver__run2_2018-05-30-10-42-33.ids_2__vp14__ann78__ch4.jpg,a_column_co_driver,14,vp14/run2_2018-05-30-10-42-33.ids_2,78,4,eating,food,test,val,30810
a_column_co_driver__run2_2018-05-24-14-35-56.ids_2__vp11__ann77__ch9.jpg,a_column_co_driver,11,vp11/run2_2018-05-24-14-35-56.ids_2,77,9,eating,food,train,test,19551
a_column_co_driver__run1_2018-05-24-13-44-01.ids_2__vp11__ann85__ch4.jpg,a_column_co_driver,11,vp11/run1_2018-05-24-13-44-01.ids_2,85,4,eating,food,train,test,31607
a_column_co_driver__run1_2018-05-30-13-05-35.ids_2__vp15__ann11__ch0.jpg,a_column_co_driver,15,vp15/run1_2018-05-30-13-05-35.ids_2,11,0,preparing_food,food,train,val,8287
a_column_co_driver__run1_2018-05-30-10-11-09.ids_2__vp14__ann90__ch17.jpg,a_column_co_driver,14,vp14/run1_2018-05-30-10-11-09.ids_2,90,17,eating,food,test,val,39668
a_column_co_driver__run2_2018-05-30-10-42-33.ids_2__vp14__ann93__ch17.jpg,a_column_co_driver,14,vp14/run2_2018-05-30-10-42-33.ids_2,93,17,eating,food,test,val,35850
a_column_co_driver__run1b_2018-05-08-08-46-01.ids_2__vp3__ann80__ch3.jpg,a_column_co_driver,3,vp3/run1b_2018-05-08-08-46-01.ids_2,80,3,eating,food,train,train,32322
a_column_co_driver__run2_2018-05-24-16-21-35.ids_2__vp12__ann85__ch14.jpg,a_column_co_driver,12,vp12/run2_2018-05-24-16-21-35.ids_2,85,14,eating,food,train,train,34504
a_column_co_driver__run2_2018-05-24-17-22-26.ids_2__vp2__ann38__ch8.jpg,a_column_co_driver,2,vp2/run2_2018-05-24-17-22-26.ids_2,38,8,eating,food,train,train,20563
a_column_co_driver__run1_2018-05-24-13-14-41.ids_2__vp10__ann90__ch2.jpg,a_column_co_driver,10,vp10/run1_2018-05-24-13-14-41.ids_2,90,2,eating,food,train,train,29088
a_column_co_driver__run1_2018-05-30-10-11-09.ids_2__vp14__ann90__ch22.jpg,a_column_co_driver,14,vp14/run1_2018-05-30-10-11-09.ids_2,90,22,eating,food,test,val,40122
a_column_co_driver__run2_2018-05-30-10-42-33.ids_2__vp14__ann93__ch16.jpg,a_column_co_driver,14,vp14/run2_2018-05-30-10-42-33.ids_2,93,16,eating,food,test,val,35762
a_column_co_driver__run1b_2018-05-23-16-19-17.ids_2__vp9__ann25__ch0.jpg,a_column_co_driver,9,vp9/run1b_2018-05-23-16-19-17.ids_2,25,0,preparing_food,food,test,train,9988
a_column_co_driver__run1_2018-05-30-10-11-09.ids_2__vp14__ann90__ch35.jpg,a_column_co_driver,14,vp14/run1_2018-05-30-10-11-09.ids_2,90,35,eating,food,test,val,41254
a_column_co_driver__run1_2018-05-22-15-10-41.ids_2__vp5__ann49__ch31.jpg,a_column_co_driver,5,vp5/run1_2018-05-22-15-10-41.ids_2,49,31,eating,food,train,test,23717
a_column_co_driver__run1_2018-05-24-13-14-41.ids_2__vp10__ann21__ch0.jpg,a_column_co_driver,10,vp10/run1_2018-05-24-13-14-41.ids_2,21,0,eating,food,train,train,10941
a_column_co_driver__run2_2018-05-30-10-42-33.ids_2__vp14__ann93__ch25.jpg,a_column_co_driver,14,vp14/run2_2018-05-30-10-42-33.ids_2,93,25,eating,food,test,val,36565
a_column_co_driver__run1_2018-05-22-13-28-51.ids_2__vp4__ann24__ch3.jpg,a_column_co_driver,4,vp4/run1_2018-05-22-13-28-51.ids_2,24,3,eating,food,train,train,16390
a_column_co_driver__run2_2018-05-30-10-42-33.ids_2__vp14__ann78__ch2.jpg,a_column_co_driver,14,vp14/run2_2018-05-30-10-42-33.ids_2,78,2,eating,food,test,val,30631
a_column_co_driver__run1_2018-05-30-10-11-09.ids_2__vp14__ann86__ch5.jpg,a_column_co_driver,14,vp14/run1_2018-05-30-10-11-09.ids_2,86,5,eating,food,test,val,34955
a_column_co_driver__run2_2018-05-30-10-42-33.ids_2__vp14__ann104__ch4.jpg,a_column_co_driver,14,vp14/run2_2018-05-30-10-42-33.ids_2,104,4,eating,food,test,val,40730
a_column_co_driver__run1b_2018-05-23-16-19-17.ids_2__vp9__ann23__ch1.jpg,a_column_co_driver,9,vp9/run1b_2018-05-23-16-19-17.ids_2,23,1,preparing_food,food,test,train,9760
a_column_co_driver__run1_2018-05-30-10-11-09.ids_2__vp14__ann86__ch16.jpg,a_column_co_driver,14,vp14/run1_2018-05-30-10-11-09.ids_2,86,16,eating,food,test,val,35952
a_column_co_driver__run2_2018-05-23-15-30-27.ids_2__vp8__ann69__ch6.jpg,a_column_co_driver,8,vp8/run2_2018-05-23-15-30-27.ids_2,69,6,eating,food,val,train,21078
a_column_co_driver__run2_2018-05-24-14-35-56.ids_2__vp11__ann63__ch0.jpg,a_column_co_driver,11,vp11/run2_2018-05-24-14-35-56.ids_2,63,0,eating,food,train,test,16541
a_column_co_driver__run2_2018-05-23-15-30-27.ids_2__vp8__ann26__ch6.jpg,a_column_co_driver,8,vp8/run2_2018-05-23-15-30-27.ids_2,26,6,eating,food,val,train,10006
a_column_co_driver__run2_2018-05-22-14-25-04.ids_2__vp4__ann106__ch2.jpg,a_column_co_driver,4,vp4/run2_2018-05-22-14-25-04.ids_2,106,2,eating,food,train,train,49330
a_column_co_driver__run1b_2018-05-08-08-46-01.ids_2__vp3__ann70__ch0.jpg,a_column_co_driver,3,vp3/run1b_2018-05-08-08-46-01.ids_2,70,0,eating,food,train,train,30247
a_column_co_driver__run1_2018-05-30-10-11-09.ids_2__vp14__ann16__ch0.jpg,a_column_co_driver,14,vp14/run1_2018-05-30-10-11-09.ids_2,16,0,eating,food,test,val,10537
a_column_co_driver__run1_2018-05-30-10-11-09.ids_2__vp14__ann86__ch9.jpg,a_column_co_driver,14,vp14/run1_2018-05-30-10-11-09.ids_2,86,9,eating,food,test,val,35320
a_column_co_driver__run2_2018-05-24-16-21-35.ids_2__vp12__ann15__ch1.jpg,a_column_co_driver,12,vp12/run2_2018-05-24-16-21-35.ids_2,15,1,preparing_food,food,train,train,8700
a_column_co_driver__run2_2018-05-24-16-21-35.ids_2__vp12__ann15__ch2.jpg,a_column_co_driver,12,vp12/run2_2018-05-24-16-21-35.ids_2,15,2,preparing_food,food,train,train,8791
a_column_co_driver__run1_2018-05-30-10-11-09.ids_2__vp14__ann16__ch1.jpg,a_column_co_driver,14,vp14/run1_2018-05-30-10-11-09.ids_2,16,1,eating,food,test,val,10628
a_column_co_driver__run1_2018-05-24-15-44-28.ids_2__vp12__ann40__ch1.jpg,a_column_co_driver,12,vp12/run1_2018-05-24-15-44-28.ids_2,40,1,eating,food,train,train,17930
a_column_co_driver__run1b_2018-05-08-08-46-01.ids_2__vp3__ann70__ch6.jpg,a_column_co_driver,3,vp3/run1b_2018-05-08-08-46-01.ids_2,70,6,eating,food,train,train,30788
a_column_co_driver__run1b_2018-05-23-16-19-17.ids_2__vp9__ann54__ch3.jpg,a_column_co_driver,9,vp9/run1b_2018-05-23-16-19-17.ids_2,54,3,eating,food,test,train,17656
a_column_co_driver__run1d_2018-05-23-14-54-38.ids_2__vp8__ann78__ch8.jpg,a_column_co_driver,8,vp8/run1d_2018-05-23-14-54-38.ids_2,78,8,eating,food,val,train,37907
a_column_co_driver__run1_2018-05-23-10-21-45.ids_2__vp6__ann85__ch2.jpg,a_column_co_driver,6,vp6/run1_2018-05-23-10-21-45.ids_2,85,2,eating,food,train,train,42263
a_column_co_driver__run1_2018-05-30-10-11-09.ids_2__vp14__ann86__ch12.jpg,a_column_co_driver,14,vp14/run1_2018-05-30-10-11-09.ids_2,86,12,eating,food,test,val,35593
a_column_co_driver__run2_2018-05-24-16-21-35.ids_2__vp12__ann17__ch8.jpg,a_column_co_driver,12,vp12/run2_2018-05-24-16-21-35.ids_2,17,8,eating,food,train,train,9890
a_column_co_driver__run1d_2018-05-23-14-54-38.ids_2__vp8__ann58__ch32.jpg,a_column_co_driver,8,vp8/run1d_2018-05-23-14-54-38.ids_2,58,32,eating,food,val,train,31919
a_column_co_driver__run1_2018-05-30-10-11-09.ids_2__vp14__ann90__ch33.jpg,a_column_co_driver,14,vp14/run1_2018-05-30-10-11-09.ids_2,90,33,eating,food,test,val,41110
a_column_co_driver__run1_2018-05-24-15-44-28.ids_2__vp12__ann65__ch7.jpg,a_column_co_driver,12,vp12/run1_2018-05-24-15-44-28.ids_2,65,7,eating,food,train,train,30057
a_column_co_driver__run2_2018-05-24-14-08-46.ids_2__vp10__ann101__ch0.jpg,a_column_co_driver,10,vp10/run2_2018-05-24-14-08-46.ids_2,101,0,eating,food,train,train,35002
a_column_co_driver__run1d_2018-05-23-14-54-38.ids_2__vp8__ann78__ch18.jpg,a_column_co_driver,8,vp8/run1d_2018-05-23-14-54-38.ids_2,78,18,eating,food,val,train,38815
a_column_co_driver__run1_2018-05-24-13-14-41.ids_2__vp10__ann90__ch25.jpg,a_column_co_driver,10,vp10/run1_2018-05-24-13-14-41.ids_2,90,25,eating,food,train,train,31147
a_column_co_driver__run1_2018-05-22-15-10-41.ids_2__vp5__ann51__ch9.jpg,a_column_co_driver,5,vp5/run1_2018-05-22-15-10-41.ids_2,51,9,eating,food,train,test,24875
a_column_co_driver__run1_2018-05-22-13-28-51.ids_2__vp4__ann100__ch3.jpg,a_column_co_driver,4,vp4/run1_2018-05-22-13-28-51.ids_2,100,3,eating,food,train,train,45484
a_column_co_driver__run1_2018-05-30-10-11-09.ids_2__vp14__ann90__ch30.jpg,a_column_co_driver,14,vp14/run1_2018-05-30-10-11-09.ids_2,90,30,eating,food,test,val,40842
a_column_co_driver__run1b_2018-05-23-16-19-17.ids_2__vp9__ann32__ch2.jpg,a_column_co_driver,9,vp9/run1b_2018-05-23-16-19-17.ids_2,32,2,eating,food,test,train,11959
a_column_co_driver__run1_2018-05-23-10-21-45.ids_2__vp6__ann80__ch4.jpg,a_column_co_driver,6,vp6/run1_2018-05-23-10-21-45.ids_2,80,4,eating,food,train,train,41128
a_column_co_driver__run2_2018-05-30-10-42-33.ids_2__vp14__ann93__ch34.jpg,a_column_co_driver,14,vp14/run2_2018-05-30-10-42-33.ids_2,93,34,eating,food,test,val,37375
a_column_co_driver__run2_2018-05-30-11-34-54.ids_2__vp13__ann48__ch11.jpg,a_column_co_driver,13,vp13/run2_2018-05-30-11-34-54.ids_2,48,11,eating,food,train,test,22264
a_column_co_driver__run1_2018-05-24-15-44-28.ids_2__vp12__ann42__ch18.jpg,a_column_co_driver,12,vp12/run1_2018-05-24-15-44-28.ids_2,42,18,eating,food,train,train,20008
a_column_co_driver__run1b_2018-05-08-08-46-01.ids_2__vp3__ann80__ch7.jpg,a_column_co_driver,3,vp3/run1b_2018-05-08-08-46-01.ids_2,80,7,eating,food,train,train,32682
a_column_co_driver__run2_2018-05-23-15-30-27.ids_2__vp8__ann71__ch2.jpg,a_column_co_driver,8,vp8/run2_2018-05-23-15-30-27.ids_2,71,2,eating,food,val,train,21845
a_column_co_driver__run2b_2018-05-22-15-50-07.ids_2__vp5__ann66__ch1.jpg,a_column_co_driver,5,vp5/run2b_2018-05-22-15-50-07.ids_2,66,1,preparing_food,food,train,test,26022
a_column_co_driver__run1_2018-05-22-15-10-41.ids_2__vp5__ann49__ch9.jpg,a_column_co_driver,5,vp5/run1_2018-05-22-15-10-41.ids_2,49,9,eating,food,train,test,21742
a_column_co_driver__run2_2018-05-23-11-05-00.ids_2__vp6__ann30__ch8.jpg,a_column_co_driver,6,vp6/run2_2018-05-23-11-05-00.ids_2,30,8,eating,food,train,train,15550
a_column_co_driver__run1b_2018-05-23-16-19-17.ids_2__vp9__ann73__ch0.jpg,a_column_co_driver,9,vp9/run1b_2018-05-23-16-19-17.ids_2,73,0,eating,food,test,train,19134
a_column_co_driver__run1_2018-05-24-13-14-41.ids_2__vp10__ann16__ch2.jpg,a_column_co_driver,10,vp10/run1_2018-05-24-13-14-41.ids_2,16,2,eating,food,train,train,9667
a_column_co_driver__run1_2018-05-30-10-11-09.ids_2__vp14__ann90__ch20.jpg,a_column_co_driver,14,vp14/run1_2018-05-30-10-11-09.ids_2,90,20,eating,food,test,val,39942
a_column_co_driver__run1b_2018-05-23-16-19-17.ids_2__vp9__ann26__ch0.jpg,a_column_co_driver,9,vp9/run1b_2018-05-23-16-19-17.ids_2,26,0,eating,food,test,train,10112
a_column_co_driver__run2_2018-05-23-15-30-27.ids_2__vp8__ann69__ch4.jpg,a_column_co_driver,8,vp8/run2_2018-05-23-15-30-27.ids_2,69,4,eating,food,val,train,20898
a_column_co_driver__run2_2018-05-23-15-30-27.ids_2__vp8__ann69__ch10.jpg,a_column_co_driver,8,vp8/run2_2018-05-23-15-30-27.ids_2,69,10,eating,food,val,train,21433
a_column_co_driver__run2_2018-05-23-11-05-00.ids_2__vp6__ann30__ch2.jpg,a_column_co_driver,6,vp6/run2_2018-05-23-11-05-00.ids_2,30,2,eating,food,train,train,15011
a_column_co_driver__run2_2018-05-30-11-34-54.ids_2__vp13__ann48__ch9.jpg,a_column_co_driver,13,vp13/run2_2018-05-30-11-34-54.ids_2,48,9,eating,food,train,test,22083
a_column_co_driver__run1_2018-05-24-15-44-28.ids_2__vp12__ann42__ch17.jpg,a_column_co_driver,12,vp12/run1_2018-05-24-15-44-28.ids_2,42,17,eating,food,train,train,19918
a_column_co_driver__run1_2018-05-30-10-11-09.ids_2__vp14__ann90__ch13.jpg,a_column_co_driver,14,vp14/run1_2018-05-30-10-11-09.ids_2,90,13,eating,food,test,val,39305
a_column_co_driver__run2_2018-05-24-16-21-35.ids_2__vp12__ann85__ch17.jpg,a_column_co_driver,12,vp12/run2_2018-05-24-16-21-35.ids_2,85,17,eating,food,train,train,34775
a_column_co_driver__run1b_2018-05-23-16-19-17.ids_2__vp9__ann28__ch3.jpg,a_column_co_driver,9,vp9/run1b_2018-05-23-16-19-17.ids_2,28,3,eating,food,test,train,10672
a_column_co_driver__run2_2018-05-24-16-21-35.ids_2__vp12__ann99__ch0.jpg,a_column_co_driver,12,vp12/run2_2018-05-24-16-21-35.ids_2,99,0,eating,food,train,train,39238
a_column_co_driver__run2_2018-05-23-15-30-27.ids_2__vp8__ann26__ch8.jpg,a_column_co_driver,8,vp8/run2_2018-05-23-15-30-27.ids_2,26,8,eating,food,val,train,10184
a_column_co_driver__run1b_2018-05-08-08-46-01.ids_2__vp3__ann80__ch9.jpg,a_column_co_driver,3,vp3/run1b_2018-05-08-08-46-01.ids_2,80,9,eating,food,train,train,32863
a_column_co_driver__run1_2018-05-23-13-16-52.ids_2__vp7__ann81__ch16.jpg,a_column_co_driver,7,vp7/run1_2018-05-23-13-16-52.ids_2,81,16,eating,food,val,train,25908
a_column_co_driver__run2b_2018-05-22-15-50-07.ids_2__vp5__ann76__ch5.jpg,a_column_co_driver,5,vp5/run2b_2018-05-22-15-50-07.ids_2,76,5,eating,food,train,test,28165
a_column_co_driver__run2_2018-05-24-16-21-35.ids_2__vp12__ann64__ch3.jpg,a_column_co_driver,12,vp12/run2_2018-05-24-16-21-35.ids_2,64,3,eating,food,train,train,24520
a_column_co_driver__run1b_2018-05-23-16-19-17.ids_2__vp9__ann88__ch1.jpg,a_column_co_driver,9,vp9/run1b_2018-05-23-16-19-17.ids_2,88,1,eating,food,test,train,22810
a_column_co_driver__run2_2018-05-24-14-35-56.ids_2__vp11__ann70__ch7.jpg,a_column_co_driver,11,vp11/run2_2018-05-24-14-35-56.ids_2,70,7,eating,food,train,test,17857
a_column_co_driver__run2_2018-05-24-16-21-35.ids_2__vp12__ann99__ch2.jpg,a_column_co_driver,12,vp12/run2_2018-05-24-16-21-35.ids_2,99,2,eating,food,train,train,39418
a_column_co_driver__run1_2018-05-22-15-10-41.ids_2__vp5__ann49__ch16.jpg,a_column_co_driver,5,vp5/run1_2018-05-22-15-10-41.ids_2,49,16,eating,food,train,test,22366
a_column_co_driver__run1b_2018-05-08-08-46-01.ids_2__vp3__ann70__ch5.jpg,a_column_co_driver,3,vp3/run1b_2018-05-08-08-46-01.ids_2,70,5,eating,food,train,train,30698
a_column_co_driver__run1_2018-05-23-10-21-45.ids_2__vp6__ann76__ch1.jpg,a_column_co_driver,6,vp6/run1_2018-05-23-10-21-45.ids_2,76,1,preparing_food,food,train,train,39415
a_column_co_driver__run1_2018-05-22-15-10-41.ids_2__vp5__ann53__ch0.jpg,a_column_co_driver,5,vp5/run1_2018-05-22-15-10-41.ids_2,53,0,eating,food,train,test,25024
a_column_co_driver__run1b_2018-05-23-16-19-17.ids_2__vp9__ann54__ch1.jpg,a_column_co_driver,9,vp9/run1b_2018-05-23-16-19-17.ids_2,54,1,eating,food,test,train,17478
a_column_co_driver__run1_2018-05-24-15-44-28.ids_2__vp12__ann42__ch3.jpg,a_column_co_driver,12,vp12/run1_2018-05-24-15-44-28.ids_2,42,3,eating,food,train,train,18663
a_column_co_driver__run2_2018-05-30-10-42-33.ids_2__vp14__ann93__ch3.jpg,a_column_co_driver,14,vp14/run2_2018-05-30-10-42-33.ids_2,93,3,eating,food,test,val,34590
a_column_co_driver__run2_2018-05-24-14-35-56.ids_2__vp11__ann77__ch2.jpg,a_column_co_driver,11,vp11/run2_2018-05-24-14-35-56.ids_2,77,2,eating,food,train,test,18942
a_column_co_driver__run2_2018-05-24-16-21-35.ids_2__vp12__ann85__ch11.jpg,a_column_co_driver,12,vp12/run2_2018-05-24-16-21-35.ids_2,85,11,eating,food,train,train,34232
a_column_co_driver__run1_2018-05-23-13-16-52.ids_2__vp7__ann11__ch6.jpg,a_column_co_driver,7,vp7/run1_2018-05-23-13-16-52.ids_2,11,6,eating,food,val,train,9375
a_column_co_driver__run1d_2018-05-23-14-54-38.ids_2__vp8__ann78__ch4.jpg,a_column_co_driver,8,vp8/run1d_2018-05-23-14-54-38.ids_2,78,4,eating,food,val,train,37546
a_column_co_driver__run1d_2018-05-23-14-54-38.ids_2__vp8__ann78__ch3.jpg,a_column_co_driver,8,vp8/run1d_2018-05-23-14-54-38.ids_2,78,3,eating,food,val,train,37456
a_column_co_driver__run2_2018-05-24-17-22-26.ids_2__vp2__ann48__ch2.jpg,a_column_co_driver,2,vp2/run2_2018-05-24-17-22-26.ids_2,48,2,eating,food,train,train,22473
a_column_co_driver__run2_2018-05-30-13-34-33.ids_2__vp15__ann19__ch0.jpg,a_column_co_driver,15,vp15/run2_2018-05-30-13-34-33.ids_2,19,0,preparing_food,food,train,val,10727
a_column_co_driver__run1b_2018-05-23-16-19-17.ids_2__vp9__ann28__ch1.jpg,a_column_co_driver,9,vp9/run1b_2018-05-23-16-19-17.ids_2,28,1,eating,food,test,train,10491
a_column_co_driver__run1_2018-05-23-13-16-52.ids_2__vp7__ann81__ch11.jpg,a_column_co_driver,7,vp7/run1_2018-05-23-13-16-52.ids_2,81,11,eating,food,val,train,25459
a_column_co_driver__run2b_2018-05-22-15-50-07.ids_2__vp5__ann76__ch7.jpg,a_column_co_driver,5,vp5/run2b_2018-05-22-15-50-07.ids_2,76,7,eating,food,train,test,28346
a_column_co_driver__run2_2018-05-24-16-21-35.ids_2__vp12__ann17__ch10.jpg,a_column_co_driver,12,vp12/run2_2018-05-24-16-21-35.ids_2,17,10,eating,food,train,train,10070
a_column_co_driver__run2b_2018-05-22-15-50-07.ids_2__vp5__ann70__ch7.jpg,a_column_co_driver,5,vp5/run2b_2018-05-22-15-50-07.ids_2,70,7,eating,food,train,test,26973
a_column_co_driver__run2_2018-05-30-11-34-54.ids_2__vp13__ann48__ch10.jpg,a_column_co_driver,13,vp13/run2_2018-05-30-11-34-54.ids_2,48,10,eating,food,train,test,22174
a_column_co_driver__run1_2018-05-24-15-44-28.ids_2__vp12__ann65__ch6.jpg,a_column_co_driver,12,vp12/run1_2018-05-24-15-44-28.ids_2,65,6,eating,food,train,train,29969
a_column_co_driver__run2_2018-05-30-10-42-33.ids_2__vp14__ann93__ch8.jpg,a_column_co_driver,14,vp14/run2_2018-05-30-10-42-33.ids_2,93,8,eating,food,test,val,35042
a_column_co_driver__run2_2018-05-29-14-33-44.ids_2__vp1__ann41__ch8.jpg,a_column_co_driver,1,vp1/run2_2018-05-29-14-33-44.ids_2,41,8,eating,food,train,train,20470
a_column_co_driver__run2_2018-05-29-14-33-44.ids_2__vp1__ann41__ch6.jpg,a_column_co_driver,1,vp1/run2_2018-05-29-14-33-44.ids_2,41,6,eating,food,train,train,20325
a_column_co_driver__run2_2018-05-24-14-35-56.ids_2__vp11__ann77__ch1.jpg,a_column_co_driver,11,vp11/run2_2018-05-24-14-35-56.ids_2,77,1,eating,food,train,test,18852
a_column_co_driver__run1_2018-05-22-15-10-41.ids_2__vp5__ann30__ch0.jpg,a_column_co_driver,5,vp5/run1_2018-05-22-15-10-41.ids_2,30,0,eating,food,train,test,17504
a_column_co_driver__run1_2018-05-22-15-10-41.ids_2__vp5__ann105__ch5.jpg,a_column_co_driver,5,vp5/run1_2018-05-22-15-10-41.ids_2,105,5,eating,food,train,test,41423
a_column_co_driver__run1_2018-05-30-10-11-09.ids_2__vp14__ann16__ch3.jpg,a_column_co_driver,14,vp14/run1_2018-05-30-10-11-09.ids_2,16,3,eating,food,test,val,10809
a_column_co_driver__run2_2018-05-30-10-42-33.ids_2__vp14__ann93__ch31.jpg,a_column_co_driver,14,vp14/run2_2018-05-30-10-42-33.ids_2,93,31,eating,food,test,val,37104
a_column_co_driver__run1_2018-05-22-13-28-51.ids_2__vp4__ann100__ch2.jpg,a_column_co_driver,4,vp4/run1_2018-05-22-13-28-51.ids_2,100,2,eating,food,train,train,45406
a_column_co_driver__run1b_2018-05-08-08-46-01.ids_2__vp3__ann80__ch8.jpg,a_column_co_driver,3,vp3/run1b_2018-05-08-08-46-01.ids_2,80,8,eating,food,train,train,32773
a_column_co_driver__run1_2018-05-23-13-16-52.ids_2__vp7__ann81__ch6.jpg,a_column_co_driver,7,vp7/run1_2018-05-23-13-16-52.ids_2,81,6,eating,food,val,train,25005
a_column_co_driver__run2_2018-05-24-16-21-35.ids_2__vp12__ann15__ch5.jpg,a_column_co_driver,12,vp12/run2_2018-05-24-16-21-35.ids_2,15,5,preparing_food,food,train,train,9036
a_column_co_driver__run1b_2018-05-08-08-46-01.ids_2__vp3__ann100__ch1.jpg,a_column_co_driver,3,vp3/run1b_2018-05-08-08-46-01.ids_2,100,1,eating,food,train,train,38014
a_column_co_driver__run2_2018-05-23-15-30-27.ids_2__vp8__ann69__ch9.jpg,a_column_co_driver,8,vp8/run2_2018-05-23-15-30-27.ids_2,69,9,eating,food,val,train,21346
a_column_co_driver__run1_2018-05-22-15-10-41.ids_2__vp5__ann125__ch12.jpg,a_column_co_driver,5,vp5/run1_2018-05-22-15-10-41.ids_2,125,12,eating,food,train,test,47380
a_column_co_driver__run1_2018-05-24-13-44-01.ids_2__vp11__ann94__ch2.jpg,a_column_co_driver,11,vp11/run1_2018-05-24-13-44-01.ids_2,94,2,preparing_food,food,train,test,32739
a_column_co_driver__run2_2018-05-30-10-42-33.ids_2__vp14__ann88__ch2.jpg,a_column_co_driver,14,vp14/run2_2018-05-30-10-42-33.ids_2,88,2,eating,food,test,val,33277
a_column_co_driver__run1b_2018-05-29-14-02-47.ids_2__vp1__ann49__ch2.jpg,a_column_co_driver,1,vp1/run1b_2018-05-29-14-02-47.ids_2,49,2,preparing_food,food,train,train,15102
a_column_co_driver__run1_2018-05-22-13-28-51.ids_2__vp4__ann26__ch3.jpg,a_column_co_driver,4,vp4/run1_2018-05-22-13-28-51.ids_2,26,3,eating,food,train,train,16819
a_column_co_driver__run1b_2018-05-23-16-19-17.ids_2__vp9__ann32__ch0.jpg,a_column_co_driver,9,vp9/run1b_2018-05-23-16-19-17.ids_2,32,0,eating,food,test,train,11803
a_column_co_driver__run1_2018-05-24-13-14-41.ids_2__vp10__ann92__ch11.jpg,a_column_co_driver,10,vp10/run1_2018-05-24-13-14-41.ids_2,92,11,eating,food,train,train,32456
a_column_co_driver__run1b_2018-05-29-14-02-47.ids_2__vp1__ann50__ch2.jpg,a_column_co_driver,1,vp1/run1b_2018-05-29-14-02-47.ids_2,50,2,eating,food,train,train,15338
a_column_co_driver__run2_2018-05-24-17-22-26.ids_2__vp2__ann50__ch4.jpg,a_column_co_driver,2,vp2/run2_2018-05-24-17-22-26.ids_2,50,4,eating,food,train,train,22953
a_column_co_driver__run1_2018-05-24-13-14-41.ids_2__vp10__ann90__ch19.jpg,a_column_co_driver,10,vp10/run1_2018-05-24-13-14-41.ids_2,90,19,eating,food,train,train,30611
a_column_co_driver__run1_2018-05-30-10-11-09.ids_2__vp14__ann86__ch3.jpg,a_column_co_driver,14,vp14/run1_2018-05-30-10-11-09.ids_2,86,3,eating,food,test,val,34777
a_column_co_driver__run2_2018-05-24-16-21-35.ids_2__vp12__ann85__ch12.jpg,a_column_co_driver,12,vp12/run2_2018-05-24-16-21-35.ids_2,85,12,eating,food,train,train,34323
a_column_co_driver__run1_2018-05-24-13-14-41.ids_2__vp10__ann96__ch1.jpg,a_column_co_driver,10,vp10/run1_2018-05-24-13-14-41.ids_2,96,1,eating,food,train,train,34037
a_column_co_driver__run1_2018-05-22-13-28-51.ids_2__vp4__ann24__ch4.jpg,a_column_co_driver,4,vp4/run1_2018-05-22-13-28-51.ids_2,24,4,eating,food,train,train,16438
a_column_co_driver__run1d_2018-05-23-14-54-38.ids_2__vp8__ann58__ch13.jpg,a_column_co_driver,8,vp8/run1d_2018-05-23-14-54-38.ids_2,58,13,eating,food,val,train,30212
a_column_co_driver__run1_2018-05-23-13-16-52.ids_2__vp7__ann81__ch8.jpg,a_column_co_driver,7,vp7/run1_2018-05-23-13-16-52.ids_2,81,8,eating,food,val,train,25185
a_column_co_driver__run1_2018-05-30-10-11-09.ids_2__vp14__ann90__ch31.jpg,a_column_co_driver,14,vp14/run1_2018-05-30-10-11-09.ids_2,90,31,eating,food,test,val,40932
a_column_co_driver__run2_2018-05-24-14-35-56.ids_2__vp11__ann77__ch5.jpg,a_column_co_driver,11,vp11/run2_2018-05-24-14-35-56.ids_2,77,5,eating,food,train,test,19213
a_column_co_driver__run1_2018-05-30-10-11-09.ids_2__vp14__ann86__ch7.jpg,a_column_co_driver,14,vp14/run1_2018-05-30-10-11-09.ids_2,86,7,eating,food,test,val,35136
a_column_co_driver__run1_2018-05-22-15-10-41.ids_2__vp5__ann125__ch8.jpg,a_column_co_driver,5,vp5/run1_2018-05-22-15-10-41.ids_2,125,8,eating,food,train,test,47048
a_column_co_driver__run2_2018-05-29-14-33-44.ids_2__vp1__ann41__ch0.jpg,a_column_co_driver,1,vp1/run2_2018-05-29-14-33-44.ids_2,41,0,eating,food,train,train,19785
a_column_co_driver__run2_2018-05-29-16-03-37.ids_2__vp3__ann78__ch1.jpg,a_column_co_driver,3,vp3/run2_2018-05-29-16-03-37.ids_2,78,1,eating,food,train,train,29736
a_column_co_driver__run1b_2018-05-29-14-02-47.ids_2__vp1__ann50__ch7.jpg,a_column_co_driver,1,vp1/run1b_2018-05-29-14-02-47.ids_2,50,7,eating,food,train,train,15785
a_column_co_driver__run1b_2018-05-23-16-19-17.ids_2__vp9__ann86__ch2.jpg,a_column_co_driver,9,vp9/run1b_2018-05-23-16-19-17.ids_2,86,2,eating,food,test,train,22006
a_column_co_driver__run1b_2018-05-23-16-19-17.ids_2__vp9__ann28__ch2.jpg,a_column_co_driver,9,vp9/run1b_2018-05-23-16-19-17.ids_2,28,2,eating,food,test,train,10581
a_column_co_driver__run1_2018-05-22-15-10-41.ids_2__vp5__ann125__ch2.jpg,a_column_co_driver,5,vp5/run1_2018-05-22-15-10-41.ids_2,125,2,eating,food,train,test,46507
a_column_co_driver__run2_2018-05-24-16-21-35.ids_2__vp12__ann64__ch7.jpg,a_column_co_driver,12,vp12/run2_2018-05-24-16-21-35.ids_2,64,7,eating,food,train,train,24878
a_column_co_driver__run1_2018-05-24-15-44-28.ids_2__vp12__ann40__ch0.jpg,a_column_co_driver,12,vp12/run1_2018-05-24-15-44-28.ids_2,40,0,eating,food,train,train,17840
a_column_co_driver__run2_2018-05-22-14-25-04.ids_2__vp4__ann11__ch2.jpg,a_column_co_driver,4,vp4/run2_2018-05-22-14-25-04.ids_2,11,2,eating,food,train,train,11935
a_column_co_driver__run2_2018-05-23-15-30-27.ids_2__vp8__ann69__ch11.jpg,a_column_co_driver,8,vp8/run2_2018-05-23-15-30-27.ids_2,69,11,eating,food,val,train,21519
a_column_co_driver__run2_2018-05-24-16-21-35.ids_2__vp12__ann17__ch14.jpg,a_column_co_driver,12,vp12/run2_2018-05-24-16-21-35.ids_2,17,14,eating,food,train,train,10427
a_column_co_driver__run2_2018-05-29-14-33-44.ids_2__vp1__ann41__ch4.jpg,a_column_co_driver,1,vp1/run2_2018-05-29-14-33-44.ids_2,41,4,eating,food,train,train,20143
a_column_co_driver__run2_2018-05-24-17-22-26.ids_2__vp2__ann50__ch5.jpg,a_column_co_driver,2,vp2/run2_2018-05-24-17-22-26.ids_2,50,5,eating,food,train,train,23042
a_column_co_driver__run2_2018-05-30-11-34-54.ids_2__vp13__ann48__ch5.jpg,a_column_co_driver,13,vp13/run2_2018-05-30-11-34-54.ids_2,48,5,eating,food,train,test,21723
a_column_co_driver__run2_2018-05-24-16-21-35.ids_2__vp12__ann15__ch4.jpg,a_column_co_driver,12,vp12/run2_2018-05-24-16-21-35.ids_2,15,4,preparing_food,food,train,train,8973
a_column_co_driver__run2_2018-05-30-10-42-33.ids_2__vp14__ann88__ch3.jpg,a_column_co_driver,14,vp14/run2_2018-05-30-10-42-33.ids_2,88,3,eating,food,test,val,33352
a_column_co_driver__run1d_2018-05-23-14-54-38.ids_2__vp8__ann78__ch9.jpg,a_column_co_driver,8,vp8/run1d_2018-05-23-14-54-38.ids_2,78,9,eating,food,val,train,37998
a_column_co_driver__run1_2018-05-23-13-16-52.ids_2__vp7__ann60__ch2.jpg,a_column_co_driver,7,vp7/run1_2018-05-23-13-16-52.ids_2,60,2,eating,food,val,train,19658
a_column_co_driver__run2b_2018-05-22-15-50-07.ids_2__vp5__ann76__ch11.jpg,a_column_co_driver,5,vp5/run2b_2018-05-22-15-50-07.ids_2,76,11,eating,food,train,test,28673
a_column_co_driver__run1b_2018-05-08-08-46-01.ids_2__vp3__ann100__ch0.jpg,a_column_co_driver,3,vp3/run1b_2018-05-08-08-46-01.ids_2,100,0,eating,food,train,train,37949
a_column_co_driver__run1_2018-05-24-13-44-01.ids_2__vp11__ann108__ch4.jpg,a_column_co_driver,11,vp11/run1_2018-05-24-13-44-01.ids_2,108,4,eating,food,train,test,35872
a_column_co_driver__run1_2018-05-24-13-14-41.ids_2__vp10__ann92__ch6.jpg,a_column_co_driver,10,vp10/run1_2018-05-24-13-14-41.ids_2,92,6,eating,food,train,train,32025
a_column_co_driver__run1_2018-05-30-10-11-09.ids_2__vp14__ann90__ch15.jpg,a_column_co_driver,14,vp14/run1_2018-05-30-10-11-09.ids_2,90,15,eating,food,test,val,39485
a_column_co_driver__run2_2018-05-23-15-30-27.ids_2__vp8__ann26__ch2.jpg,a_column_co_driver,8,vp8/run2_2018-05-23-15-30-27.ids_2,26,2,eating,food,val,train,9648
a_column_co_driver__run1_2018-05-22-15-10-41.ids_2__vp5__ann127__ch4.jpg,a_column_co_driver,5,vp5/run1_2018-05-22-15-10-41.ids_2,127,4,eating,food,train,test,48073
a_column_co_driver__run1d_2018-05-23-14-54-38.ids_2__vp8__ann58__ch22.jpg,a_column_co_driver,8,vp8/run1d_2018-05-23-14-54-38.ids_2,58,22,eating,food,val,train,31026
a_column_co_driver__run1_2018-05-23-13-16-52.ids_2__vp7__ann81__ch2.jpg,a_column_co_driver,7,vp7/run1_2018-05-23-13-16-52.ids_2,81,2,eating,food,val,train,24652
a_column_co_driver__run1_2018-05-23-13-16-52.ids_2__vp7__ann81__ch9.jpg,a_column_co_driver,7,vp7/run1_2018-05-23-13-16-52.ids_2,81,9,eating,food,val,train,25277
a_column_co_driver__run1_2018-05-24-13-44-01.ids_2__vp11__ann107__ch1.jpg,a_column_co_driver,11,vp11/run1_2018-05-24-13-44-01.ids_2,107,1,preparing_food,food,train,test,35470
a_column_co_driver__run2_2018-05-24-14-35-56.ids_2__vp11__ann70__ch9.jpg,a_column_co_driver,11,vp11/run2_2018-05-24-14-35-56.ids_2,70,9,eating,food,train,test,18033
a_column_co_driver__run1_2018-05-29-15-21-10.ids_2__vp13__ann39__ch10.jpg,a_column_co_driver,13,vp13/run1_2018-05-29-15-21-10.ids_2,39,10,eating,food,train,test,22570
a_column_co_driver__run1_2018-05-24-13-14-41.ids_2__vp10__ann96__ch2.jpg,a_column_co_driver,10,vp10/run1_2018-05-24-13-14-41.ids_2,96,2,eating,food,train,train,34088
a_column_co_driver__run1_2018-05-30-10-11-09.ids_2__vp14__ann86__ch15.jpg,a_column_co_driver,14,vp14/run1_2018-05-30-10-11-09.ids_2,86,15,eating,food,test,val,35863
a_column_co_driver__run1_2018-05-29-15-21-10.ids_2__vp13__ann39__ch7.jpg,a_column_co_driver,13,vp13/run1_2018-05-29-15-21-10.ids_2,39,7,eating,food,train,test,22302
a_column_co_driver__run1d_2018-05-23-14-54-38.ids_2__vp8__ann58__ch5.jpg,a_column_co_driver,8,vp8/run1d_2018-05-23-14-54-38.ids_2,58,5,eating,food,val,train,29495
a_column_co_driver__run1_2018-05-22-15-10-41.ids_2__vp5__ann123__ch3.jpg,a_column_co_driver,5,vp5/run1_2018-05-22-15-10-41.ids_2,123,3,eating,food,train,test,45897
a_column_co_driver__run2_2018-05-30-10-42-33.ids_2__vp14__ann93__ch7.jpg,a_column_co_driver,14,vp14/run2_2018-05-30-10-42-33.ids_2,93,7,eating,food,test,val,34953
a_column_co_driver__run2_2018-05-23-15-30-27.ids_2__vp8__ann26__ch0.jpg,a_column_co_driver,8,vp8/run2_2018-05-23-15-30-27.ids_2,26,0,eating,food,val,train,9470
a_column_co_driver__run1_2018-05-22-15-10-41.ids_2__vp5__ann51__ch6.jpg,a_column_co_driver,5,vp5/run1_2018-05-22-15-10-41.ids_2,51,6,eating,food,train,test,24612
a_column_co_driver__run1_2018-05-24-13-44-01.ids_2__vp11__ann94__ch1.jpg,a_column_co_driver,11,vp11/run1_2018-05-24-13-44-01.ids_2,94,1,preparing_food,food,train,test,32663
a_column_co_driver__run2_2018-05-24-17-22-26.ids_2__vp2__ann50__ch9.jpg,a_column_co_driver,2,vp2/run2_2018-05-24-17-22-26.ids_2,50,9,eating,food,train,train,23385
a_column_co_driver__run2_2018-05-30-11-34-54.ids_2__vp13__ann48__ch14.jpg,a_column_co_driver,13,vp13/run2_2018-05-30-11-34-54.ids_2,48,14,eating,food,train,test,22536
a_column_co_driver__run2_2018-05-23-15-30-27.ids_2__vp8__ann69__ch8.jpg,a_column_co_driver,8,vp8/run2_2018-05-23-15-30-27.ids_2,69,8,eating,food,val,train,21256
a_column_co_driver__run1_2018-05-24-13-14-41.ids_2__vp10__ann92__ch0.jpg,a_column_co_driver,10,vp10/run1_2018-05-24-13-14-41.ids_2,92,0,eating,food,train,train,31484
a_column_co_driver__run2b_2018-05-22-15-50-07.ids_2__vp5__ann76__ch3.jpg,a_column_co_driver,5,vp5/run2b_2018-05-22-15-50-07.ids_2,76,3,eating,food,train,test,27987
a_column_co_driver__run1_2018-05-30-10-11-09.ids_2__vp14__ann86__ch6.jpg,a_column_co_driver,14,vp14/run1_2018-05-30-10-11-09.ids_2,86,6,eating,food,test,val,35045
a_column_co_driver__run2_2018-05-23-15-30-27.ids_2__vp8__ann71__ch0.jpg,a_column_co_driver,8,vp8/run2_2018-05-23-15-30-27.ids_2,71,0,eating,food,val,train,21668
a_column_co_driver__run1b_2018-05-29-14-02-47.ids_2__vp1__ann50__ch4.jpg,a_column_co_driver,1,vp1/run1b_2018-05-29-14-02-47.ids_2,50,4,eating,food,train,train,15518
a_column_co_driver__run1b_2018-05-23-16-19-17.ids_2__vp9__ann75__ch3.jpg,a_column_co_driver,9,vp9/run1b_2018-05-23-16-19-17.ids_2,75,3,eating,food,test,train,19645
a_column_co_driver__run1_2018-05-23-10-21-45.ids_2__vp6__ann80__ch1.jpg,a_column_co_driver,6,vp6/run1_2018-05-23-10-21-45.ids_2,80,1,eating,food,train,train,40856
a_column_co_driver__run1_2018-05-24-15-44-28.ids_2__vp12__ann40__ch4.jpg,a_column_co_driver,12,vp12/run1_2018-05-24-15-44-28.ids_2,40,4,eating,food,train,train,18201
a_column_co_driver__run1_2018-05-22-15-10-41.ids_2__vp5__ann121__ch0.jpg,a_column_co_driver,5,vp5/run1_2018-05-22-15-10-41.ids_2,121,0,eating,food,train,test,44664
a_column_co_driver__run1_2018-05-24-13-44-01.ids_2__vp11__ann95__ch0.jpg,a_column_co_driver,11,vp11/run1_2018-05-24-13-44-01.ids_2,95,0,eating,food,train,test,32816
a_column_co_driver__run2b_2018-05-22-15-50-07.ids_2__vp5__ann76__ch9.jpg,a_column_co_driver,5,vp5/run2b_2018-05-22-15-50-07.ids_2,76,9,eating,food,train,test,28527
a_column_co_driver__run2_2018-05-24-16-21-35.ids_2__vp12__ann99__ch7.jpg,a_column_co_driver,12,vp12/run2_2018-05-24-16-21-35.ids_2,99,7,eating,food,train,train,39867
a_column_co_driver__run2_2018-05-23-15-30-27.ids_2__vp8__ann16__ch4.jpg,a_column_co_driver,8,vp8/run2_2018-05-23-15-30-27.ids_2,16,4,eating,food,val,train,7779
a_column_co_driver__run1_2018-05-30-10-11-09.ids_2__vp14__ann28__ch0.jpg,a_column_co_driver,14,vp14/run1_2018-05-30-10-11-09.ids_2,28,0,eating,food,test,val,13453
a_column_co_driver__run1_2018-05-24-13-44-01.ids_2__vp11__ann108__ch3.jpg,a_column_co_driver,11,vp11/run1_2018-05-24-13-44-01.ids_2,108,3,eating,food,train,test,35782
a_column_co_driver__run1b_2018-05-23-16-19-17.ids_2__vp9__ann86__ch0.jpg,a_column_co_driver,9,vp9/run1b_2018-05-23-16-19-17.ids_2,86,0,eating,food,test,train,21855
a_column_co_driver__run1_2018-05-30-10-11-09.ids_2__vp14__ann28__ch1.jpg,a_column_co_driver,14,vp14/run1_2018-05-30-10-11-09.ids_2,28,1,eating,food,test,val,13544
a_column_co_driver__run1_2018-05-30-10-11-09.ids_2__vp14__ann86__ch1.jpg,a_column_co_driver,14,vp14/run1_2018-05-30-10-11-09.ids_2,86,1,eating,food,test,val,34599
a_column_co_driver__run2_2018-05-24-16-21-35.ids_2__vp12__ann99__ch6.jpg,a_column_co_driver,12,vp12/run2_2018-05-24-16-21-35.ids_2,99,6,eating,food,train,train,39777
a_column_co_driver__run1_2018-05-24-15-44-28.ids_2__vp12__ann42__ch2.jpg,a_column_co_driver,12,vp12/run1_2018-05-24-15-44-28.ids_2,42,2,eating,food,train,train,18574
a_column_co_driver__run1_2018-05-22-15-10-41.ids_2__vp5__ann46__ch2.jpg,a_column_co_driver,5,vp5/run1_2018-05-22-15-10-41.ids_2,46,2,preparing_food,food,train,test,20732
a_column_co_driver__run1d_2018-05-23-14-54-38.ids_2__vp8__ann58__ch6.jpg,a_column_co_driver,8,vp8/run1d_2018-05-23-14-54-38.ids_2,58,6,eating,food,val,train,29586
a_column_co_driver__run2_2018-05-23-15-30-27.ids_2__vp8__ann69__ch1.jpg,a_column_co_driver,8,vp8/run2_2018-05-23-15-30-27.ids_2,69,1,eating,food,val,train,20630
a_column_co_driver__run2_2018-05-30-13-34-33.ids_2__vp15__ann19__ch2.jpg,a_column_co_driver,15,vp15/run2_2018-05-30-13-34-33.ids_2,19,2,preparing_food,food,train,val,10864
a_column_co_driver__run1_2018-05-23-13-16-52.ids_2__vp7__ann81__ch10.jpg,a_column_co_driver,7,vp7/run1_2018-05-23-13-16-52.ids_2,81,10,eating,food,val,train,25368
a_column_co_driver__run1b_2018-05-08-08-46-01.ids_2__vp3__ann80__ch10.jpg,a_column_co_driver,3,vp3/run1b_2018-05-08-08-46-01.ids_2,80,10,eating,food,train,train,32954
a_column_co_driver__run1_2018-05-23-10-21-45.ids_2__vp6__ann78__ch5.jpg,a_column_co_driver,6,vp6/run1_2018-05-23-10-21-45.ids_2,78,5,eating,food,train,train,40184
a_column_co_driver__run1_2018-05-24-15-44-28.ids_2__vp12__ann42__ch6.jpg,a_column_co_driver,12,vp12/run1_2018-05-24-15-44-28.ids_2,42,6,eating,food,train,train,18931
a_column_co_driver__run1_2018-05-24-15-44-28.ids_2__vp12__ann74__ch0.jpg,a_column_co_driver,12,vp12/run1_2018-05-24-15-44-28.ids_2,74,0,eating,food,train,train,31445
a_column_co_driver__run1_2018-05-30-13-05-35.ids_2__vp15__ann18__ch5.jpg,a_column_co_driver,15,vp15/run1_2018-05-30-13-05-35.ids_2,18,5,eating,food,train,val,9605
a_column_co_driver__run1_2018-05-29-15-21-10.ids_2__vp13__ann39__ch6.jpg,a_column_co_driver,13,vp13/run1_2018-05-29-15-21-10.ids_2,39,6,eating,food,train,test,22213
a_column_co_driver__run2_2018-05-30-11-34-54.ids_2__vp13__ann48__ch2.jpg,a_column_co_driver,13,vp13/run2_2018-05-30-11-34-54.ids_2,48,2,eating,food,train,test,21454
a_column_co_driver__run2_2018-05-22-14-25-04.ids_2__vp4__ann104__ch6.jpg,a_column_co_driver,4,vp4/run2_2018-05-22-14-25-04.ids_2,104,6,eating,food,train,train,48842
a_column_co_driver__run2_2018-05-24-16-21-35.ids_2__vp12__ann85__ch10.jpg,a_column_co_driver,12,vp12/run2_2018-05-24-16-21-35.ids_2,85,10,eating,food,train,train,34141
a_column_co_driver__run2_2018-05-24-14-35-56.ids_2__vp11__ann70__ch6.jpg,a_column_co_driver,11,vp11/run2_2018-05-24-14-35-56.ids_2,70,6,eating,food,train,test,17768
a_column_co_driver__run1_2018-05-22-15-10-41.ids_2__vp5__ann105__ch6.jpg,a_column_co_driver,5,vp5/run1_2018-05-22-15-10-41.ids_2,105,6,eating,food,train,test,41514
a_column_co_driver__run1_2018-05-22-15-10-41.ids_2__vp5__ann121__ch9.jpg,a_column_co_driver,5,vp5/run1_2018-05-22-15-10-41.ids_2,121,9,eating,food,train,test,45444
a_column_co_driver__run2_2018-05-30-10-42-33.ids_2__vp14__ann104__ch0.jpg,a_column_co_driver,14,vp14/run2_2018-05-30-10-42-33.ids_2,104,0,eating,food,test,val,40373
a_column_co_driver__run2_2018-05-24-14-35-56.ids_2__vp11__ann70__ch3.jpg,a_column_co_driver,11,vp11/run2_2018-05-24-14-35-56.ids_2,70,3,eating,food,train,test,17500
a_column_co_driver__run2_2018-05-23-15-30-27.ids_2__vp8__ann26__ch4.jpg,a_column_co_driver,8,vp8/run2_2018-05-23-15-30-27.ids_2,26,4,eating,food,val,train,9827
a_column_co_driver__run1_2018-05-22-15-10-41.ids_2__vp5__ann51__ch5.jpg,a_column_co_driver,5,vp5/run1_2018-05-22-15-10-41.ids_2,51,5,eating,food,train,test,24522
a_column_co_driver__run1_2018-05-24-13-14-41.ids_2__vp10__ann92__ch7.jpg,a_column_co_driver,10,vp10/run1_2018-05-24-13-14-41.ids_2,92,7,eating,food,train,train,32116
a_column_co_driver__run1b_2018-05-23-16-19-17.ids_2__vp9__ann23__ch0.jpg,a_column_co_driver,9,vp9/run1b_2018-05-23-16-19-17.ids_2,23,0,preparing_food,food,test,train,9670
a_column_co_driver__run2_2018-05-23-11-05-00.ids_2__vp6__ann30__ch6.jpg,a_column_co_driver,6,vp6/run2_2018-05-23-11-05-00.ids_2,30,6,eating,food,train,train,15368
a_column_co_driver__run1_2018-05-22-15-10-41.ids_2__vp5__ann125__ch6.jpg,a_column_co_driver,5,vp5/run1_2018-05-22-15-10-41.ids_2,125,6,eating,food,train,test,46870
a_column_co_driver__run1_2018-05-24-15-44-28.ids_2__vp12__ann42__ch0.jpg,a_column_co_driver,12,vp12/run1_2018-05-24-15-44-28.ids_2,42,0,eating,food,train,train,18394
a_column_co_driver__run1_2018-05-22-15-10-41.ids_2__vp5__ann49__ch22.jpg,a_column_co_driver,5,vp5/run1_2018-05-22-15-10-41.ids_2,49,22,eating,food,train,test,22909
a_column_co_driver__run2b_2018-05-22-15-50-07.ids_2__vp5__ann76__ch6.jpg,a_column_co_driver,5,vp5/run2b_2018-05-22-15-50-07.ids_2,76,6,eating,food,train,test,28255
a_column_co_driver__run2_2018-05-29-16-03-37.ids_2__vp3__ann78__ch7.jpg,a_column_co_driver,3,vp3/run2_2018-05-29-16-03-37.ids_2,78,7,eating,food,train,train,30276
a_column_co_driver__run2_2018-05-24-14-35-56.ids_2__vp11__ann62__ch1.jpg,a_column_co_driver,11,vp11/run2_2018-05-24-14-35-56.ids_2,62,1,preparing_food,food,train,test,16447
a_column_co_driver__run2_2018-05-23-11-05-00.ids_2__vp6__ann65__ch1.jpg,a_column_co_driver,6,vp6/run2_2018-05-23-11-05-00.ids_2,65,1,eating,food,train,train,29698
a_column_co_driver__run1d_2018-05-23-14-54-38.ids_2__vp8__ann78__ch17.jpg,a_column_co_driver,8,vp8/run1d_2018-05-23-14-54-38.ids_2,78,17,eating,food,val,train,38723
a_column_co_driver__run2b_2018-05-22-15-50-07.ids_2__vp5__ann70__ch9.jpg,a_column_co_driver,5,vp5/run2b_2018-05-22-15-50-07.ids_2,70,9,eating,food,train,test,27125
a_column_co_driver__run1b_2018-05-08-08-46-01.ids_2__vp3__ann80__ch0.jpg,a_column_co_driver,3,vp3/run1b_2018-05-08-08-46-01.ids_2,80,0,eating,food,train,train,32051
a_column_co_driver__run2_2018-05-23-15-30-27.ids_2__vp8__ann26__ch1.jpg,a_column_co_driver,8,vp8/run2_2018-05-23-15-30-27.ids_2,26,1,eating,food,val,train,9560
a_column_co_driver__run2_2018-05-22-14-25-04.ids_2__vp4__ann104__ch4.jpg,a_column_co_driver,4,vp4/run2_2018-05-22-14-25-04.ids_2,104,4,eating,food,train,train,48662
a_column_co_driver__run2_2018-05-23-15-30-27.ids_2__vp8__ann68__ch0.jpg,a_column_co_driver,8,vp8/run2_2018-05-23-15-30-27.ids_2,68,0,preparing_food,food,val,train,20460
a_column_co_driver__run1_2018-05-24-13-14-41.ids_2__vp10__ann16__ch1.jpg,a_column_co_driver,10,vp10/run1_2018-05-24-13-14-41.ids_2,16,1,eating,food,train,train,9578
a_column_co_driver__run1_2018-05-23-10-21-45.ids_2__vp6__ann78__ch1.jpg,a_column_co_driver,6,vp6/run1_2018-05-23-10-21-45.ids_2,78,1,eating,food,train,train,39823
a_column_co_driver__run2_2018-05-22-14-25-04.ids_2__vp4__ann104__ch8.jpg,a_column_co_driver,4,vp4/run2_2018-05-22-14-25-04.ids_2,104,8,eating,food,train,train,49020
a_column_co_driver__run1_2018-05-23-10-21-45.ids_2__vp6__ann85__ch1.jpg,a_column_co_driver,6,vp6/run1_2018-05-23-10-21-45.ids_2,85,1,eating,food,train,train,42208
a_column_co_driver__run2_2018-05-29-14-33-44.ids_2__vp1__ann41__ch3.jpg,a_column_co_driver,1,vp1/run2_2018-05-29-14-33-44.ids_2,41,3,eating,food,train,train,20052
a_column_co_driver__run1_2018-05-30-10-11-09.ids_2__vp14__ann90__ch24.jpg,a_column_co_driver,14,vp14/run1_2018-05-30-10-11-09.ids_2,90,24,eating,food,test,val,40301
a_column_co_driver__run1_2018-05-23-13-16-52.ids_2__vp7__ann11__ch7.jpg,a_column_co_driver,7,vp7/run1_2018-05-23-13-16-52.ids_2,11,7,eating,food,val,train,9426
a_column_co_driver__run1b_2018-05-23-16-19-17.ids_2__vp9__ann32__ch1.jpg,a_column_co_driver,9,vp9/run1b_2018-05-23-16-19-17.ids_2,32,1,eating,food,test,train,11894
a_column_co_driver__run1_2018-05-30-10-11-09.ids_2__vp14__ann90__ch32.jpg,a_column_co_driver,14,vp14/run1_2018-05-30-10-11-09.ids_2,90,32,eating,food,test,val,41021
a_column_co_driver__run2_2018-05-23-11-05-00.ids_2__vp6__ann30__ch3.jpg,a_column_co_driver,6,vp6/run2_2018-05-23-11-05-00.ids_2,30,3,eating,food,train,train,15100
a_column_co_driver__run2_2018-05-24-14-08-46.ids_2__vp10__ann90__ch1.jpg,a_column_co_driver,10,vp10/run2_2018-05-24-14-08-46.ids_2,90,1,preparing_food,food,train,train,33175
a_column_co_driver__run1_2018-05-23-10-21-45.ids_2__vp6__ann76__ch0.jpg,a_column_co_driver,6,vp6/run1_2018-05-23-10-21-45.ids_2,76,0,preparing_food,food,train,train,39324
a_column_co_driver__run2_2018-05-23-11-05-00.ids_2__vp6__ann30__ch7.jpg,a_column_co_driver,6,vp6/run2_2018-05-23-11-05-00.ids_2,30,7,eating,food,train,train,15459
a_column_co_driver__run1b_2018-05-29-14-02-47.ids_2__vp1__ann50__ch3.jpg,a_column_co_driver,1,vp1/run1b_2018-05-29-14-02-47.ids_2,50,3,eating,food,train,train,15428
a_column_co_driver__run2_2018-05-30-10-42-33.ids_2__vp14__ann78__ch0.jpg,a_column_co_driver,14,vp14/run2_2018-05-30-10-42-33.ids_2,78,0,eating,food,test,val,30451
a_column_co_driver__run2b_2018-05-22-15-50-07.ids_2__vp5__ann67__ch0.jpg,a_column_co_driver,5,vp5/run2b_2018-05-22-15-50-07.ids_2,67,0,eating,food,train,test,26089
a_column_co_driver__run1b_2018-05-08-08-46-01.ids_2__vp3__ann80__ch4.jpg,a_column_co_driver,3,vp3/run1b_2018-05-08-08-46-01.ids_2,80,4,eating,food,train,train,32412
a_column_co_driver__run2_2018-05-30-10-42-33.ids_2__vp14__ann93__ch20.jpg,a_column_co_driver,14,vp14/run2_2018-05-30-10-42-33.ids_2,93,20,eating,food,test,val,36116
a_column_co_driver__run1_2018-05-24-13-14-41.ids_2__vp10__ann33__ch1.jpg,a_column_co_driver,10,vp10/run1_2018-05-24-13-14-41.ids_2,33,1,eating,food,train,train,12302
a_column_co_driver__run2_2018-05-24-16-21-35.ids_2__vp12__ann83__ch2.jpg,a_column_co_driver,12,vp12/run2_2018-05-24-16-21-35.ids_2,83,2,eating,food,train,train,33022
a_column_co_driver__run1_2018-05-23-10-21-45.ids_2__vp6__ann78__ch2.jpg,a_column_co_driver,6,vp6/run1_2018-05-23-10-21-45.ids_2,78,2,eating,food,train,train,39914
a_column_co_driver__run1d_2018-05-23-14-54-38.ids_2__vp8__ann58__ch12.jpg,a_column_co_driver,8,vp8/run1d_2018-05-23-14-54-38.ids_2,58,12,eating,food,val,train,30123
a_column_co_driver__run1_2018-05-23-13-16-52.ids_2__vp7__ann81__ch18.jpg,a_column_co_driver,7,vp7/run1_2018-05-23-13-16-52.ids_2,81,18,eating,food,val,train,26093
a_column_co_driver__run2_2018-05-30-10-42-33.ids_2__vp14__ann93__ch15.jpg,a_column_co_driver,14,vp14/run2_2018-05-30-10-42-33.ids_2,93,15,eating,food,test,val,35673
a_column_co_driver__run1_2018-05-24-15-44-28.ids_2__vp12__ann40__ch2.jpg,a_column_co_driver,12,vp12/run1_2018-05-24-15-44-28.ids_2,40,2,eating,food,train,train,18021
a_column_co_driver__run2_2018-05-22-14-25-04.ids_2__vp4__ann104__ch5.jpg,a_column_co_driver,4,vp4/run2_2018-05-22-14-25-04.ids_2,104,5,eating,food,train,train,48752
a_column_co_driver__run2_2018-05-30-10-42-33.ids_2__vp14__ann93__ch32.jpg,a_column_co_driver,14,vp14/run2_2018-05-30-10-42-33.ids_2,93,32,eating,food,test,val,37195
a_column_co_driver__run1b_2018-05-23-16-19-17.ids_2__vp9__ann75__ch1.jpg,a_column_co_driver,9,vp9/run1b_2018-05-23-16-19-17.ids_2,75,1,eating,food,test,train,19464
a_column_co_driver__run2_2018-05-23-11-05-00.ids_2__vp6__ann65__ch5.jpg,a_column_co_driver,6,vp6/run2_2018-05-23-11-05-00.ids_2,65,5,eating,food,train,train,30033
a_column_co_driver__run2_2018-05-24-17-22-26.ids_2__vp2__ann38__ch5.jpg,a_column_co_driver,2,vp2/run2_2018-05-24-17-22-26.ids_2,38,5,eating,food,train,train,20288
a_column_co_driver__run1_2018-05-30-10-11-09.ids_2__vp14__ann90__ch6.jpg,a_column_co_driver,14,vp14/run1_2018-05-30-10-11-09.ids_2,90,6,eating,food,test,val,38679
a_column_co_driver__run1_2018-05-22-13-28-51.ids_2__vp4__ann100__ch1.jpg,a_column_co_driver,4,vp4/run1_2018-05-22-13-28-51.ids_2,100,1,eating,food,train,train,45316
a_column_co_driver__run1_2018-05-22-15-10-41.ids_2__vp5__ann123__ch6.jpg,a_column_co_driver,5,vp5/run1_2018-05-22-15-10-41.ids_2,123,6,eating,food,train,test,46147
a_column_co_driver__run2_2018-05-24-17-22-26.ids_2__vp2__ann50__ch6.jpg,a_column_co_driver,2,vp2/run2_2018-05-24-17-22-26.ids_2,50,6,eating,food,train,train,23131
a_column_co_driver__run1_2018-05-22-15-10-41.ids_2__vp5__ann49__ch33.jpg,a_column_co_driver,5,vp5/run1_2018-05-22-15-10-41.ids_2,49,33,eating,food,train,test,23891
a_column_co_driver__run1_2018-05-24-13-14-41.ids_2__vp10__ann90__ch8.jpg,a_column_co_driver,10,vp10/run1_2018-05-24-13-14-41.ids_2,90,8,eating,food,train,train,29626
a_column_co_driver__run2_2018-05-24-16-21-35.ids_2__vp12__ann99__ch4.jpg,a_column_co_driver,12,vp12/run2_2018-05-24-16-21-35.ids_2,99,4,eating,food,train,train,39598
a_column_co_driver__run2_2018-05-29-14-33-44.ids_2__vp1__ann40__ch1.jpg,a_column_co_driver,1,vp1/run2_2018-05-29-14-33-44.ids_2,40,1,preparing_food,food,train,train,19728
a_column_co_driver__run1_2018-05-24-13-14-41.ids_2__vp10__ann90__ch12.jpg,a_column_co_driver,10,vp10/run1_2018-05-24-13-14-41.ids_2,90,12,eating,food,train,train,29985
a_column_co_driver__run1_2018-05-22-15-10-41.ids_2__vp5__ann49__ch8.jpg,a_column_co_driver,5,vp5/run1_2018-05-22-15-10-41.ids_2,49,8,eating,food,train,test,21652
a_column_co_driver__run2_2018-05-24-16-21-35.ids_2__vp12__ann17__ch9.jpg,a_column_co_driver,12,vp12/run2_2018-05-24-16-21-35.ids_2,17,9,eating,food,train,train,9980
a_column_co_driver__run1b_2018-05-23-16-19-17.ids_2__vp9__ann36__ch3.jpg,a_column_co_driver,9,vp9/run1b_2018-05-23-16-19-17.ids_2,36,3,eating,food,test,train,12742
a_column_co_driver__run2_2018-05-24-17-22-26.ids_2__vp2__ann50__ch1.jpg,a_column_co_driver,2,vp2/run2_2018-05-24-17-22-26.ids_2,50,1,eating,food,train,train,22683
a_column_co_driver__run2_2018-05-30-10-42-33.ids_2__vp14__ann104__ch5.jpg,a_column_co_driver,14,vp14/run2_2018-05-30-10-42-33.ids_2,104,5,eating,food,test,val,40820
a_column_co_driver__run2_2018-05-30-11-34-54.ids_2__vp13__ann48__ch13.jpg,a_column_co_driver,13,vp13/run2_2018-05-30-11-34-54.ids_2,48,13,eating,food,train,test,22446
a_column_co_driver__run1_2018-05-30-10-11-09.ids_2__vp14__ann90__ch28.jpg,a_column_co_driver,14,vp14/run1_2018-05-30-10-11-09.ids_2,90,28,eating,food,test,val,40662
a_column_co_driver__run1d_2018-05-23-14-54-38.ids_2__vp8__ann78__ch7.jpg,a_column_co_driver,8,vp8/run1d_2018-05-23-14-54-38.ids_2,78,7,eating,food,val,train,37818
a_column_co_driver__run1_2018-05-30-10-11-09.ids_2__vp14__ann90__ch27.jpg,a_column_co_driver,14,vp14/run1_2018-05-30-10-11-09.ids_2,90,27,eating,food,test,val,40573
a_column_co_driver__run1_2018-05-24-13-44-01.ids_2__vp11__ann73__ch2.jpg,a_column_co_driver,11,vp11/run1_2018-05-24-13-44-01.ids_2,73,2,preparing_food,food,train,test,29667
a_column_co_driver__run1_2018-05-24-15-44-28.ids_2__vp12__ann42__ch19.jpg,a_column_co_driver,12,vp12/run1_2018-05-24-15-44-28.ids_2,42,19,eating,food,train,train,20083
a_column_co_driver__run1_2018-05-24-13-14-41.ids_2__vp10__ann90__ch13.jpg,a_column_co_driver,10,vp10/run1_2018-05-24-13-14-41.ids_2,90,13,eating,food,train,train,30077
a_column_co_driver__run1b_2018-05-29-14-02-47.ids_2__vp1__ann103__ch0.jpg,a_column_co_driver,1,vp1/run1b_2018-05-29-14-02-47.ids_2,103,0,eating,food,train,train,27447
a_column_co_driver__run1_2018-05-30-13-05-35.ids_2__vp15__ann11__ch2.jpg,a_column_co_driver,15,vp15/run1_2018-05-30-13-05-35.ids_2,11,2,preparing_food,food,train,val,8432
a_column_co_driver__run2_2018-05-24-16-21-35.ids_2__vp12__ann99__ch9.jpg,a_column_co_driver,12,vp12/run2_2018-05-24-16-21-35.ids_2,99,9,eating,food,train,train,40045
a_column_co_driver__run1_2018-05-22-15-10-41.ids_2__vp5__ann129__ch0.jpg,a_column_co_driver,5,vp5/run1_2018-05-22-15-10-41.ids_2,129,0,eating,food,train,test,48270
a_column_co_driver__run2_2018-05-29-16-03-37.ids_2__vp3__ann78__ch0.jpg,a_column_co_driver,3,vp3/run2_2018-05-29-16-03-37.ids_2,78,0,eating,food,train,train,29646
a_column_co_driver__run1b_2018-05-08-08-46-01.ids_2__vp3__ann70__ch1.jpg,a_column_co_driver,3,vp3/run1b_2018-05-08-08-46-01.ids_2,70,1,eating,food,train,train,30338
a_column_co_driver__run1d_2018-05-23-14-54-38.ids_2__vp8__ann78__ch15.jpg,a_column_co_driver,8,vp8/run1d_2018-05-23-14-54-38.ids_2,78,15,eating,food,val,train,38542
a_column_co_driver__run2_2018-05-23-15-30-27.ids_2__vp8__ann16__ch3.jpg,a_column_co_driver,8,vp8/run2_2018-05-23-15-30-27.ids_2,16,3,eating,food,val,train,7689
a_column_co_driver__run1_2018-05-24-13-14-41.ids_2__vp10__ann16__ch0.jpg,a_column_co_driver,10,vp10/run1_2018-05-24-13-14-41.ids_2,16,0,eating,food,train,train,9488
a_column_co_driver__run1b_2018-05-23-16-19-17.ids_2__vp9__ann75__ch5.jpg,a_column_co_driver,9,vp9/run1b_2018-05-23-16-19-17.ids_2,75,5,eating,food,test,train,19792
a_column_co_driver__run1_2018-05-24-13-44-01.ids_2__vp11__ann82__ch0.jpg,a_column_co_driver,11,vp11/run1_2018-05-24-13-44-01.ids_2,82,0,eating,food,train,test,30949
a_column_co_driver__run2_2018-05-30-10-42-33.ids_2__vp14__ann104__ch2.jpg,a_column_co_driver,14,vp14/run2_2018-05-30-10-42-33.ids_2,104,2,eating,food,test,val,40553
a_column_co_driver__run1b_2018-05-29-14-02-47.ids_2__vp1__ann50__ch9.jpg,a_column_co_driver,1,vp1/run1b_2018-05-29-14-02-47.ids_2,50,9,eating,food,train,train,15963
a_column_co_driver__run2_2018-05-23-11-05-00.ids_2__vp6__ann65__ch2.jpg,a_column_co_driver,6,vp6/run2_2018-05-23-11-05-00.ids_2,65,2,eating,food,train,train,29787
a_column_co_driver__run1_2018-05-24-13-14-41.ids_2__vp10__ann33__ch2.jpg,a_column_co_driver,10,vp10/run1_2018-05-24-13-14-41.ids_2,33,2,eating,food,train,train,12367
a_column_co_driver__run2_2018-05-24-14-08-46.ids_2__vp10__ann100__ch0.jpg,a_column_co_driver,10,vp10/run2_2018-05-24-14-08-46.ids_2,100,0,preparing_food,food,train,train,34863
a_column_co_driver__run1_2018-05-22-15-10-41.ids_2__vp5__ann105__ch11.jpg,a_column_co_driver,5,vp5/run1_2018-05-22-15-10-41.ids_2,105,11,eating,food,train,test,41965
a_column_co_driver__run1d_2018-05-23-14-54-38.ids_2__vp8__ann58__ch1.jpg,a_column_co_driver,8,vp8/run1d_2018-05-23-14-54-38.ids_2,58,1,eating,food,val,train,29139
a_column_co_driver__run1_2018-05-30-10-11-09.ids_2__vp14__ann16__ch2.jpg,a_column_co_driver,14,vp14/run1_2018-05-30-10-11-09.ids_2,16,2,eating,food,test,val,10717
a_column_co_driver__run2_2018-05-30-10-42-33.ids_2__vp14__ann93__ch35.jpg,a_column_co_driver,14,vp14/run2_2018-05-30-10-42-33.ids_2,93,35,eating,food,test,val,37464
a_column_co_driver__run1_2018-05-24-15-44-28.ids_2__vp12__ann40__ch5.jpg,a_column_co_driver,12,vp12/run1_2018-05-24-15-44-28.ids_2,40,5,eating,food,train,train,18272
a_column_co_driver__run1_2018-05-24-15-44-28.ids_2__vp12__ann42__ch12.jpg,a_column_co_driver,12,vp12/run1_2018-05-24-15-44-28.ids_2,42,12,eating,food,train,train,19470
a_column_co_driver__run1_2018-05-30-10-11-09.ids_2__vp14__ann86__ch2.jpg,a_column_co_driver,14,vp14/run1_2018-05-30-10-11-09.ids_2,86,2,eating,food,test,val,34688
a_column_co_driver__run1_2018-05-30-10-11-09.ids_2__vp14__ann90__ch5.jpg,a_column_co_driver,14,vp14/run1_2018-05-30-10-11-09.ids_2,90,5,eating,food,test,val,38589
a_column_co_driver__run2_2018-05-23-11-05-00.ids_2__vp6__ann30__ch10.jpg,a_column_co_driver,6,vp6/run2_2018-05-23-11-05-00.ids_2,30,10,eating,food,train,train,15727
a_column_co_driver__run2_2018-05-30-10-42-33.ids_2__vp14__ann93__ch4.jpg,a_column_co_driver,14,vp14/run2_2018-05-30-10-42-33.ids_2,93,4,eating,food,test,val,34683
a_column_co_driver__run2_2018-05-24-16-21-35.ids_2__vp12__ann64__ch4.jpg,a_column_co_driver,12,vp12/run2_2018-05-24-16-21-35.ids_2,64,4,eating,food,train,train,24609
a_column_co_driver__run2b_2018-05-22-15-50-07.ids_2__vp5__ann76__ch0.jpg,a_column_co_driver,5,vp5/run2b_2018-05-22-15-50-07.ids_2,76,0,eating,food,train,test,27718
a_column_co_driver__run1_2018-05-23-10-21-45.ids_2__vp6__ann85__ch0.jpg,a_column_co_driver,6,vp6/run1_2018-05-23-10-21-45.ids_2,85,0,eating,food,train,train,42119
a_column_co_driver__run1d_2018-05-23-14-54-38.ids_2__vp8__ann58__ch26.jpg,a_column_co_driver,8,vp8/run1d_2018-05-23-14-54-38.ids_2,58,26,eating,food,val,train,31382
a_column_co_driver__run1_2018-05-22-15-10-41.ids_2__vp5__ann125__ch5.jpg,a_column_co_driver,5,vp5/run1_2018-05-22-15-10-41.ids_2,125,5,eating,food,train,test,46780
a_column_co_driver__run2b_2018-05-22-15-50-07.ids_2__vp5__ann70__ch0.jpg,a_column_co_driver,5,vp5/run2b_2018-05-22-15-50-07.ids_2,70,0,eating,food,train,test,26340
a_column_co_driver__run1_2018-05-24-13-14-41.ids_2__vp10__ann90__ch6.jpg,a_column_co_driver,10,vp10/run1_2018-05-24-13-14-41.ids_2,90,6,eating,food,train,train,29447
a_column_co_driver__run1b_2018-05-08-08-46-01.ids_2__vp3__ann80__ch5.jpg,a_column_co_driver,3,vp3/run1b_2018-05-08-08-46-01.ids_2,80,5,eating,food,train,train,32502
a_column_co_driver__run2_2018-05-22-14-25-04.ids_2__vp4__ann9__ch2.jpg,a_column_co_driver,4,vp4/run2_2018-05-22-14-25-04.ids_2,9,2,eating,food,train,train,11455
a_column_co_driver__run2_2018-05-24-16-21-35.ids_2__vp12__ann99__ch10.jpg,a_column_co_driver,12,vp12/run2_2018-05-24-16-21-35.ids_2,99,10,eating,food,train,train,40128
a_column_co_driver__run2_2018-05-24-16-21-35.ids_2__vp12__ann99__ch1.jpg,a_column_co_driver,12,vp12/run2_2018-05-24-16-21-35.ids_2,99,1,eating,food,train,train,39328
a_column_co_driver__run1_2018-05-24-13-14-41.ids_2__vp10__ann90__ch21.jpg,a_column_co_driver,10,vp10/run1_2018-05-24-13-14-41.ids_2,90,21,eating,food,train,train,30790
a_column_co_driver__run1_2018-05-22-13-28-51.ids_2__vp4__ann26__ch6.jpg,a_column_co_driver,4,vp4/run1_2018-05-22-13-28-51.ids_2,26,6,eating,food,train,train,17088
a_column_co_driver__run2_2018-05-22-14-25-04.ids_2__vp4__ann9__ch3.jpg,a_column_co_driver,4,vp4/run2_2018-05-22-14-25-04.ids_2,9,3,eating,food,train,train,11546
a_column_co_driver__run2b_2018-05-22-15-50-07.ids_2__vp5__ann76__ch10.jpg,a_column_co_driver,5,vp5/run2b_2018-05-22-15-50-07.ids_2,76,10,eating,food,train,test,28617
a_column_co_driver__run2_2018-05-29-16-03-37.ids_2__vp3__ann78__ch9.jpg,a_column_co_driver,3,vp3/run2_2018-05-29-16-03-37.ids_2,78,9,eating,food,train,train,30416
a_column_co_driver__run2_2018-05-24-16-21-35.ids_2__vp12__ann99__ch5.jpg,a_column_co_driver,12,vp12/run2_2018-05-24-16-21-35.ids_2,99,5,eating,food,train,train,39688
a_column_co_driver__run2_2018-05-29-16-03-37.ids_2__vp3__ann78__ch6.jpg,a_column_co_driver,3,vp3/run2_2018-05-29-16-03-37.ids_2,78,6,eating,food,train,train,30186
a_column_co_driver__run1b_2018-05-23-16-19-17.ids_2__vp9__ann36__ch1.jpg,a_column_co_driver,9,vp9/run1b_2018-05-23-16-19-17.ids_2,36,1,eating,food,test,train,12562
a_column_co_driver__run2_2018-05-30-11-34-54.ids_2__vp13__ann48__ch4.jpg,a_column_co_driver,13,vp13/run2_2018-05-30-11-34-54.ids_2,48,4,eating,food,train,test,21633
a_column_co_driver__run1_2018-05-24-13-44-01.ids_2__vp11__ann85__ch3.jpg,a_column_co_driver,11,vp11/run1_2018-05-24-13-44-01.ids_2,85,3,eating,food,train,test,31547
a_column_co_driver__run1_2018-05-24-13-44-01.ids_2__vp11__ann108__ch2.jpg,a_column_co_driver,11,vp11/run1_2018-05-24-13-44-01.ids_2,108,2,eating,food,train,test,35694
a_column_co_driver__run1_2018-05-22-15-10-41.ids_2__vp5__ann34__ch3.jpg,a_column_co_driver,5,vp5/run1_2018-05-22-15-10-41.ids_2,34,3,eating,food,train,test,18513
a_column_co_driver__run1_2018-05-22-15-10-41.ids_2__vp5__ann51__ch4.jpg,a_column_co_driver,5,vp5/run1_2018-05-22-15-10-41.ids_2,51,4,eating,food,train,test,24432
a_column_co_driver__run1_2018-05-30-10-11-09.ids_2__vp14__ann90__ch7.jpg,a_column_co_driver,14,vp14/run1_2018-05-30-10-11-09.ids_2,90,7,eating,food,test,val,38769
a_column_co_driver__run1_2018-05-22-13-28-51.ids_2__vp4__ann24__ch1.jpg,a_column_co_driver,4,vp4/run1_2018-05-22-13-28-51.ids_2,24,1,eating,food,train,train,16210
a_column_co_driver__run1b_2018-05-29-14-02-47.ids_2__vp1__ann50__ch8.jpg,a_column_co_driver,1,vp1/run1b_2018-05-29-14-02-47.ids_2,50,8,eating,food,train,train,15874
a_column_co_driver__run1_2018-05-24-13-14-41.ids_2__vp10__ann90__ch27.jpg,a_column_co_driver,10,vp10/run1_2018-05-24-13-14-41.ids_2,90,27,eating,food,train,train,31327
a_column_co_driver__run2_2018-05-24-14-35-56.ids_2__vp11__ann77__ch6.jpg,a_column_co_driver,11,vp11/run2_2018-05-24-14-35-56.ids_2,77,6,eating,food,train,test,19303
a_column_co_driver__run2_2018-05-24-17-22-26.ids_2__vp2__ann38__ch7.jpg,a_column_co_driver,2,vp2/run2_2018-05-24-17-22-26.ids_2,38,7,eating,food,train,train,20471
a_column_co_driver__run2_2018-05-24-17-22-26.ids_2__vp2__ann38__ch6.jpg,a_column_co_driver,2,vp2/run2_2018-05-24-17-22-26.ids_2,38,6,eating,food,train,train,20380
a_column_co_driver__run1b_2018-05-23-16-19-17.ids_2__vp9__ann28__ch4.jpg,a_column_co_driver,9,vp9/run1b_2018-05-23-16-19-17.ids_2,28,4,eating,food,test,train,10762
a_column_co_driver__run2_2018-05-23-11-05-00.ids_2__vp6__ann30__ch1.jpg,a_column_co_driver,6,vp6/run2_2018-05-23-11-05-00.ids_2,30,1,eating,food,train,train,14922
a_column_co_driver__run2_2018-05-24-14-08-46.ids_2__vp10__ann101__ch1.jpg,a_column_co_driver,10,vp10/run2_2018-05-24-14-08-46.ids_2,101,1,eating,food,train,train,35056
a_column_co_driver__run1_2018-05-22-15-10-41.ids_2__vp5__ann127__ch1.jpg,a_column_co_driver,5,vp5/run1_2018-05-22-15-10-41.ids_2,127,1,eating,food,train,test,47803
a_column_co_driver__run1_2018-05-30-10-11-09.ids_2__vp14__ann86__ch17.jpg,a_column_co_driver,14,vp14/run1_2018-05-30-10-11-09.ids_2,86,17,eating,food,test,val,36042
a_column_co_driver__run1_2018-05-22-15-10-41.ids_2__vp5__ann49__ch1.jpg,a_column_co_driver,5,vp5/run1_2018-05-22-15-10-41.ids_2,49,1,eating,food,train,test,21026
a_column_co_driver__run1_2018-05-22-13-28-51.ids_2__vp4__ann26__ch2.jpg,a_column_co_driver,4,vp4/run1_2018-05-22-13-28-51.ids_2,26,2,eating,food,train,train,16729
a_column_co_driver__run2_2018-05-23-11-05-00.ids_2__vp6__ann53__ch0.jpg,a_column_co_driver,6,vp6/run2_2018-05-23-11-05-00.ids_2,53,0,eating,food,train,train,26656
a_column_co_driver__run2_2018-05-24-14-08-46.ids_2__vp10__ann90__ch0.jpg,a_column_co_driver,10,vp10/run2_2018-05-24-14-08-46.ids_2,90,0,preparing_food,food,train,train,33100
a_column_co_driver__run2_2018-05-30-10-42-33.ids_2__vp14__ann78__ch6.jpg,a_column_co_driver,14,vp14/run2_2018-05-30-10-42-33.ids_2,78,6,eating,food,test,val,30989
a_column_co_driver__run2b_2018-05-22-15-50-07.ids_2__vp5__ann66__ch0.jpg,a_column_co_driver,5,vp5/run2b_2018-05-22-15-50-07.ids_2,66,0,preparing_food,food,train,test,25933
a_column_co_driver__run2_2018-05-30-10-42-33.ids_2__vp14__ann88__ch1.jpg,a_column_co_driver,14,vp14/run2_2018-05-30-10-42-33.ids_2,88,1,eating,food,test,val,33188
a_column_co_driver__run2_2018-05-23-11-05-00.ids_2__vp6__ann30__ch11.jpg,a_column_co_driver,6,vp6/run2_2018-05-23-11-05-00.ids_2,30,11,eating,food,train,train,15801
a_column_co_driver__run2_2018-05-24-16-21-35.ids_2__vp12__ann85__ch5.jpg,a_column_co_driver,12,vp12/run2_2018-05-24-16-21-35.ids_2,85,5,eating,food,train,train,33690
a_column_co_driver__run1_2018-05-22-15-10-41.ids_2__vp5__ann49__ch25.jpg,a_column_co_driver,5,vp5/run1_2018-05-22-15-10-41.ids_2,49,25,eating,food,train,test,23177
a_column_co_driver__run1_2018-05-22-15-10-41.ids_2__vp5__ann51__ch3.jpg,a_column_co_driver,5,vp5/run1_2018-05-22-15-10-41.ids_2,51,3,eating,food,train,test,24342
a_column_co_driver__run2_2018-05-30-10-42-33.ids_2__vp14__ann93__ch40.jpg,a_column_co_driver,14,vp14/run2_2018-05-30-10-42-33.ids_2,93,40,eating,food,test,val,37909
a_column_co_driver__run1_2018-05-24-13-14-41.ids_2__vp10__ann90__ch14.jpg,a_column_co_driver,10,vp10/run1_2018-05-24-13-14-41.ids_2,90,14,eating,food,train,train,30166
a_column_co_driver__run1d_2018-05-23-14-54-38.ids_2__vp8__ann78__ch0.jpg,a_column_co_driver,8,vp8/run1d_2018-05-23-14-54-38.ids_2,78,0,eating,food,val,train,37188
a_column_co_driver__run2_2018-05-24-16-21-35.ids_2__vp12__ann17__ch13.jpg,a_column_co_driver,12,vp12/run2_2018-05-24-16-21-35.ids_2,17,13,eating,food,train,train,10336
a_column_co_driver__run1b_2018-05-23-16-19-17.ids_2__vp9__ann36__ch0.jpg,a_column_co_driver,9,vp9/run1b_2018-05-23-16-19-17.ids_2,36,0,eating,food,test,train,12472
a_column_co_driver__run1_2018-05-22-15-10-41.ids_2__vp5__ann105__ch2.jpg,a_column_co_driver,5,vp5/run1_2018-05-22-15-10-41.ids_2,105,2,eating,food,train,test,41154
a_column_co_driver__run1b_2018-05-29-14-02-47.ids_2__vp1__ann102__ch1.jpg,a_column_co_driver,1,vp1/run1b_2018-05-29-14-02-47.ids_2,102,1,preparing_food,food,train,train,27206
a_column_co_driver__run1b_2018-05-29-14-02-47.ids_2__vp1__ann50__ch0.jpg,a_column_co_driver,1,vp1/run1b_2018-05-29-14-02-47.ids_2,50,0,eating,food,train,train,15157
a_column_co_driver__run2_2018-05-24-16-21-35.ids_2__vp12__ann17__ch12.jpg,a_column_co_driver,12,vp12/run2_2018-05-24-16-21-35.ids_2,17,12,eating,food,train,train,10246
a_column_co_driver__run1d_2018-05-23-14-54-38.ids_2__vp8__ann58__ch34.jpg,a_column_co_driver,8,vp8/run1d_2018-05-23-14-54-38.ids_2,58,34,eating,food,val,train,32057
a_column_co_driver__run2_2018-05-24-16-21-35.ids_2__vp12__ann83__ch0.jpg,a_column_co_driver,12,vp12/run2_2018-05-24-16-21-35.ids_2,83,0,eating,food,train,train,32856
a_column_co_driver__run2b_2018-05-22-15-50-07.ids_2__vp5__ann70__ch1.jpg,a_column_co_driver,5,vp5/run2b_2018-05-22-15-50-07.ids_2,70,1,eating,food,train,test,26430
a_column_co_driver__run1_2018-05-29-15-21-10.ids_2__vp13__ann39__ch11.jpg,a_column_co_driver,13,vp13/run1_2018-05-29-15-21-10.ids_2,39,11,eating,food,train,test,22661
a_column_co_driver__run1_2018-05-24-15-44-28.ids_2__vp12__ann65__ch3.jpg,a_column_co_driver,12,vp12/run1_2018-05-24-15-44-28.ids_2,65,3,eating,food,train,train,29697
a_column_co_driver__run1_2018-05-24-13-14-41.ids_2__vp10__ann90__ch24.jpg,a_column_co_driver,10,vp10/run1_2018-05-24-13-14-41.ids_2,90,24,eating,food,train,train,31058
a_column_co_driver__run1d_2018-05-23-14-54-38.ids_2__vp8__ann58__ch0.jpg,a_column_co_driver,8,vp8/run1d_2018-05-23-14-54-38.ids_2,58,0,eating,food,val,train,29051
a_column_co_driver__run2_2018-05-23-11-05-00.ids_2__vp6__ann53__ch1.jpg,a_column_co_driver,6,vp6/run2_2018-05-23-11-05-00.ids_2,53,1,eating,food,train,train,26733
a_column_co_driver__run2_2018-05-24-16-21-35.ids_2__vp12__ann85__ch4.jpg,a_column_co_driver,12,vp12/run2_2018-05-24-16-21-35.ids_2,85,4,eating,food,train,train,33600
a_column_co_driver__run2_2018-05-30-10-42-33.ids_2__vp14__ann78__ch5.jpg,a_column_co_driver,14,vp14/run2_2018-05-30-10-42-33.ids_2,78,5,eating,food,test,val,30900
a_column_co_driver__run1b_2018-05-23-16-19-17.ids_2__vp9__ann26__ch1.jpg,a_column_co_driver,9,vp9/run1b_2018-05-23-16-19-17.ids_2,26,1,eating,food,test,train,10192
a_column_co_driver__run1_2018-05-30-10-11-09.ids_2__vp14__ann86__ch10.jpg,a_column_co_driver,14,vp14/run1_2018-05-30-10-11-09.ids_2,86,10,eating,food,test,val,35410
a_column_co_driver__run1b_2018-05-29-14-02-47.ids_2__vp1__ann50__ch6.jpg,a_column_co_driver,1,vp1/run1b_2018-05-29-14-02-47.ids_2,50,6,eating,food,train,train,15695
a_column_co_driver__run1d_2018-05-23-14-54-38.ids_2__vp8__ann58__ch27.jpg,a_column_co_driver,8,vp8/run1d_2018-05-23-14-54-38.ids_2,58,27,eating,food,val,train,31472
a_column_co_driver__run1b_2018-05-29-14-02-47.ids_2__vp1__ann110__ch2.jpg,a_column_co_driver,1,vp1/run1b_2018-05-29-14-02-47.ids_2,110,2,eating,food,train,train,28696
a_column_co_driver__run1b_2018-05-23-16-19-17.ids_2__vp9__ann86__ch1.jpg,a_column_co_driver,9,vp9/run1b_2018-05-23-16-19-17.ids_2,86,1,eating,food,test,train,21944
a_column_co_driver__run1_2018-05-23-13-16-52.ids_2__vp7__ann81__ch19.jpg,a_column_co_driver,7,vp7/run1_2018-05-23-13-16-52.ids_2,81,19,eating,food,val,train,26144
a_column_co_driver__run2_2018-05-24-14-35-56.ids_2__vp11__ann63__ch1.jpg,a_column_co_driver,11,vp11/run2_2018-05-24-14-35-56.ids_2,63,1,eating,food,train,test,16614
a_column_co_driver__run1_2018-05-22-15-10-41.ids_2__vp5__ann125__ch1.jpg,a_column_co_driver,5,vp5/run1_2018-05-22-15-10-41.ids_2,125,1,eating,food,train,test,46417
a_column_co_driver__run1_2018-05-29-15-21-10.ids_2__vp13__ann39__ch15.jpg,a_column_co_driver,13,vp13/run1_2018-05-29-15-21-10.ids_2,39,15,eating,food,train,test,23011
a_column_co_driver__run2_2018-05-30-10-42-33.ids_2__vp14__ann93__ch39.jpg,a_column_co_driver,14,vp14/run2_2018-05-30-10-42-33.ids_2,93,39,eating,food,test,val,37821
a_column_co_driver__run1b_2018-05-23-16-19-17.ids_2__vp9__ann36__ch5.jpg,a_column_co_driver,9,vp9/run1b_2018-05-23-16-19-17.ids_2,36,5,eating,food,test,train,12912
a_column_co_driver__run1_2018-05-24-15-44-28.ids_2__vp12__ann42__ch1.jpg,a_column_co_driver,12,vp12/run1_2018-05-24-15-44-28.ids_2,42,1,eating,food,train,train,18484
a_column_co_driver__run1_2018-05-22-15-10-41.ids_2__vp5__ann113__ch0.jpg,a_column_co_driver,5,vp5/run1_2018-05-22-15-10-41.ids_2,113,0,eating,food,train,test,43640
a_column_co_driver__run1_2018-05-22-15-10-41.ids_2__vp5__ann53__ch8.jpg,a_column_co_driver,5,vp5/run1_2018-05-22-15-10-41.ids_2,53,8,eating,food,train,test,25735
a_column_co_driver__run1_2018-05-23-13-16-52.ids_2__vp7__ann81__ch1.jpg,a_column_co_driver,7,vp7/run1_2018-05-23-13-16-52.ids_2,81,1,eating,food,val,train,24565
a_column_co_driver__run1_2018-05-30-10-11-09.ids_2__vp14__ann90__ch26.jpg,a_column_co_driver,14,vp14/run1_2018-05-30-10-11-09.ids_2,90,26,eating,food,test,val,40483
a_column_co_driver__run1_2018-05-24-15-44-28.ids_2__vp12__ann42__ch15.jpg,a_column_co_driver,12,vp12/run1_2018-05-24-15-44-28.ids_2,42,15,eating,food,train,train,19739
a_column_co_driver__run1d_2018-05-23-14-54-38.ids_2__vp8__ann58__ch15.jpg,a_column_co_driver,8,vp8/run1d_2018-05-23-14-54-38.ids_2,58,15,eating,food,val,train,30392
a_column_co_driver__run1_2018-05-22-13-28-51.ids_2__vp4__ann24__ch0.jpg,a_column_co_driver,4,vp4/run1_2018-05-22-13-28-51.ids_2,24,0,eating,food,train,train,16121
a_column_co_driver__run2_2018-05-24-14-35-56.ids_2__vp11__ann70__ch0.jpg,a_column_co_driver,11,vp11/run2_2018-05-24-14-35-56.ids_2,70,0,eating,food,train,test,17229
a_column_co_driver__run2_2018-05-24-16-21-35.ids_2__vp12__ann17__ch16.jpg,a_column_co_driver,12,vp12/run2_2018-05-24-16-21-35.ids_2,17,16,eating,food,train,train,10607
a_column_co_driver__run1_2018-05-30-10-11-09.ids_2__vp14__ann90__ch18.jpg,a_column_co_driver,14,vp14/run1_2018-05-30-10-11-09.ids_2,90,18,eating,food,test,val,39760
a_column_co_driver__run1_2018-05-22-15-10-41.ids_2__vp5__ann119__ch2.jpg,a_column_co_driver,5,vp5/run1_2018-05-22-15-10-41.ids_2,119,2,eating,food,train,test,44170
a_column_co_driver__run2_2018-05-23-15-30-27.ids_2__vp8__ann16__ch2.jpg,a_column_co_driver,8,vp8/run2_2018-05-23-15-30-27.ids_2,16,2,eating,food,val,train,7598
a_column_co_driver__run2_2018-05-23-11-05-00.ids_2__vp6__ann65__ch4.jpg,a_column_co_driver,6,vp6/run2_2018-05-23-11-05-00.ids_2,65,4,eating,food,train,train,29966
a_column_co_driver__run1_2018-05-22-15-10-41.ids_2__vp5__ann53__ch2.jpg,a_column_co_driver,5,vp5/run1_2018-05-22-15-10-41.ids_2,53,2,eating,food,train,test,25203
a_column_co_driver__run1_2018-05-24-15-44-28.ids_2__vp12__ann42__ch4.jpg,a_column_co_driver,12,vp12/run1_2018-05-24-15-44-28.ids_2,42,4,eating,food,train,train,18753
a_column_co_driver__run2b_2018-05-22-15-50-07.ids_2__vp5__ann70__ch6.jpg,a_column_co_driver,5,vp5/run2b_2018-05-22-15-50-07.ids_2,70,6,eating,food,train,test,26883
a_column_co_driver__run1_2018-05-23-10-21-45.ids_2__vp6__ann78__ch10.jpg,a_column_co_driver,6,vp6/run1_2018-05-23-10-21-45.ids_2,78,10,eating,food,train,train,40611
a_column_co_driver__run1b_2018-05-08-08-46-01.ids_2__vp3__ann80__ch6.jpg,a_column_co_driver,3,vp3/run1b_2018-05-08-08-46-01.ids_2,80,6,eating,food,train,train,32592
a_column_co_driver__run1_2018-05-24-15-44-28.ids_2__vp12__ann65__ch0.jpg,a_column_co_driver,12,vp12/run1_2018-05-24-15-44-28.ids_2,65,0,eating,food,train,train,29427
a_column_co_driver__run2_2018-05-30-13-34-33.ids_2__vp15__ann20__ch1.jpg,a_column_co_driver,15,vp15/run2_2018-05-30-13-34-33.ids_2,20,1,eating,food,train,val,11001
a_column_co_driver__run1_2018-05-30-10-11-09.ids_2__vp14__ann90__ch9.jpg,a_column_co_driver,14,vp14/run1_2018-05-30-10-11-09.ids_2,90,9,eating,food,test,val,38948
a_column_co_driver__run1d_2018-05-23-14-54-38.ids_2__vp8__ann78__ch20.jpg,a_column_co_driver,8,vp8/run1d_2018-05-23-14-54-38.ids_2,78,20,eating,food,val,train,38995
a_column_co_driver__run1b_2018-05-08-08-46-01.ids_2__vp3__ann70__ch8.jpg,a_column_co_driver,3,vp3/run1b_2018-05-08-08-46-01.ids_2,70,8,eating,food,train,train,30928
a_column_co_driver__run1_2018-05-24-15-44-28.ids_2__vp12__ann42__ch16.jpg,a_column_co_driver,12,vp12/run1_2018-05-24-15-44-28.ids_2,42,16,eating,food,train,train,19829
a_column_co_driver__run2_2018-05-30-10-42-33.ids_2__vp14__ann93__ch10.jpg,a_column_co_driver,14,vp14/run2_2018-05-30-10-42-33.ids_2,93,10,eating,food,test,val,35222
a_column_co_driver__run2_2018-05-24-16-21-35.ids_2__vp12__ann17__ch17.jpg,a_column_co_driver,12,vp12/run2_2018-05-24-16-21-35.ids_2,17,17,eating,food,train,train,10696
a_column_co_driver__run1_2018-05-23-13-16-52.ids_2__vp7__ann11__ch2.jpg,a_column_co_driver,7,vp7/run1_2018-05-23-13-16-52.ids_2,11,2,eating,food,val,train,9028
a_column_co_driver__run1d_2018-05-23-14-54-38.ids_2__vp8__ann78__ch14.jpg,a_column_co_driver,8,vp8/run1d_2018-05-23-14-54-38.ids_2,78,14,eating,food,val,train,38451
a_column_co_driver__run1_2018-05-22-15-10-41.ids_2__vp5__ann34__ch1.jpg,a_column_co_driver,5,vp5/run1_2018-05-22-15-10-41.ids_2,34,1,eating,food,train,test,18332
a_column_co_driver__run1_2018-05-22-15-10-41.ids_2__vp5__ann53__ch1.jpg,a_column_co_driver,5,vp5/run1_2018-05-22-15-10-41.ids_2,53,1,eating,food,train,test,25114
a_column_co_driver__run1d_2018-05-23-14-54-38.ids_2__vp8__ann58__ch14.jpg,a_column_co_driver,8,vp8/run1d_2018-05-23-14-54-38.ids_2,58,14,eating,food,val,train,30301
a_column_co_driver__run2_2018-05-24-16-21-35.ids_2__vp12__ann21__ch0.jpg,a_column_co_driver,12,vp12/run2_2018-05-24-16-21-35.ids_2,21,0,eating,food,train,train,11838
a_column_co_driver__run2_2018-05-29-16-03-37.ids_2__vp3__ann78__ch5.jpg,a_column_co_driver,3,vp3/run2_2018-05-29-16-03-37.ids_2,78,5,eating,food,train,train,30096
a_column_co_driver__run1_2018-05-22-15-10-41.ids_2__vp5__ann121__ch7.jpg,a_column_co_driver,5,vp5/run1_2018-05-22-15-10-41.ids_2,121,7,eating,food,train,test,45294
a_column_co_driver__run2_2018-05-22-14-25-04.ids_2__vp4__ann11__ch1.jpg,a_column_co_driver,4,vp4/run2_2018-05-22-14-25-04.ids_2,11,1,eating,food,train,train,11845
a_column_co_driver__run2_2018-05-22-14-25-04.ids_2__vp4__ann101__ch4.jpg,a_column_co_driver,4,vp4/run2_2018-05-22-14-25-04.ids_2,101,4,eating,food,train,train,48068
a_column_co_driver__run1_2018-05-22-15-10-41.ids_2__vp5__ann111__ch3.jpg,a_column_co_driver,5,vp5/run1_2018-05-22-15-10-41.ids_2,111,3,eating,food,train,test,43494
a_column_co_driver__run2_2018-05-23-15-30-27.ids_2__vp8__ann25__ch0.jpg,a_column_co_driver,8,vp8/run2_2018-05-23-15-30-27.ids_2,25,0,preparing_food,food,val,train,9414
a_column_co_driver__run1d_2018-05-23-14-54-38.ids_2__vp8__ann58__ch16.jpg,a_column_co_driver,8,vp8/run1d_2018-05-23-14-54-38.ids_2,58,16,eating,food,val,train,30483
a_column_co_driver__run1b_2018-05-29-14-02-47.ids_2__vp1__ann49__ch0.jpg,a_column_co_driver,1,vp1/run1b_2018-05-29-14-02-47.ids_2,49,0,preparing_food,food,train,train,14958
a_column_co_driver__run2_2018-05-30-11-34-54.ids_2__vp13__ann48__ch6.jpg,a_column_co_driver,13,vp13/run2_2018-05-30-11-34-54.ids_2,48,6,eating,food,train,test,21814
a_column_co_driver__run1_2018-05-30-10-11-09.ids_2__vp14__ann90__ch25.jpg,a_column_co_driver,14,vp14/run1_2018-05-30-10-11-09.ids_2,90,25,eating,food,test,val,40392
a_column_co_driver__run1_2018-05-22-15-10-41.ids_2__vp5__ann125__ch11.jpg,a_column_co_driver,5,vp5/run1_2018-05-22-15-10-41.ids_2,125,11,eating,food,train,test,47314
a_column_co_driver__run2_2018-05-24-16-21-35.ids_2__vp12__ann83__ch1.jpg,a_column_co_driver,12,vp12/run2_2018-05-24-16-21-35.ids_2,83,1,eating,food,train,train,32944
a_column_co_driver__run1_2018-05-24-13-14-41.ids_2__vp10__ann90__ch26.jpg,a_column_co_driver,10,vp10/run1_2018-05-24-13-14-41.ids_2,90,26,eating,food,train,train,31237
a_column_co_driver__run1_2018-05-22-15-10-41.ids_2__vp5__ann105__ch14.jpg,a_column_co_driver,5,vp5/run1_2018-05-22-15-10-41.ids_2,105,14,eating,food,train,test,42235
a_column_co_driver__run2_2018-05-22-14-25-04.ids_2__vp4__ann101__ch5.jpg,a_column_co_driver,4,vp4/run2_2018-05-22-14-25-04.ids_2,101,5,eating,food,train,train,48120
a_column_co_driver__run1d_2018-05-23-14-54-38.ids_2__vp8__ann78__ch21.jpg,a_column_co_driver,8,vp8/run1d_2018-05-23-14-54-38.ids_2,78,21,eating,food,val,train,39083
a_column_co_driver__run1_2018-05-22-15-10-41.ids_2__vp5__ann49__ch17.jpg,a_column_co_driver,5,vp5/run1_2018-05-22-15-10-41.ids_2,49,17,eating,food,train,test,22456
a_column_co_driver__run2_2018-05-22-14-25-04.ids_2__vp4__ann11__ch0.jpg,a_column_co_driver,4,vp4/run2_2018-05-22-14-25-04.ids_2,11,0,eating,food,train,train,11755
a_column_co_driver__run2_2018-05-24-16-21-35.ids_2__vp12__ann17__ch4.jpg,a_column_co_driver,12,vp12/run2_2018-05-24-16-21-35.ids_2,17,4,eating,food,train,train,9529
a_column_co_driver__run2b_2018-05-22-15-50-07.ids_2__vp5__ann76__ch4.jpg,a_column_co_driver,5,vp5/run2b_2018-05-22-15-50-07.ids_2,76,4,eating,food,train,test,28076
a_column_co_driver__run2_2018-05-24-17-22-26.ids_2__vp2__ann50__ch7.jpg,a_column_co_driver,2,vp2/run2_2018-05-24-17-22-26.ids_2,50,7,eating,food,train,train,23221
a_column_co_driver__run2_2018-05-30-10-42-33.ids_2__vp14__ann93__ch12.jpg,a_column_co_driver,14,vp14/run2_2018-05-30-10-42-33.ids_2,93,12,eating,food,test,val,35403
a_column_co_driver__run1_2018-05-24-13-44-01.ids_2__vp11__ann74__ch0.jpg,a_column_co_driver,11,vp11/run1_2018-05-24-13-44-01.ids_2,74,0,eating,food,train,test,29739
a_column_co_driver__run1_2018-05-24-13-14-41.ids_2__vp10__ann90__ch0.jpg,a_column_co_driver,10,vp10/run1_2018-05-24-13-14-41.ids_2,90,0,eating,food,train,train,28909
a_column_co_driver__run1d_2018-05-23-14-54-38.ids_2__vp8__ann78__ch11.jpg,a_column_co_driver,8,vp8/run1d_2018-05-23-14-54-38.ids_2,78,11,eating,food,val,train,38179
a_column_co_driver__run2_2018-05-24-17-22-26.ids_2__vp2__ann38__ch10.jpg,a_column_co_driver,2,vp2/run2_2018-05-24-17-22-26.ids_2,38,10,eating,food,train,train,20703
a_column_co_driver__run1b_2018-05-23-16-19-17.ids_2__vp9__ann75__ch0.jpg,a_column_co_driver,9,vp9/run1b_2018-05-23-16-19-17.ids_2,75,0,eating,food,test,train,19375
a_column_co_driver__run1_2018-05-23-13-16-52.ids_2__vp7__ann60__ch1.jpg,a_column_co_driver,7,vp7/run1_2018-05-23-13-16-52.ids_2,60,1,eating,food,val,train,19570
a_column_co_driver__run2_2018-05-30-11-34-54.ids_2__vp13__ann48__ch15.jpg,a_column_co_driver,13,vp13/run2_2018-05-30-11-34-54.ids_2,48,15,eating,food,train,test,22606
a_column_co_driver__run1_2018-05-22-15-10-41.ids_2__vp5__ann115__ch0.jpg,a_column_co_driver,5,vp5/run1_2018-05-22-15-10-41.ids_2,115,0,eating,food,train,test,43716
a_column_co_driver__run1_2018-05-22-15-10-41.ids_2__vp5__ann30__ch1.jpg,a_column_co_driver,5,vp5/run1_2018-05-22-15-10-41.ids_2,30,1,eating,food,train,test,17569
a_column_co_driver__run1d_2018-05-23-14-54-38.ids_2__vp8__ann78__ch6.jpg,a_column_co_driver,8,vp8/run1d_2018-05-23-14-54-38.ids_2,78,6,eating,food,val,train,37728
a_column_co_driver__run1_2018-05-24-15-44-28.ids_2__vp12__ann42__ch13.jpg,a_column_co_driver,12,vp12/run1_2018-05-24-15-44-28.ids_2,42,13,eating,food,train,train,19560
a_column_co_driver__run2_2018-05-30-10-42-33.ids_2__vp14__ann93__ch13.jpg,a_column_co_driver,14,vp14/run2_2018-05-30-10-42-33.ids_2,93,13,eating,food,test,val,35493
a_column_co_driver__run2_2018-05-23-15-30-27.ids_2__vp8__ann69__ch3.jpg,a_column_co_driver,8,vp8/run2_2018-05-23-15-30-27.ids_2,69,3,eating,food,val,train,20809
a_column_co_driver__run1b_2018-05-23-16-19-17.ids_2__vp9__ann54__ch0.jpg,a_column_co_driver,9,vp9/run1b_2018-05-23-16-19-17.ids_2,54,0,eating,food,test,train,17389
a_column_co_driver__run2_2018-05-24-14-35-56.ids_2__vp11__ann82__ch0.jpg,a_column_co_driver,11,vp11/run2_2018-05-24-14-35-56.ids_2,82,0,eating,food,train,test,20297
a_column_co_driver__run1_2018-05-23-10-21-45.ids_2__vp6__ann78__ch6.jpg,a_column_co_driver,6,vp6/run1_2018-05-23-10-21-45.ids_2,78,6,eating,food,train,train,40274
a_column_co_driver__run2_2018-05-22-14-25-04.ids_2__vp4__ann101__ch3.jpg,a_column_co_driver,4,vp4/run2_2018-05-22-14-25-04.ids_2,101,3,eating,food,train,train,47978
a_column_co_driver__run1_2018-05-22-15-10-41.ids_2__vp5__ann49__ch30.jpg,a_column_co_driver,5,vp5/run1_2018-05-22-15-10-41.ids_2,49,30,eating,food,train,test,23626
a_column_co_driver__run2_2018-05-24-17-22-26.ids_2__vp2__ann50__ch0.jpg,a_column_co_driver,2,vp2/run2_2018-05-24-17-22-26.ids_2,50,0,eating,food,train,train,22593
a_column_co_driver__run1b_2018-05-23-16-19-17.ids_2__vp9__ann75__ch4.jpg,a_column_co_driver,9,vp9/run1b_2018-05-23-16-19-17.ids_2,75,4,eating,food,test,train,19736
a_column_co_driver__run1_2018-05-24-13-44-01.ids_2__vp11__ann95__ch1.jpg,a_column_co_driver,11,vp11/run1_2018-05-24-13-44-01.ids_2,95,1,eating,food,train,test,32888
a_column_co_driver__run1_2018-05-23-10-21-45.ids_2__vp6__ann76__ch2.jpg,a_column_co_driver,6,vp6/run1_2018-05-23-10-21-45.ids_2,76,2,preparing_food,food,train,train,39503
a_column_co_driver__run2_2018-05-24-16-21-35.ids_2__vp12__ann17__ch1.jpg,a_column_co_driver,12,vp12/run2_2018-05-24-16-21-35.ids_2,17,1,eating,food,train,train,9261
a_column_co_driver__run1_2018-05-24-13-14-41.ids_2__vp10__ann92__ch1.jpg,a_column_co_driver,10,vp10/run1_2018-05-24-13-14-41.ids_2,92,1,eating,food,train,train,31575
a_column_co_driver__run1_2018-05-30-10-11-09.ids_2__vp14__ann90__ch21.jpg,a_column_co_driver,14,vp14/run1_2018-05-30-10-11-09.ids_2,90,21,eating,food,test,val,40032
a_column_co_driver__run1b_2018-05-23-16-19-17.ids_2__vp9__ann23__ch2.jpg,a_column_co_driver,9,vp9/run1b_2018-05-23-16-19-17.ids_2,23,2,preparing_food,food,test,train,9843
a_column_co_driver__run1b_2018-05-29-14-02-47.ids_2__vp1__ann109__ch0.jpg,a_column_co_driver,1,vp1/run1b_2018-05-29-14-02-47.ids_2,109,0,preparing_food,food,train,train,28471
a_column_co_driver__run1_2018-05-22-15-10-41.ids_2__vp5__ann53__ch7.jpg,a_column_co_driver,5,vp5/run1_2018-05-22-15-10-41.ids_2,53,7,eating,food,train,test,25654
a_column_co_driver__run1_2018-05-22-15-10-41.ids_2__vp5__ann51__ch0.jpg,a_column_co_driver,5,vp5/run1_2018-05-22-15-10-41.ids_2,51,0,eating,food,train,test,24073
a_column_co_driver__run1_2018-05-22-15-10-41.ids_2__vp5__ann53__ch6.jpg,a_column_co_driver,5,vp5/run1_2018-05-22-15-10-41.ids_2,53,6,eating,food,train,test,25565
a_column_co_driver__run1_2018-05-24-13-14-41.ids_2__vp10__ann92__ch9.jpg,a_column_co_driver,10,vp10/run1_2018-05-24-13-14-41.ids_2,92,9,eating,food,train,train,32296
a_column_co_driver__run1_2018-05-30-10-11-09.ids_2__vp14__ann16__ch5.jpg,a_column_co_driver,14,vp14/run1_2018-05-30-10-11-09.ids_2,16,5,eating,food,test,val,10959
a_column_co_driver__run2_2018-05-30-10-42-33.ids_2__vp14__ann80__ch6.jpg,a_column_co_driver,14,vp14/run2_2018-05-30-10-42-33.ids_2,80,6,eating,food,test,val,31853
a_column_co_driver__run2_2018-05-24-17-22-26.ids_2__vp2__ann38__ch2.jpg,a_column_co_driver,2,vp2/run2_2018-05-24-17-22-26.ids_2,38,2,eating,food,train,train,20017
a_column_co_driver__run2_2018-05-23-11-05-00.ids_2__vp6__ann30__ch9.jpg,a_column_co_driver,6,vp6/run2_2018-05-23-11-05-00.ids_2,30,9,eating,food,train,train,15638
a_column_co_driver__run1d_2018-05-23-14-54-38.ids_2__vp8__ann58__ch23.jpg,a_column_co_driver,8,vp8/run1d_2018-05-23-14-54-38.ids_2,58,23,eating,food,val,train,31116
a_column_co_driver__run1_2018-05-29-15-21-10.ids_2__vp13__ann39__ch14.jpg,a_column_co_driver,13,vp13/run1_2018-05-29-15-21-10.ids_2,39,14,eating,food,train,test,22929
a_column_co_driver__run2_2018-05-30-10-42-33.ids_2__vp14__ann93__ch11.jpg,a_column_co_driver,14,vp14/run2_2018-05-30-10-42-33.ids_2,93,11,eating,food,test,val,35313
a_column_co_driver__run1_2018-05-22-15-10-41.ids_2__vp5__ann47__ch0.jpg,a_column_co_driver,5,vp5/run1_2018-05-22-15-10-41.ids_2,47,0,eating,food,train,test,20797
a_column_co_driver__run1_2018-05-22-15-10-41.ids_2__vp5__ann123__ch5.jpg,a_column_co_driver,5,vp5/run1_2018-05-22-15-10-41.ids_2,123,5,eating,food,train,test,46077
a_column_co_driver__run1_2018-05-23-10-21-45.ids_2__vp6__ann80__ch0.jpg,a_column_co_driver,6,vp6/run1_2018-05-23-10-21-45.ids_2,80,0,eating,food,train,train,40766
a_column_co_driver__run2_2018-05-23-15-30-27.ids_2__vp8__ann16__ch5.jpg,a_column_co_driver,8,vp8/run2_2018-05-23-15-30-27.ids_2,16,5,eating,food,val,train,7869
a_column_co_driver__run1_2018-05-30-10-11-09.ids_2__vp14__ann90__ch34.jpg,a_column_co_driver,14,vp14/run1_2018-05-30-10-11-09.ids_2,90,34,eating,food,test,val,41200
a_column_co_driver__run1b_2018-05-29-14-02-47.ids_2__vp1__ann102__ch3.jpg,a_column_co_driver,1,vp1/run1b_2018-05-29-14-02-47.ids_2,102,3,preparing_food,food,train,train,27378
a_column_co_driver__run2_2018-05-22-14-25-04.ids_2__vp4__ann104__ch0.jpg,a_column_co_driver,4,vp4/run2_2018-05-22-14-25-04.ids_2,104,0,eating,food,train,train,48303
a_column_co_driver__run1b_2018-05-23-16-19-17.ids_2__vp9__ann25__ch1.jpg,a_column_co_driver,9,vp9/run1b_2018-05-23-16-19-17.ids_2,25,1,preparing_food,food,test,train,10049
a_column_co_driver__run1d_2018-05-23-14-54-38.ids_2__vp8__ann58__ch33.jpg,a_column_co_driver,8,vp8/run1d_2018-05-23-14-54-38.ids_2,58,33,eating,food,val,train,32010
a_column_co_driver__run2_2018-05-30-11-34-54.ids_2__vp13__ann48__ch7.jpg,a_column_co_driver,13,vp13/run2_2018-05-30-11-34-54.ids_2,48,7,eating,food,train,test,21905
a_column_co_driver__run2_2018-05-24-14-35-56.ids_2__vp11__ann80__ch0.jpg,a_column_co_driver,11,vp11/run2_2018-05-24-14-35-56.ids_2,80,0,eating,food,train,test,20089
a_column_co_driver__run1_2018-05-23-13-16-52.ids_2__vp7__ann11__ch4.jpg,a_column_co_driver,7,vp7/run1_2018-05-23-13-16-52.ids_2,11,4,eating,food,val,train,9205
a_column_co_driver__run2_2018-05-22-14-25-04.ids_2__vp4__ann9__ch4.jpg,a_column_co_driver,4,vp4/run2_2018-05-22-14-25-04.ids_2,9,4,eating,food,train,train,11616
a_column_co_driver__run1_2018-05-30-10-11-09.ids_2__vp14__ann90__ch12.jpg,a_column_co_driver,14,vp14/run1_2018-05-30-10-11-09.ids_2,90,12,eating,food,test,val,39218
a_column_co_driver__run2_2018-05-23-11-05-00.ids_2__vp6__ann65__ch0.jpg,a_column_co_driver,6,vp6/run2_2018-05-23-11-05-00.ids_2,65,0,eating,food,train,train,29607
a_column_co_driver__run2_2018-05-23-15-30-27.ids_2__vp8__ann69__ch0.jpg,a_column_co_driver,8,vp8/run2_2018-05-23-15-30-27.ids_2,69,0,eating,food,val,train,20541
a_column_co_driver__run1_2018-05-22-15-10-41.ids_2__vp5__ann49__ch4.jpg,a_column_co_driver,5,vp5/run1_2018-05-22-15-10-41.ids_2,49,4,eating,food,train,test,21294
a_column_co_driver__run2_2018-05-30-10-42-33.ids_2__vp14__ann104__ch6.jpg,a_column_co_driver,14,vp14/run2_2018-05-30-10-42-33.ids_2,104,6,eating,food,test,val,40875
a_column_co_driver__run1_2018-05-30-13-05-35.ids_2__vp15__ann18__ch4.jpg,a_column_co_driver,15,vp15/run1_2018-05-30-13-05-35.ids_2,18,4,eating,food,train,val,9516
a_column_co_driver__run2_2018-05-30-10-42-33.ids_2__vp14__ann93__ch37.jpg,a_column_co_driver,14,vp14/run2_2018-05-30-10-42-33.ids_2,93,37,eating,food,test,val,37643
a_column_co_driver__run2_2018-05-30-10-42-33.ids_2__vp14__ann93__ch0.jpg,a_column_co_driver,14,vp14/run2_2018-05-30-10-42-33.ids_2,93,0,eating,food,test,val,34320
a_column_co_driver__run2_2018-05-24-16-21-35.ids_2__vp12__ann85__ch15.jpg,a_column_co_driver,12,vp12/run2_2018-05-24-16-21-35.ids_2,85,15,eating,food,train,train,34594
a_column_co_driver__run2_2018-05-30-11-34-54.ids_2__vp13__ann48__ch0.jpg,a_column_co_driver,13,vp13/run2_2018-05-30-11-34-54.ids_2,48,0,eating,food,train,test,21274
a_column_co_driver__run2_2018-05-24-17-22-26.ids_2__vp2__ann38__ch9.jpg,a_column_co_driver,2,vp2/run2_2018-05-24-17-22-26.ids_2,38,9,eating,food,train,train,20654
a_column_co_driver__run1_2018-05-24-13-44-01.ids_2__vp11__ann73__ch0.jpg,a_column_co_driver,11,vp11/run1_2018-05-24-13-44-01.ids_2,73,0,preparing_food,food,train,test,29508
a_column_co_driver__run1_2018-05-23-10-21-45.ids_2__vp6__ann80__ch3.jpg,a_column_co_driver,6,vp6/run1_2018-05-23-10-21-45.ids_2,80,3,eating,food,train,train,41037
a_column_co_driver__run1_2018-05-22-15-10-41.ids_2__vp5__ann34__ch4.jpg,a_column_co_driver,5,vp5/run1_2018-05-22-15-10-41.ids_2,34,4,eating,food,train,test,18604
a_column_co_driver__run2_2018-05-23-11-05-00.ids_2__vp6__ann30__ch5.jpg,a_column_co_driver,6,vp6/run2_2018-05-23-11-05-00.ids_2,30,5,eating,food,train,train,15278
a_column_co_driver__run1b_2018-05-29-14-02-47.ids_2__vp1__ann102__ch2.jpg,a_column_co_driver,1,vp1/run1b_2018-05-29-14-02-47.ids_2,102,2,preparing_food,food,train,train,27296
a_column_co_driver__run2_2018-05-24-16-21-35.ids_2__vp12__ann85__ch9.jpg,a_column_co_driver,12,vp12/run2_2018-05-24-16-21-35.ids_2,85,9,eating,food,train,train,34051
a_column_co_driver__run2_2018-05-24-17-22-26.ids_2__vp2__ann48__ch1.jpg,a_column_co_driver,2,vp2/run2_2018-05-24-17-22-26.ids_2,48,1,eating,food,train,train,22385
a_column_co_driver__run1_2018-05-29-15-21-10.ids_2__vp13__ann39__ch3.jpg,a_column_co_driver,13,vp13/run1_2018-05-29-15-21-10.ids_2,39,3,eating,food,train,test,21941
a_column_co_driver__run1_2018-05-22-15-10-41.ids_2__vp5__ann119__ch5.jpg,a_column_co_driver,5,vp5/run1_2018-05-22-15-10-41.ids_2,119,5,eating,food,train,test,44425
a_column_co_driver__run2_2018-05-24-16-21-35.ids_2__vp12__ann85__ch13.jpg,a_column_co_driver,12,vp12/run2_2018-05-24-16-21-35.ids_2,85,13,eating,food,train,train,34412
a_column_co_driver__run1_2018-05-22-15-10-41.ids_2__vp5__ann34__ch5.jpg,a_column_co_driver,5,vp5/run1_2018-05-22-15-10-41.ids_2,34,5,eating,food,train,test,18690
a_column_co_driver__run2_2018-05-24-16-21-35.ids_2__vp12__ann17__ch11.jpg,a_column_co_driver,12,vp12/run2_2018-05-24-16-21-35.ids_2,17,11,eating,food,train,train,10158
a_column_co_driver__run2_2018-05-23-15-30-27.ids_2__vp8__ann16__ch1.jpg,a_column_co_driver,8,vp8/run2_2018-05-23-15-30-27.ids_2,16,1,eating,food,val,train,7507
a_column_co_driver__run2_2018-05-30-10-42-33.ids_2__vp14__ann80__ch4.jpg,a_column_co_driver,14,vp14/run2_2018-05-30-10-42-33.ids_2,80,4,eating,food,test,val,31674
a_column_co_driver__run1d_2018-05-23-14-54-38.ids_2__vp8__ann58__ch3.jpg,a_column_co_driver,8,vp8/run1d_2018-05-23-14-54-38.ids_2,58,3,eating,food,val,train,29314
a_column_co_driver__run2_2018-05-29-14-33-44.ids_2__vp1__ann41__ch1.jpg,a_column_co_driver,1,vp1/run2_2018-05-29-14-33-44.ids_2,41,1,eating,food,train,train,19875
a_column_co_driver__run1_2018-05-22-15-10-41.ids_2__vp5__ann49__ch26.jpg,a_column_co_driver,5,vp5/run1_2018-05-22-15-10-41.ids_2,49,26,eating,food,train,test,23267
a_column_co_driver__run1_2018-05-24-15-44-28.ids_2__vp12__ann42__ch7.jpg,a_column_co_driver,12,vp12/run1_2018-05-24-15-44-28.ids_2,42,7,eating,food,train,train,19021
a_column_co_driver__run2_2018-05-24-14-35-56.ids_2__vp11__ann70__ch8.jpg,a_column_co_driver,11,vp11/run2_2018-05-24-14-35-56.ids_2,70,8,eating,food,train,test,17945
a_column_co_driver__run1_2018-05-24-13-14-41.ids_2__vp10__ann16__ch4.jpg,a_column_co_driver,10,vp10/run1_2018-05-24-13-14-41.ids_2,16,4,eating,food,train,train,9848
a_column_co_driver__run1d_2018-05-23-14-54-38.ids_2__vp8__ann58__ch7.jpg,a_column_co_driver,8,vp8/run1d_2018-05-23-14-54-38.ids_2,58,7,eating,food,val,train,29677
a_column_co_driver__run2_2018-05-24-17-22-26.ids_2__vp2__ann38__ch1.jpg,a_column_co_driver,2,vp2/run2_2018-05-24-17-22-26.ids_2,38,1,eating,food,train,train,19926
a_column_co_driver__run2_2018-05-24-14-35-56.ids_2__vp11__ann80__ch1.jpg,a_column_co_driver,11,vp11/run2_2018-05-24-14-35-56.ids_2,80,1,eating,food,train,test,20147
a_column_co_driver__run1_2018-05-24-13-14-41.ids_2__vp10__ann90__ch5.jpg,a_column_co_driver,10,vp10/run1_2018-05-24-13-14-41.ids_2,90,5,eating,food,train,train,29357
a_column_co_driver__run2_2018-05-24-16-21-35.ids_2__vp12__ann17__ch0.jpg,a_column_co_driver,12,vp12/run2_2018-05-24-16-21-35.ids_2,17,0,eating,food,train,train,9170
a_column_co_driver__run1_2018-05-29-15-21-10.ids_2__vp13__ann39__ch0.jpg,a_column_co_driver,13,vp13/run1_2018-05-29-15-21-10.ids_2,39,0,eating,food,train,test,21673
a_column_co_driver__run1_2018-05-22-15-10-41.ids_2__vp5__ann121__ch8.jpg,a_column_co_driver,5,vp5/run1_2018-05-22-15-10-41.ids_2,121,8,eating,food,train,test,45385
a_column_co_driver__run1_2018-05-30-13-05-35.ids_2__vp15__ann18__ch6.jpg,a_column_co_driver,15,vp15/run1_2018-05-30-13-05-35.ids_2,18,6,eating,food,train,val,9663
a_column_co_driver__run1_2018-05-23-13-16-52.ids_2__vp7__ann60__ch0.jpg,a_column_co_driver,7,vp7/run1_2018-05-23-13-16-52.ids_2,60,0,eating,food,val,train,19481
a_column_co_driver__run1_2018-05-22-15-10-41.ids_2__vp5__ann123__ch1.jpg,a_column_co_driver,5,vp5/run1_2018-05-22-15-10-41.ids_2,123,1,eating,food,train,test,45715
a_column_co_driver__run1_2018-05-22-15-10-41.ids_2__vp5__ann125__ch4.jpg,a_column_co_driver,5,vp5/run1_2018-05-22-15-10-41.ids_2,125,4,eating,food,train,test,46689
a_column_co_driver__run2_2018-05-24-16-21-35.ids_2__vp12__ann85__ch1.jpg,a_column_co_driver,12,vp12/run2_2018-05-24-16-21-35.ids_2,85,1,eating,food,train,train,33331
a_column_co_driver__run1_2018-05-29-15-21-10.ids_2__vp13__ann39__ch2.jpg,a_column_co_driver,13,vp13/run1_2018-05-29-15-21-10.ids_2,39,2,eating,food,train,test,21852
a_column_co_driver__run1_2018-05-22-15-10-41.ids_2__vp5__ann111__ch2.jpg,a_column_co_driver,5,vp5/run1_2018-05-22-15-10-41.ids_2,111,2,eating,food,train,test,43401
a_column_co_driver__run1_2018-05-30-10-11-09.ids_2__vp14__ann90__ch16.jpg,a_column_co_driver,14,vp14/run1_2018-05-30-10-11-09.ids_2,90,16,eating,food,test,val,39576
a_column_co_driver__run1_2018-05-29-15-21-10.ids_2__vp13__ann39__ch1.jpg,a_column_co_driver,13,vp13/run1_2018-05-29-15-21-10.ids_2,39,1,eating,food,train,test,21763
a_column_co_driver__run1_2018-05-23-10-21-45.ids_2__vp6__ann84__ch1.jpg,a_column_co_driver,6,vp6/run1_2018-05-23-10-21-45.ids_2,84,1,preparing_food,food,train,train,42052
a_column_co_driver__run2_2018-05-30-10-42-33.ids_2__vp14__ann93__ch38.jpg,a_column_co_driver,14,vp14/run2_2018-05-30-10-42-33.ids_2,93,38,eating,food,test,val,37733
a_column_co_driver__run1_2018-05-23-10-21-45.ids_2__vp6__ann78__ch9.jpg,a_column_co_driver,6,vp6/run1_2018-05-23-10-21-45.ids_2,78,9,eating,food,train,train,40542
a_column_co_driver__run2_2018-05-30-10-42-33.ids_2__vp14__ann93__ch18.jpg,a_column_co_driver,14,vp14/run2_2018-05-30-10-42-33.ids_2,93,18,eating,food,test,val,35938
a_column_co_driver__run1_2018-05-22-15-10-41.ids_2__vp5__ann105__ch1.jpg,a_column_co_driver,5,vp5/run1_2018-05-22-15-10-41.ids_2,105,1,eating,food,train,test,41064
a_column_co_driver__run1_2018-05-22-15-10-41.ids_2__vp5__ann49__ch0.jpg,a_column_co_driver,5,vp5/run1_2018-05-22-15-10-41.ids_2,49,0,eating,food,train,test,20936
a_column_co_driver__run2_2018-05-22-14-25-04.ids_2__vp4__ann9__ch0.jpg,a_column_co_driver,4,vp4/run2_2018-05-22-14-25-04.ids_2,9,0,eating,food,train,train,11277
a_column_co_driver__run1d_2018-05-23-14-54-38.ids_2__vp8__ann58__ch4.jpg,a_column_co_driver,8,vp8/run1d_2018-05-23-14-54-38.ids_2,58,4,eating,food,val,train,29404
a_column_co_driver__run1_2018-05-22-15-10-41.ids_2__vp5__ann119__ch1.jpg,a_column_co_driver,5,vp5/run1_2018-05-22-15-10-41.ids_2,119,1,eating,food,train,test,44081
a_column_co_driver__run1_2018-05-22-13-28-51.ids_2__vp4__ann26__ch5.jpg,a_column_co_driver,4,vp4/run1_2018-05-22-13-28-51.ids_2,26,5,eating,food,train,train,16999
a_column_co_driver__run2_2018-05-24-14-08-46.ids_2__vp10__ann100__ch1.jpg,a_column_co_driver,10,vp10/run2_2018-05-24-14-08-46.ids_2,100,1,preparing_food,food,train,train,34933
a_column_co_driver__run2_2018-05-24-14-08-46.ids_2__vp10__ann91__ch1.jpg,a_column_co_driver,10,vp10/run2_2018-05-24-14-08-46.ids_2,91,1,eating,food,train,train,33343
a_column_co_driver__run2b_2018-05-22-15-50-07.ids_2__vp5__ann70__ch8.jpg,a_column_co_driver,5,vp5/run2b_2018-05-22-15-50-07.ids_2,70,8,eating,food,train,test,27063
a_column_co_driver__run1_2018-05-30-10-11-09.ids_2__vp14__ann90__ch23.jpg,a_column_co_driver,14,vp14/run1_2018-05-30-10-11-09.ids_2,90,23,eating,food,test,val,40212
a_column_co_driver__run1_2018-05-22-15-10-41.ids_2__vp5__ann49__ch24.jpg,a_column_co_driver,5,vp5/run1_2018-05-22-15-10-41.ids_2,49,24,eating,food,train,test,23087
a_column_co_driver__run2_2018-05-22-14-25-04.ids_2__vp4__ann11__ch3.jpg,a_column_co_driver,4,vp4/run2_2018-05-22-14-25-04.ids_2,11,3,eating,food,train,train,12026
a_column_co_driver__run2_2018-05-24-17-22-26.ids_2__vp2__ann50__ch3.jpg,a_column_co_driver,2,vp2/run2_2018-05-24-17-22-26.ids_2,50,3,eating,food,train,train,22864
a_column_co_driver__run1_2018-05-23-10-21-45.ids_2__vp6__ann78__ch8.jpg,a_column_co_driver,6,vp6/run1_2018-05-23-10-21-45.ids_2,78,8,eating,food,train,train,40452
a_column_co_driver__run1_2018-05-24-13-14-41.ids_2__vp10__ann92__ch5.jpg,a_column_co_driver,10,vp10/run1_2018-05-24-13-14-41.ids_2,92,5,eating,food,train,train,31935
a_column_co_driver__run2_2018-05-24-14-35-56.ids_2__vp11__ann70__ch2.jpg,a_column_co_driver,11,vp11/run2_2018-05-24-14-35-56.ids_2,70,2,eating,food,train,test,17410
a_column_co_driver__run1_2018-05-23-13-16-52.ids_2__vp7__ann81__ch5.jpg,a_column_co_driver,7,vp7/run1_2018-05-23-13-16-52.ids_2,81,5,eating,food,val,train,24916
a_column_co_driver__run1_2018-05-22-15-10-41.ids_2__vp5__ann121__ch2.jpg,a_column_co_driver,5,vp5/run1_2018-05-22-15-10-41.ids_2,121,2,eating,food,train,test,44844
a_column_co_driver__run1_2018-05-22-15-10-41.ids_2__vp5__ann49__ch7.jpg,a_column_co_driver,5,vp5/run1_2018-05-22-15-10-41.ids_2,49,7,eating,food,train,test,21562
a_column_co_driver__run1b_2018-05-29-14-02-47.ids_2__vp1__ann50__ch5.jpg,a_column_co_driver,1,vp1/run1b_2018-05-29-14-02-47.ids_2,50,5,eating,food,train,train,15607
a_column_co_driver__run1_2018-05-22-15-10-41.ids_2__vp5__ann53__ch5.jpg,a_column_co_driver,5,vp5/run1_2018-05-22-15-10-41.ids_2,53,5,eating,food,train,test,25475
a_column_co_driver__run2_2018-05-24-17-22-26.ids_2__vp2__ann38__ch0.jpg,a_column_co_driver,2,vp2/run2_2018-05-24-17-22-26.ids_2,38,0,eating,food,train,train,19836
a_column_co_driver__run1_2018-05-24-15-44-28.ids_2__vp12__ann65__ch2.jpg,a_column_co_driver,12,vp12/run1_2018-05-24-15-44-28.ids_2,65,2,eating,food,train,train,29608
a_column_co_driver__run1d_2018-05-23-14-54-38.ids_2__vp8__ann58__ch31.jpg,a_column_co_driver,8,vp8/run1d_2018-05-23-14-54-38.ids_2,58,31,eating,food,val,train,31829
a_column_co_driver__run2_2018-05-23-15-30-27.ids_2__vp8__ann69__ch2.jpg,a_column_co_driver,8,vp8/run2_2018-05-23-15-30-27.ids_2,69,2,eating,food,val,train,20720
a_column_co_driver__run1_2018-05-22-15-10-41.ids_2__vp5__ann38__ch0.jpg,a_column_co_driver,5,vp5/run1_2018-05-22-15-10-41.ids_2,38,0,eating,food,train,test,19265
a_column_co_driver__run1_2018-05-30-10-11-09.ids_2__vp14__ann90__ch8.jpg,a_column_co_driver,14,vp14/run1_2018-05-30-10-11-09.ids_2,90,8,eating,food,test,val,38859
a_column_co_driver__run2_2018-05-30-10-42-33.ids_2__vp14__ann93__ch5.jpg,a_column_co_driver,14,vp14/run2_2018-05-30-10-42-33.ids_2,93,5,eating,food,test,val,34774
a_column_co_driver__run1_2018-05-22-15-10-41.ids_2__vp5__ann49__ch12.jpg,a_column_co_driver,5,vp5/run1_2018-05-22-15-10-41.ids_2,49,12,eating,food,train,test,22009
a_column_co_driver__run1_2018-05-30-13-05-35.ids_2__vp15__ann18__ch0.jpg,a_column_co_driver,15,vp15/run1_2018-05-30-13-05-35.ids_2,18,0,eating,food,train,val,9154
a_column_co_driver__run1d_2018-05-23-14-54-38.ids_2__vp8__ann78__ch5.jpg,a_column_co_driver,8,vp8/run1d_2018-05-23-14-54-38.ids_2,78,5,eating,food,val,train,37637
a_column_co_driver__run2_2018-05-30-10-42-33.ids_2__vp14__ann80__ch3.jpg,a_column_co_driver,14,vp14/run2_2018-05-30-10-42-33.ids_2,80,3,eating,food,test,val,31583
a_column_co_driver__run2_2018-05-23-15-30-27.ids_2__vp8__ann26__ch7.jpg,a_column_co_driver,8,vp8/run2_2018-05-23-15-30-27.ids_2,26,7,eating,food,val,train,10095
a_column_co_driver__run2_2018-05-24-14-08-46.ids_2__vp10__ann89__ch1.jpg,a_column_co_driver,10,vp10/run2_2018-05-24-14-08-46.ids_2,89,1,preparing_food,food,train,train,32778
a_column_co_driver__run1_2018-05-23-10-21-45.ids_2__vp6__ann78__ch7.jpg,a_column_co_driver,6,vp6/run1_2018-05-23-10-21-45.ids_2,78,7,eating,food,train,train,40363
a_column_co_driver__run1_2018-05-22-15-10-41.ids_2__vp5__ann119__ch4.jpg,a_column_co_driver,5,vp5/run1_2018-05-22-15-10-41.ids_2,119,4,eating,food,train,test,44350
a_column_co_driver__run2_2018-05-30-10-42-33.ids_2__vp14__ann93__ch22.jpg,a_column_co_driver,14,vp14/run2_2018-05-30-10-42-33.ids_2,93,22,eating,food,test,val,36295
a_column_co_driver__run2_2018-05-24-14-35-56.ids_2__vp11__ann70__ch4.jpg,a_column_co_driver,11,vp11/run2_2018-05-24-14-35-56.ids_2,70,4,eating,food,train,test,17590
a_column_co_driver__run1_2018-05-30-10-11-09.ids_2__vp14__ann86__ch8.jpg,a_column_co_driver,14,vp14/run1_2018-05-30-10-11-09.ids_2,86,8,eating,food,test,val,35228
a_column_co_driver__run1_2018-05-22-15-10-41.ids_2__vp5__ann51__ch1.jpg,a_column_co_driver,5,vp5/run1_2018-05-22-15-10-41.ids_2,51,1,eating,food,train,test,24162
a_column_co_driver__run2_2018-05-24-16-21-35.ids_2__vp12__ann62__ch0.jpg,a_column_co_driver,12,vp12/run2_2018-05-24-16-21-35.ids_2,62,0,preparing_food,food,train,train,23937
a_column_co_driver__run1_2018-05-23-10-21-45.ids_2__vp6__ann78__ch4.jpg,a_column_co_driver,6,vp6/run1_2018-05-23-10-21-45.ids_2,78,4,eating,food,train,train,40094
a_column_co_driver__run1_2018-05-23-10-21-45.ids_2__vp6__ann78__ch3.jpg,a_column_co_driver,6,vp6/run1_2018-05-23-10-21-45.ids_2,78,3,eating,food,train,train,40004
a_column_co_driver__run1_2018-05-22-15-10-41.ids_2__vp5__ann125__ch3.jpg,a_column_co_driver,5,vp5/run1_2018-05-22-15-10-41.ids_2,125,3,eating,food,train,test,46597
a_column_co_driver__run1_2018-05-24-13-44-01.ids_2__vp11__ann108__ch0.jpg,a_column_co_driver,11,vp11/run1_2018-05-24-13-44-01.ids_2,108,0,eating,food,train,test,35517
a_column_co_driver__run1_2018-05-22-15-10-41.ids_2__vp5__ann49__ch6.jpg,a_column_co_driver,5,vp5/run1_2018-05-22-15-10-41.ids_2,49,6,eating,food,train,test,21473
a_column_co_driver__run2_2018-05-30-10-42-33.ids_2__vp14__ann93__ch41.jpg,a_column_co_driver,14,vp14/run2_2018-05-30-10-42-33.ids_2,93,41,eating,food,test,val,37973
a_column_co_driver__run1b_2018-05-23-16-19-17.ids_2__vp9__ann73__ch2.jpg,a_column_co_driver,9,vp9/run1b_2018-05-23-16-19-17.ids_2,73,2,eating,food,test,train,19287
a_column_co_driver__run2_2018-05-24-16-21-35.ids_2__vp12__ann15__ch0.jpg,a_column_co_driver,12,vp12/run2_2018-05-24-16-21-35.ids_2,15,0,preparing_food,food,train,train,8610
a_column_co_driver__run1b_2018-05-23-16-19-17.ids_2__vp9__ann28__ch0.jpg,a_column_co_driver,9,vp9/run1b_2018-05-23-16-19-17.ids_2,28,0,eating,food,test,train,10401
a_column_co_driver__run1_2018-05-23-13-16-52.ids_2__vp7__ann11__ch0.jpg,a_column_co_driver,7,vp7/run1_2018-05-23-13-16-52.ids_2,11,0,eating,food,val,train,8855
a_column_co_driver__run2_2018-05-22-14-25-04.ids_2__vp4__ann101__ch2.jpg,a_column_co_driver,4,vp4/run2_2018-05-22-14-25-04.ids_2,101,2,eating,food,train,train,47888
a_column_co_driver__run1_2018-05-22-15-10-41.ids_2__vp5__ann123__ch0.jpg,a_column_co_driver,5,vp5/run1_2018-05-22-15-10-41.ids_2,123,0,eating,food,train,test,45626
a_column_co_driver__run2_2018-05-30-10-42-33.ids_2__vp14__ann80__ch1.jpg,a_column_co_driver,14,vp14/run2_2018-05-30-10-42-33.ids_2,80,1,eating,food,test,val,31404
a_column_co_driver__run1_2018-05-23-10-21-45.ids_2__vp6__ann78__ch0.jpg,a_column_co_driver,6,vp6/run1_2018-05-23-10-21-45.ids_2,78,0,eating,food,train,train,39733
a_column_co_driver__run2_2018-05-24-14-35-56.ids_2__vp11__ann77__ch4.jpg,a_column_co_driver,11,vp11/run2_2018-05-24-14-35-56.ids_2,77,4,eating,food,train,test,19123
a_column_co_driver__run1_2018-05-23-13-16-52.ids_2__vp7__ann60__ch3.jpg,a_column_co_driver,7,vp7/run1_2018-05-23-13-16-52.ids_2,60,3,eating,food,val,train,19745
a_column_co_driver__run2_2018-05-30-10-42-33.ids_2__vp14__ann80__ch2.jpg,a_column_co_driver,14,vp14/run2_2018-05-30-10-42-33.ids_2,80,2,eating,food,test,val,31493
a_column_co_driver__run1d_2018-05-23-14-54-38.ids_2__vp8__ann78__ch22.jpg,a_column_co_driver,8,vp8/run1d_2018-05-23-14-54-38.ids_2,78,22,eating,food,val,train,39155
a_column_co_driver__run2_2018-05-23-15-30-27.ids_2__vp8__ann26__ch3.jpg,a_column_co_driver,8,vp8/run2_2018-05-23-15-30-27.ids_2,26,3,eating,food,val,train,9737
a_column_co_driver__run1_2018-05-24-13-14-41.ids_2__vp10__ann92__ch2.jpg,a_column_co_driver,10,vp10/run1_2018-05-24-13-14-41.ids_2,92,2,eating,food,train,train,31666
a_column_co_driver__run2_2018-05-22-14-25-04.ids_2__vp4__ann101__ch1.jpg,a_column_co_driver,4,vp4/run2_2018-05-22-14-25-04.ids_2,101,1,eating,food,train,train,47798
a_column_co_driver__run2_2018-05-23-11-05-00.ids_2__vp6__ann65__ch3.jpg,a_column_co_driver,6,vp6/run2_2018-05-23-11-05-00.ids_2,65,3,eating,food,train,train,29877
a_column_co_driver__run1_2018-05-23-13-16-52.ids_2__vp7__ann81__ch0.jpg,a_column_co_driver,7,vp7/run1_2018-05-23-13-16-52.ids_2,81,0,eating,food,val,train,24476
a_column_co_driver__run1_2018-05-24-15-44-28.ids_2__vp12__ann42__ch8.jpg,a_column_co_driver,12,vp12/run1_2018-05-24-15-44-28.ids_2,42,8,eating,food,train,train,19112
a_column_co_driver__run1d_2018-05-23-14-54-38.ids_2__vp8__ann58__ch24.jpg,a_column_co_driver,8,vp8/run1d_2018-05-23-14-54-38.ids_2,58,24,eating,food,val,train,31204
a_column_co_driver__run2_2018-05-24-14-08-46.ids_2__vp10__ann89__ch2.jpg,a_column_co_driver,10,vp10/run2_2018-05-24-14-08-46.ids_2,89,2,preparing_food,food,train,train,32837
a_column_co_driver__run1_2018-05-22-15-10-41.ids_2__vp5__ann49__ch10.jpg,a_column_co_driver,5,vp5/run1_2018-05-22-15-10-41.ids_2,49,10,eating,food,train,test,21831
a_column_co_driver__run2b_2018-05-22-15-50-07.ids_2__vp5__ann70__ch5.jpg,a_column_co_driver,5,vp5/run2b_2018-05-22-15-50-07.ids_2,70,5,eating,food,train,test,26793
a_column_co_driver__run2b_2018-05-22-15-50-07.ids_2__vp5__ann70__ch2.jpg,a_column_co_driver,5,vp5/run2b_2018-05-22-15-50-07.ids_2,70,2,eating,food,train,test,26521
a_column_co_driver__run2_2018-05-22-14-25-04.ids_2__vp4__ann104__ch2.jpg,a_column_co_driver,4,vp4/run2_2018-05-22-14-25-04.ids_2,104,2,eating,food,train,train,48482
a_column_co_driver__run2_2018-05-30-10-42-33.ids_2__vp14__ann93__ch19.jpg,a_column_co_driver,14,vp14/run2_2018-05-30-10-42-33.ids_2,93,19,eating,food,test,val,36026
a_column_co_driver__run1_2018-05-24-13-14-41.ids_2__vp10__ann92__ch4.jpg,a_column_co_driver,10,vp10/run1_2018-05-24-13-14-41.ids_2,92,4,eating,food,train,train,31845
a_column_co_driver__run1_2018-05-22-15-10-41.ids_2__vp5__ann49__ch28.jpg,a_column_co_driver,5,vp5/run1_2018-05-22-15-10-41.ids_2,49,28,eating,food,train,test,23446
a_column_co_driver__run1_2018-05-22-15-10-41.ids_2__vp5__ann49__ch15.jpg,a_column_co_driver,5,vp5/run1_2018-05-22-15-10-41.ids_2,49,15,eating,food,train,test,22276
a_column_co_driver__run1_2018-05-24-13-44-01.ids_2__vp11__ann74__ch1.jpg,a_column_co_driver,11,vp11/run1_2018-05-24-13-44-01.ids_2,74,1,eating,food,train,test,29816
a_column_co_driver__run1_2018-05-23-13-16-52.ids_2__vp7__ann81__ch17.jpg,a_column_co_driver,7,vp7/run1_2018-05-23-13-16-52.ids_2,81,17,eating,food,val,train,26001
a_column_co_driver__run2_2018-05-30-10-42-33.ids_2__vp14__ann93__ch23.jpg,a_column_co_driver,14,vp14/run2_2018-05-30-10-42-33.ids_2,93,23,eating,food,test,val,36385
a_column_co_driver__run2_2018-05-24-14-35-56.ids_2__vp11__ann77__ch8.jpg,a_column_co_driver,11,vp11/run2_2018-05-24-14-35-56.ids_2,77,8,eating,food,train,test,19484
a_column_co_driver__run1_2018-05-22-15-10-41.ids_2__vp5__ann46__ch1.jpg,a_column_co_driver,5,vp5/run1_2018-05-22-15-10-41.ids_2,46,1,preparing_food,food,train,test,20663
a_column_co_driver__run1_2018-05-22-15-10-41.ids_2__vp5__ann53__ch4.jpg,a_column_co_driver,5,vp5/run1_2018-05-22-15-10-41.ids_2,53,4,eating,food,train,test,25385
a_column_co_driver__run1_2018-05-24-13-44-01.ids_2__vp11__ann85__ch1.jpg,a_column_co_driver,11,vp11/run1_2018-05-24-13-44-01.ids_2,85,1,eating,food,train,test,31366
a_column_co_driver__run2_2018-05-30-10-42-33.ids_2__vp14__ann93__ch6.jpg,a_column_co_driver,14,vp14/run2_2018-05-30-10-42-33.ids_2,93,6,eating,food,test,val,34864
a_column_co_driver__run1_2018-05-22-15-10-41.ids_2__vp5__ann119__ch3.jpg,a_column_co_driver,5,vp5/run1_2018-05-22-15-10-41.ids_2,119,3,eating,food,train,test,44260
a_column_co_driver__run1_2018-05-22-15-10-41.ids_2__vp5__ann49__ch5.jpg,a_column_co_driver,5,vp5/run1_2018-05-22-15-10-41.ids_2,49,5,eating,food,train,test,21384
a_column_co_driver__run1_2018-05-24-13-14-41.ids_2__vp10__ann90__ch17.jpg,a_column_co_driver,10,vp10/run1_2018-05-24-13-14-41.ids_2,90,17,eating,food,train,train,30432
a_column_co_driver__run1_2018-05-29-15-21-10.ids_2__vp13__ann39__ch4.jpg,a_column_co_driver,13,vp13/run1_2018-05-29-15-21-10.ids_2,39,4,eating,food,train,test,22030
a_column_co_driver__run2_2018-05-24-16-21-35.ids_2__vp12__ann85__ch7.jpg,a_column_co_driver,12,vp12/run2_2018-05-24-16-21-35.ids_2,85,7,eating,food,train,train,33870
a_column_co_driver__run1d_2018-05-23-14-54-38.ids_2__vp8__ann78__ch10.jpg,a_column_co_driver,8,vp8/run1d_2018-05-23-14-54-38.ids_2,78,10,eating,food,val,train,38088
a_column_co_driver__run1_2018-05-22-15-10-41.ids_2__vp5__ann105__ch8.jpg,a_column_co_driver,5,vp5/run1_2018-05-22-15-10-41.ids_2,105,8,eating,food,train,test,41695
a_column_co_driver__run1_2018-05-24-15-44-28.ids_2__vp12__ann42__ch11.jpg,a_column_co_driver,12,vp12/run1_2018-05-24-15-44-28.ids_2,42,11,eating,food,train,train,19380
a_column_co_driver__run2_2018-05-24-16-21-35.ids_2__vp12__ann64__ch6.jpg,a_column_co_driver,12,vp12/run2_2018-05-24-16-21-35.ids_2,64,6,eating,food,train,train,24787
a_column_co_driver__run2_2018-05-22-14-25-04.ids_2__vp4__ann9__ch1.jpg,a_column_co_driver,4,vp4/run2_2018-05-22-14-25-04.ids_2,9,1,eating,food,train,train,11365
a_column_co_driver__run1_2018-05-22-15-10-41.ids_2__vp5__ann34__ch0.jpg,a_column_co_driver,5,vp5/run1_2018-05-22-15-10-41.ids_2,34,0,eating,food,train,test,18241
a_column_co_driver__run1d_2018-05-23-14-54-38.ids_2__vp8__ann58__ch10.jpg,a_column_co_driver,8,vp8/run1d_2018-05-23-14-54-38.ids_2,58,10,eating,food,val,train,29944
a_column_co_driver__run1_2018-05-22-15-10-41.ids_2__vp5__ann125__ch9.jpg,a_column_co_driver,5,vp5/run1_2018-05-22-15-10-41.ids_2,125,9,eating,food,train,test,47137
a_column_co_driver__run2_2018-05-30-10-42-33.ids_2__vp14__ann80__ch0.jpg,a_column_co_driver,14,vp14/run2_2018-05-30-10-42-33.ids_2,80,0,eating,food,test,val,31315
a_column_co_driver__run1_2018-05-30-13-05-35.ids_2__vp15__ann12__ch1.jpg,a_column_co_driver,15,vp15/run1_2018-05-30-13-05-35.ids_2,12,1,eating,food,train,val,8580
a_column_co_driver__run1_2018-05-24-13-14-41.ids_2__vp10__ann90__ch4.jpg,a_column_co_driver,10,vp10/run1_2018-05-24-13-14-41.ids_2,90,4,eating,food,train,train,29267
a_column_co_driver__run1_2018-05-29-15-21-10.ids_2__vp13__ann39__ch13.jpg,a_column_co_driver,13,vp13/run1_2018-05-29-15-21-10.ids_2,39,13,eating,food,train,test,22840
a_column_co_driver__run1_2018-05-22-15-10-41.ids_2__vp5__ann121__ch1.jpg,a_column_co_driver,5,vp5/run1_2018-05-22-15-10-41.ids_2,121,1,eating,food,train,test,44754
a_column_co_driver__run1d_2018-05-23-14-54-38.ids_2__vp8__ann58__ch11.jpg,a_column_co_driver,8,vp8/run1d_2018-05-23-14-54-38.ids_2,58,11,eating,food,val,train,30033
a_column_co_driver__run1_2018-05-22-15-10-41.ids_2__vp5__ann49__ch29.jpg,a_column_co_driver,5,vp5/run1_2018-05-22-15-10-41.ids_2,49,29,eating,food,train,test,23536
a_column_co_driver__run1_2018-05-30-13-05-35.ids_2__vp15__ann18__ch3.jpg,a_column_co_driver,15,vp15/run1_2018-05-30-13-05-35.ids_2,18,3,eating,food,train,val,9426
a_column_co_driver__run2_2018-05-23-15-30-27.ids_2__vp8__ann71__ch3.jpg,a_column_co_driver,8,vp8/run2_2018-05-23-15-30-27.ids_2,71,3,eating,food,val,train,21930
a_column_co_driver__run2_2018-05-30-10-42-33.ids_2__vp14__ann93__ch30.jpg,a_column_co_driver,14,vp14/run2_2018-05-30-10-42-33.ids_2,93,30,eating,food,test,val,37014
a_column_co_driver__run1_2018-05-24-13-14-41.ids_2__vp10__ann96__ch0.jpg,a_column_co_driver,10,vp10/run1_2018-05-24-13-14-41.ids_2,96,0,eating,food,train,train,33945
a_column_co_driver__run2_2018-05-24-14-35-56.ids_2__vp11__ann62__ch2.jpg,a_column_co_driver,11,vp11/run2_2018-05-24-14-35-56.ids_2,62,2,preparing_food,food,train,test,16494
a_column_co_driver__run1_2018-05-22-15-10-41.ids_2__vp5__ann49__ch3.jpg,a_column_co_driver,5,vp5/run1_2018-05-22-15-10-41.ids_2,49,3,eating,food,train,test,21205
a_column_co_driver__run1b_2018-05-23-16-19-17.ids_2__vp9__ann88__ch0.jpg,a_column_co_driver,9,vp9/run1b_2018-05-23-16-19-17.ids_2,88,0,eating,food,test,train,22724
a_column_co_driver__run1d_2018-05-23-14-54-38.ids_2__vp8__ann78__ch1.jpg,a_column_co_driver,8,vp8/run1d_2018-05-23-14-54-38.ids_2,78,1,eating,food,val,train,37277
a_column_co_driver__run2_2018-05-30-10-42-33.ids_2__vp14__ann93__ch9.jpg,a_column_co_driver,14,vp14/run2_2018-05-30-10-42-33.ids_2,93,9,eating,food,test,val,35132
a_column_co_driver__run2_2018-05-30-10-42-33.ids_2__vp14__ann93__ch14.jpg,a_column_co_driver,14,vp14/run2_2018-05-30-10-42-33.ids_2,93,14,eating,food,test,val,35583
a_column_co_driver__run2_2018-05-23-15-30-27.ids_2__vp8__ann16__ch0.jpg,a_column_co_driver,8,vp8/run2_2018-05-23-15-30-27.ids_2,16,0,eating,food,val,train,7416
a_column_co_driver__run1_2018-05-24-13-14-41.ids_2__vp10__ann90__ch7.jpg,a_column_co_driver,10,vp10/run1_2018-05-24-13-14-41.ids_2,90,7,eating,food,train,train,29536
a_column_co_driver__run1_2018-05-24-13-14-41.ids_2__vp10__ann90__ch15.jpg,a_column_co_driver,10,vp10/run1_2018-05-24-13-14-41.ids_2,90,15,eating,food,train,train,30254
a_column_co_driver__run1d_2018-05-23-14-54-38.ids_2__vp8__ann58__ch2.jpg,a_column_co_driver,8,vp8/run1d_2018-05-23-14-54-38.ids_2,58,2,eating,food,val,train,29226
a_column_co_driver__run2_2018-05-24-14-35-56.ids_2__vp11__ann70__ch10.jpg,a_column_co_driver,11,vp11/run2_2018-05-24-14-35-56.ids_2,70,10,eating,food,train,test,18083
a_column_co_driver__run1_2018-05-22-15-10-41.ids_2__vp5__ann105__ch3.jpg,a_column_co_driver,5,vp5/run1_2018-05-22-15-10-41.ids_2,105,3,eating,food,train,test,41244
a_column_co_driver__run2_2018-05-24-16-21-35.ids_2__vp12__ann17__ch3.jpg,a_column_co_driver,12,vp12/run2_2018-05-24-16-21-35.ids_2,17,3,eating,food,train,train,9440
a_column_co_driver__run1b_2018-05-23-16-19-17.ids_2__vp9__ann73__ch1.jpg,a_column_co_driver,9,vp9/run1b_2018-05-23-16-19-17.ids_2,73,1,eating,food,test,train,19224
a_column_co_driver__run2_2018-05-24-16-21-35.ids_2__vp12__ann85__ch3.jpg,a_column_co_driver,12,vp12/run2_2018-05-24-16-21-35.ids_2,85,3,eating,food,train,train,33511
a_column_co_driver__run2_2018-05-30-10-42-33.ids_2__vp14__ann93__ch21.jpg,a_column_co_driver,14,vp14/run2_2018-05-30-10-42-33.ids_2,93,21,eating,food,test,val,36206
a_column_co_driver__run2_2018-05-30-11-34-54.ids_2__vp13__ann48__ch3.jpg,a_column_co_driver,13,vp13/run2_2018-05-30-11-34-54.ids_2,48,3,eating,food,train,test,21544
a_column_co_driver__run1_2018-05-24-13-44-01.ids_2__vp11__ann107__ch0.jpg,a_column_co_driver,11,vp11/run1_2018-05-24-13-44-01.ids_2,107,0,preparing_food,food,train,test,35422
a_column_co_driver__run2b_2018-05-22-15-50-07.ids_2__vp5__ann76__ch8.jpg,a_column_co_driver,5,vp5/run2b_2018-05-22-15-50-07.ids_2,76,8,eating,food,train,test,28436
a_column_co_driver__run2_2018-05-30-10-42-33.ids_2__vp14__ann93__ch1.jpg,a_column_co_driver,14,vp14/run2_2018-05-30-10-42-33.ids_2,93,1,eating,food,test,val,34409
a_column_co_driver__run1_2018-05-22-15-10-41.ids_2__vp5__ann123__ch2.jpg,a_column_co_driver,5,vp5/run1_2018-05-22-15-10-41.ids_2,123,2,eating,food,train,test,45805
a_column_co_driver__run2_2018-05-30-10-42-33.ids_2__vp14__ann93__ch27.jpg,a_column_co_driver,14,vp14/run2_2018-05-30-10-42-33.ids_2,93,27,eating,food,test,val,36745
a_column_co_driver__run1_2018-05-22-15-10-41.ids_2__vp5__ann121__ch4.jpg,a_column_co_driver,5,vp5/run1_2018-05-22-15-10-41.ids_2,121,4,eating,food,train,test,45024
a_column_co_driver__run1_2018-05-30-10-11-09.ids_2__vp14__ann86__ch14.jpg,a_column_co_driver,14,vp14/run1_2018-05-30-10-11-09.ids_2,86,14,eating,food,test,val,35774
a_column_co_driver__run2_2018-05-24-14-35-56.ids_2__vp11__ann77__ch3.jpg,a_column_co_driver,11,vp11/run2_2018-05-24-14-35-56.ids_2,77,3,eating,food,train,test,19033
a_column_co_driver__run1_2018-05-30-10-11-09.ids_2__vp14__ann90__ch14.jpg,a_column_co_driver,14,vp14/run1_2018-05-30-10-11-09.ids_2,90,14,eating,food,test,val,39394
a_column_co_driver__run2_2018-05-29-16-03-37.ids_2__vp3__ann78__ch2.jpg,a_column_co_driver,3,vp3/run2_2018-05-29-16-03-37.ids_2,78,2,eating,food,train,train,29826
a_column_co_driver__run1d_2018-05-23-14-54-38.ids_2__vp8__ann58__ch20.jpg,a_column_co_driver,8,vp8/run1d_2018-05-23-14-54-38.ids_2,58,20,eating,food,val,train,30845
a_column_co_driver__run1_2018-05-22-15-10-41.ids_2__vp5__ann38__ch1.jpg,a_column_co_driver,5,vp5/run1_2018-05-22-15-10-41.ids_2,38,1,eating,food,train,test,19313
a_column_co_driver__run1_2018-05-23-10-21-45.ids_2__vp6__ann80__ch5.jpg,a_column_co_driver,6,vp6/run1_2018-05-23-10-21-45.ids_2,80,5,eating,food,train,train,41217
a_column_co_driver__run2_2018-05-24-16-21-35.ids_2__vp12__ann99__ch3.jpg,a_column_co_driver,12,vp12/run2_2018-05-24-16-21-35.ids_2,99,3,eating,food,train,train,39508
a_column_co_driver__run1_2018-05-03-14-08-31.ids_2__vp2__ann70__ch0.jpg,a_column_co_driver,2,vp2/run1_2018-05-03-14-08-31.ids_2,70,0,eating,food,train,train,39687
a_column_co_driver__run1_2018-05-30-10-11-09.ids_2__vp14__ann28__ch2.jpg,a_column_co_driver,14,vp14/run1_2018-05-30-10-11-09.ids_2,28,2,eating,food,test,val,13634
a_column_co_driver__run2_2018-05-23-11-05-00.ids_2__vp6__ann30__ch4.jpg,a_column_co_driver,6,vp6/run2_2018-05-23-11-05-00.ids_2,30,4,eating,food,train,train,15189
a_column_co_driver__run2_2018-05-30-10-42-33.ids_2__vp14__ann93__ch36.jpg,a_column_co_driver,14,vp14/run2_2018-05-30-10-42-33.ids_2,93,36,eating,food,test,val,37553
a_column_co_driver__run2b_2018-05-22-15-50-07.ids_2__vp5__ann70__ch4.jpg,a_column_co_driver,5,vp5/run2b_2018-05-22-15-50-07.ids_2,70,4,eating,food,train,test,26702
a_column_co_driver__run1_2018-05-22-15-10-41.ids_2__vp5__ann123__ch4.jpg,a_column_co_driver,5,vp5/run1_2018-05-22-15-10-41.ids_2,123,4,eating,food,train,test,45988
a_column_co_driver__run1_2018-05-22-15-10-41.ids_2__vp5__ann121__ch5.jpg,a_column_co_driver,5,vp5/run1_2018-05-22-15-10-41.ids_2,121,5,eating,food,train,test,45114
a_column_co_driver__run2_2018-05-24-14-35-56.ids_2__vp11__ann70__ch1.jpg,a_column_co_driver,11,vp11/run2_2018-05-24-14-35-56.ids_2,70,1,eating,food,train,test,17320
a_column_co_driver__run1_2018-05-22-15-10-41.ids_2__vp5__ann49__ch27.jpg,a_column_co_driver,5,vp5/run1_2018-05-22-15-10-41.ids_2,49,27,eating,food,train,test,23356
a_column_co_driver__run1_2018-05-22-13-28-51.ids_2__vp4__ann24__ch2.jpg,a_column_co_driver,4,vp4/run1_2018-05-22-13-28-51.ids_2,24,2,eating,food,train,train,16300
a_column_co_driver__run1_2018-05-30-10-11-09.ids_2__vp14__ann90__ch0.jpg,a_column_co_driver,14,vp14/run1_2018-05-30-10-11-09.ids_2,90,0,eating,food,test,val,38137
a_column_co_driver__run1d_2018-05-23-14-54-38.ids_2__vp8__ann58__ch18.jpg,a_column_co_driver,8,vp8/run1d_2018-05-23-14-54-38.ids_2,58,18,eating,food,val,train,30663
a_column_co_driver__run1_2018-05-22-15-10-41.ids_2__vp5__ann51__ch2.jpg,a_column_co_driver,5,vp5/run1_2018-05-22-15-10-41.ids_2,51,2,eating,food,train,test,24252
a_column_co_driver__run1_2018-05-30-10-11-09.ids_2__vp14__ann90__ch11.jpg,a_column_co_driver,14,vp14/run1_2018-05-30-10-11-09.ids_2,90,11,eating,food,test,val,39129
a_column_co_driver__run1_2018-05-22-15-10-41.ids_2__vp5__ann32__ch1.jpg,a_column_co_driver,5,vp5/run1_2018-05-22-15-10-41.ids_2,32,1,eating,food,train,test,17827
a_column_co_driver__run1_2018-05-24-15-44-28.ids_2__vp12__ann65__ch10.jpg,a_column_co_driver,12,vp12/run1_2018-05-24-15-44-28.ids_2,65,10,eating,food,train,train,30326
a_column_co_driver__run1_2018-05-30-10-11-09.ids_2__vp14__ann86__ch11.jpg,a_column_co_driver,14,vp14/run1_2018-05-30-10-11-09.ids_2,86,11,eating,food,test,val,35502
a_column_co_driver__run1_2018-05-24-13-44-01.ids_2__vp11__ann73__ch1.jpg,a_column_co_driver,11,vp11/run1_2018-05-24-13-44-01.ids_2,73,1,preparing_food,food,train,test,29597
a_column_co_driver__run1_2018-05-23-13-16-52.ids_2__vp7__ann81__ch4.jpg,a_column_co_driver,7,vp7/run1_2018-05-23-13-16-52.ids_2,81,4,eating,food,val,train,24828
a_column_co_driver__run1_2018-05-24-13-14-41.ids_2__vp10__ann90__ch23.jpg,a_column_co_driver,10,vp10/run1_2018-05-24-13-14-41.ids_2,90,23,eating,food,train,train,30969
a_column_co_driver__run1_2018-05-24-13-14-41.ids_2__vp10__ann90__ch28.jpg,a_column_co_driver,10,vp10/run1_2018-05-24-13-14-41.ids_2,90,28,eating,food,train,train,31374
a_column_co_driver__run1_2018-05-22-15-10-41.ids_2__vp5__ann105__ch7.jpg,a_column_co_driver,5,vp5/run1_2018-05-22-15-10-41.ids_2,105,7,eating,food,train,test,41605
a_column_co_driver__run1_2018-05-22-15-10-41.ids_2__vp5__ann121__ch6.jpg,a_column_co_driver,5,vp5/run1_2018-05-22-15-10-41.ids_2,121,6,eating,food,train,test,45204
a_column_co_driver__run1_2018-05-23-13-16-52.ids_2__vp7__ann81__ch15.jpg,a_column_co_driver,7,vp7/run1_2018-05-23-13-16-52.ids_2,81,15,eating,food,val,train,25817
a_column_co_driver__run1b_2018-05-29-14-02-47.ids_2__vp1__ann50__ch1.jpg,a_column_co_driver,1,vp1/run1b_2018-05-29-14-02-47.ids_2,50,1,eating,food,train,train,15247
a_column_co_driver__run1_2018-05-22-15-10-41.ids_2__vp5__ann105__ch9.jpg,a_column_co_driver,5,vp5/run1_2018-05-22-15-10-41.ids_2,105,9,eating,food,train,test,41785
a_column_co_driver__run2_2018-05-30-10-42-33.ids_2__vp14__ann93__ch24.jpg,a_column_co_driver,14,vp14/run2_2018-05-30-10-42-33.ids_2,93,24,eating,food,test,val,36475
a_column_co_driver__run2b_2018-05-22-15-50-07.ids_2__vp5__ann76__ch1.jpg,a_column_co_driver,5,vp5/run2b_2018-05-22-15-50-07.ids_2,76,1,eating,food,train,test,27808
a_column_co_driver__run2_2018-05-30-10-42-33.ids_2__vp14__ann80__ch5.jpg,a_column_co_driver,14,vp14/run2_2018-05-30-10-42-33.ids_2,80,5,eating,food,test,val,31765
a_column_co_driver__run1_2018-05-22-15-10-41.ids_2__vp5__ann49__ch32.jpg,a_column_co_driver,5,vp5/run1_2018-05-22-15-10-41.ids_2,49,32,eating,food,train,test,23807
a_column_co_driver__run1_2018-05-30-10-11-09.ids_2__vp14__ann86__ch4.jpg,a_column_co_driver,14,vp14/run1_2018-05-30-10-11-09.ids_2,86,4,eating,food,test,val,34866
a_column_co_driver__run1_2018-05-22-15-10-41.ids_2__vp5__ann49__ch19.jpg,a_column_co_driver,5,vp5/run1_2018-05-22-15-10-41.ids_2,49,19,eating,food,train,test,22637
a_column_co_driver__run2_2018-05-30-13-34-33.ids_2__vp15__ann20__ch0.jpg,a_column_co_driver,15,vp15/run2_2018-05-30-13-34-33.ids_2,20,0,eating,food,train,val,10911
a_column_co_driver__run1_2018-05-22-13-28-51.ids_2__vp4__ann26__ch0.jpg,a_column_co_driver,4,vp4/run1_2018-05-22-13-28-51.ids_2,26,0,eating,food,train,train,16548
a_column_co_driver__run1_2018-05-22-15-10-41.ids_2__vp5__ann49__ch21.jpg,a_column_co_driver,5,vp5/run1_2018-05-22-15-10-41.ids_2,49,21,eating,food,train,test,22819
a_column_co_driver__run1_2018-05-30-10-11-09.ids_2__vp14__ann90__ch10.jpg,a_column_co_driver,14,vp14/run1_2018-05-30-10-11-09.ids_2,90,10,eating,food,test,val,39039
a_column_co_driver__run1_2018-05-24-13-14-41.ids_2__vp10__ann92__ch8.jpg,a_column_co_driver,10,vp10/run1_2018-05-24-13-14-41.ids_2,92,8,eating,food,train,train,32206
a_column_co_driver__run2_2018-05-24-16-21-35.ids_2__vp12__ann85__ch0.jpg,a_column_co_driver,12,vp12/run2_2018-05-24-16-21-35.ids_2,85,0,eating,food,train,train,33243
a_column_co_driver__run2_2018-05-24-17-22-26.ids_2__vp2__ann48__ch0.jpg,a_column_co_driver,2,vp2/run2_2018-05-24-17-22-26.ids_2,48,0,eating,food,train,train,22296
a_column_co_driver__run2_2018-05-29-14-33-44.ids_2__vp1__ann41__ch7.jpg,a_column_co_driver,1,vp1/run2_2018-05-29-14-33-44.ids_2,41,7,eating,food,train,train,20414
a_column_co_driver__run1_2018-05-22-15-10-41.ids_2__vp5__ann111__ch4.jpg,a_column_co_driver,5,vp5/run1_2018-05-22-15-10-41.ids_2,111,4,eating,food,train,test,43571
a_column_co_driver__run1_2018-05-23-13-16-52.ids_2__vp7__ann60__ch6.jpg,a_column_co_driver,7,vp7/run1_2018-05-23-13-16-52.ids_2,60,6,eating,food,val,train,20012
a_column_co_driver__run2_2018-05-22-14-25-04.ids_2__vp4__ann104__ch7.jpg,a_column_co_driver,4,vp4/run2_2018-05-22-14-25-04.ids_2,104,7,eating,food,train,train,48931
a_column_co_driver__run2_2018-05-30-10-42-33.ids_2__vp14__ann20__ch5.jpg,a_column_co_driver,14,vp14/run2_2018-05-30-10-42-33.ids_2,20,5,sitting_still,safe,test,val,12524
a_column_co_driver__run2_2018-05-29-16-03-37.ids_2__vp3__ann18__ch19.jpg,a_column_co_driver,3,vp3/run2_2018-05-29-16-03-37.ids_2,18,19,sitting_still,safe,train,train,11773
a_column_co_driver__run1_2018-05-30-13-05-35.ids_2__vp15__ann9__ch2.jpg,a_column_co_driver,15,vp15/run1_2018-05-30-13-05-35.ids_2,9,2,sitting_still,safe,train,val,7809
a_column_co_driver__run2_2018-05-30-13-34-33.ids_2__vp15__ann96__ch1.jpg,a_column_co_driver,15,vp15/run2_2018-05-30-13-34-33.ids_2,96,1,sitting_still,safe,train,val,26568
a_column_co_driver__run2_2018-05-22-14-25-04.ids_2__vp4__ann26__ch0.jpg,a_column_co_driver,4,vp4/run2_2018-05-22-14-25-04.ids_2,26,0,putting_on_sunglasses,safe,train,train,21480
a_column_co_driver__run2_2018-05-24-14-35-56.ids_2__vp11__ann22__ch5.jpg,a_column_co_driver,11,vp11/run2_2018-05-24-14-35-56.ids_2,22,5,sitting_still,safe,train,test,8672
a_column_co_driver__run1b_2018-05-08-08-46-01.ids_2__vp3__ann30__ch5.jpg,a_column_co_driver,3,vp3/run1b_2018-05-08-08-46-01.ids_2,30,5,sitting_still,safe,train,train,16454
a_column_co_driver__run2_2018-05-29-14-33-44.ids_2__vp1__ann75__ch8.jpg,a_column_co_driver,1,vp1/run2_2018-05-29-14-33-44.ids_2,75,8,sitting_still,safe,train,train,30640
a_column_co_driver__run2_2018-05-23-11-05-00.ids_2__vp6__ann7__ch6.jpg,a_column_co_driver,6,vp6/run2_2018-05-23-11-05-00.ids_2,7,6,sitting_still,safe,train,train,7539
a_column_co_driver__run1b_2018-05-23-16-19-17.ids_2__vp9__ann21__ch1.jpg,a_column_co_driver,9,vp9/run1b_2018-05-23-16-19-17.ids_2,21,1,sitting_still,safe,test,train,9511
a_column_co_driver__run1_2018-05-29-15-21-10.ids_2__vp13__ann79__ch65.jpg,a_column_co_driver,13,vp13/run1_2018-05-29-15-21-10.ids_2,79,65,sitting_still,safe,train,test,41341
a_column_co_driver__run2_2018-05-29-14-33-44.ids_2__vp1__ann81__ch9.jpg,a_column_co_driver,1,vp1/run2_2018-05-29-14-33-44.ids_2,81,9,sitting_still,safe,train,train,33652
a_column_co_driver__run2_2018-05-29-14-33-44.ids_2__vp1__ann81__ch41.jpg,a_column_co_driver,1,vp1/run2_2018-05-29-14-33-44.ids_2,81,41,sitting_still,safe,train,train,36526
a_column_co_driver__run2_2018-05-29-14-33-44.ids_2__vp1__ann75__ch10.jpg,a_column_co_driver,1,vp1/run2_2018-05-29-14-33-44.ids_2,75,10,sitting_still,safe,train,train,30805
a_column_co_driver__run2_2018-05-30-13-34-33.ids_2__vp15__ann114__ch7.jpg,a_column_co_driver,15,vp15/run2_2018-05-30-13-34-33.ids_2,114,7,sitting_still,safe,train,val,33819
a_column_co_driver__run1b_2018-05-23-16-19-17.ids_2__vp9__ann109__ch1.jpg,a_column_co_driver,9,vp9/run1b_2018-05-23-16-19-17.ids_2,109,1,fastening_seat_belt,safe,test,train,29994
a_column_co_driver__run2_2018-05-30-11-34-54.ids_2__vp13__ann79__ch4.jpg,a_column_co_driver,13,vp13/run2_2018-05-30-11-34-54.ids_2,79,4,sitting_still,safe,train,test,38508
a_column_co_driver__run1_2018-05-22-15-10-41.ids_2__vp5__ann96__ch5.jpg,a_column_co_driver,5,vp5/run1_2018-05-22-15-10-41.ids_2,96,5,sitting_still,safe,train,test,37979
a_column_co_driver__run1_2018-05-24-13-44-01.ids_2__vp11__ann29__ch10.jpg,a_column_co_driver,11,vp11/run1_2018-05-24-13-44-01.ids_2,29,10,sitting_still,safe,train,test,15325
a_column_co_driver__run2_2018-05-24-14-08-46.ids_2__vp10__ann27__ch1.jpg,a_column_co_driver,10,vp10/run2_2018-05-24-14-08-46.ids_2,27,1,sitting_still,safe,train,train,12749
a_column_co_driver__run1_2018-05-23-13-16-52.ids_2__vp7__ann95__ch2.jpg,a_column_co_driver,7,vp7/run1_2018-05-23-13-16-52.ids_2,95,2,sitting_still,safe,val,train,30572
a_column_co_driver__run1b_2018-05-08-08-46-01.ids_2__vp3__ann14__ch7.jpg,a_column_co_driver,3,vp3/run1b_2018-05-08-08-46-01.ids_2,14,7,sitting_still,safe,train,train,11061
a_column_co_driver__run2_2018-05-29-14-33-44.ids_2__vp1__ann81__ch15.jpg,a_column_co_driver,1,vp1/run2_2018-05-29-14-33-44.ids_2,81,15,sitting_still,safe,train,train,34192
a_column_co_driver__run2_2018-05-30-13-34-33.ids_2__vp15__ann93__ch0.jpg,a_column_co_driver,15,vp15/run2_2018-05-30-13-34-33.ids_2,93,0,sitting_still,safe,train,val,25931
a_column_co_driver__run1_2018-05-30-10-11-09.ids_2__vp14__ann56__ch0.jpg,a_column_co_driver,14,vp14/run1_2018-05-30-10-11-09.ids_2,56,0,unfastening_seat_belt,safe,test,val,24083
a_column_co_driver__run2_2018-05-29-14-33-44.ids_2__vp1__ann8__ch3.jpg,a_column_co_driver,1,vp1/run2_2018-05-29-14-33-44.ids_2,8,3,sitting_still,safe,train,train,7253
a_column_co_driver__run2_2018-05-24-14-35-56.ids_2__vp11__ann22__ch8.jpg,a_column_co_driver,11,vp11/run2_2018-05-24-14-35-56.ids_2,22,8,sitting_still,safe,train,test,8941
a_column_co_driver__run1_2018-05-22-13-28-51.ids_2__vp4__ann3__ch0.jpg,a_column_co_driver,4,vp4/run1_2018-05-22-13-28-51.ids_2,3,0,fastening_seat_belt,safe,train,train,1389
a_column_co_driver__run2_2018-05-22-14-25-04.ids_2__vp4__ann22__ch2.jpg,a_column_co_driver,4,vp4/run2_2018-05-22-14-25-04.ids_2,22,2,fastening_seat_belt,safe,train,train,18069
a_column_co_driver__run1b_2018-05-29-14-02-47.ids_2__vp1__ann68__ch1.jpg,a_column_co_driver,1,vp1/run1b_2018-05-29-14-02-47.ids_2,68,1,sitting_still,safe,train,train,18684
a_column_co_driver__run2_2018-05-24-17-22-26.ids_2__vp2__ann70__ch1.jpg,a_column_co_driver,2,vp2/run2_2018-05-24-17-22-26.ids_2,70,1,sitting_still,safe,train,train,34029
a_column_co_driver__run2_2018-05-23-11-05-00.ids_2__vp6__ann45__ch13.jpg,a_column_co_driver,6,vp6/run2_2018-05-23-11-05-00.ids_2,45,13,sitting_still,safe,train,train,24183
a_column_co_driver__run2_2018-05-22-14-25-04.ids_2__vp4__ann63__ch1.jpg,a_column_co_driver,4,vp4/run2_2018-05-22-14-25-04.ids_2,63,1,sitting_still,safe,train,train,31793
a_column_co_driver__run1b_2018-05-29-14-02-47.ids_2__vp1__ann94__ch0.jpg,a_column_co_driver,1,vp1/run1b_2018-05-29-14-02-47.ids_2,94,0,sitting_still,safe,train,train,26470
a_column_co_driver__run1b_2018-05-08-08-46-01.ids_2__vp3__ann30__ch8.jpg,a_column_co_driver,3,vp3/run1b_2018-05-08-08-46-01.ids_2,30,8,sitting_still,safe,train,train,16723
a_column_co_driver__run1_2018-05-24-15-44-28.ids_2__vp12__ann78__ch4.jpg,a_column_co_driver,12,vp12/run1_2018-05-24-15-44-28.ids_2,78,4,sitting_still,safe,train,train,32594
a_column_co_driver__run2_2018-05-30-11-34-54.ids_2__vp13__ann74__ch41.jpg,a_column_co_driver,13,vp13/run2_2018-05-30-11-34-54.ids_2,74,41,sitting_still,safe,train,test,34516
a_column_co_driver__run1_2018-05-22-15-10-41.ids_2__vp5__ann96__ch2.jpg,a_column_co_driver,5,vp5/run1_2018-05-22-15-10-41.ids_2,96,2,sitting_still,safe,train,test,37711
a_column_co_driver__run2_2018-05-30-11-34-54.ids_2__vp13__ann46__ch0.jpg,a_column_co_driver,13,vp13/run2_2018-05-30-11-34-54.ids_2,46,0,sitting_still,safe,train,test,20945
a_column_co_driver__run2_2018-05-22-14-25-04.ids_2__vp4__ann39__ch7.jpg,a_column_co_driver,4,vp4/run2_2018-05-22-14-25-04.ids_2,39,7,sitting_still,safe,train,train,26351
a_column_co_driver__run2_2018-05-24-17-22-26.ids_2__vp2__ann7__ch4.jpg,a_column_co_driver,2,vp2/run2_2018-05-24-17-22-26.ids_2,7,4,sitting_still,safe,train,train,7350
a_column_co_driver__run2_2018-05-22-14-25-04.ids_2__vp4__ann36__ch9.jpg,a_column_co_driver,4,vp4/run2_2018-05-22-14-25-04.ids_2,36,9,sitting_still,safe,train,train,24958
a_column_co_driver__run2_2018-05-30-13-34-33.ids_2__vp15__ann109__ch12.jpg,a_column_co_driver,15,vp15/run2_2018-05-30-13-34-33.ids_2,109,12,sitting_still,safe,train,val,30717
a_column_co_driver__run2_2018-05-23-11-05-00.ids_2__vp6__ann44__ch11.jpg,a_column_co_driver,6,vp6/run2_2018-05-23-11-05-00.ids_2,44,11,sitting_still,safe,train,train,22170
a_column_co_driver__run1_2018-05-23-13-16-52.ids_2__vp7__ann3__ch0.jpg,a_column_co_driver,7,vp7/run1_2018-05-23-13-16-52.ids_2,3,0,fastening_seat_belt,safe,val,train,1031
a_column_co_driver__run1_2018-05-22-13-28-51.ids_2__vp4__ann126__ch0.jpg,a_column_co_driver,4,vp4/run1_2018-05-22-13-28-51.ids_2,126,0,sitting_still,safe,train,train,56143
a_column_co_driver__run2_2018-05-29-16-03-37.ids_2__vp3__ann31__ch0.jpg,a_column_co_driver,3,vp3/run2_2018-05-29-16-03-37.ids_2,31,0,looking_or_moving_around (e.g. searching),safe,train,train,15919
a_column_co_driver__run1b_2018-05-29-14-02-47.ids_2__vp1__ann47__ch1.jpg,a_column_co_driver,1,vp1/run1b_2018-05-29-14-02-47.ids_2,47,1,sitting_still,safe,train,train,14210
a_column_co_driver__run2_2018-05-24-14-35-56.ids_2__vp11__ann53__ch1.jpg,a_column_co_driver,11,vp11/run2_2018-05-24-14-35-56.ids_2,53,1,sitting_still,safe,train,test,13695
a_column_co_driver__run2_2018-05-29-14-33-44.ids_2__vp1__ann8__ch8.jpg,a_column_co_driver,1,vp1/run2_2018-05-29-14-33-44.ids_2,8,8,sitting_still,safe,train,train,7702
a_column_co_driver__run1_2018-05-22-13-28-51.ids_2__vp4__ann38__ch4.jpg,a_column_co_driver,4,vp4/run1_2018-05-22-13-28-51.ids_2,38,4,sitting_still,safe,train,train,19525
a_column_co_driver__run1_2018-05-22-15-10-41.ids_2__vp5__ann23__ch2.jpg,a_column_co_driver,5,vp5/run1_2018-05-22-15-10-41.ids_2,23,2,sitting_still,safe,train,test,14422
a_column_co_driver__run2_2018-05-22-14-25-04.ids_2__vp4__ann84__ch2.jpg,a_column_co_driver,4,vp4/run2_2018-05-22-14-25-04.ids_2,84,2,sitting_still,safe,train,train,38363
a_column_co_driver__run1_2018-05-29-15-21-10.ids_2__vp13__ann68__ch2.jpg,a_column_co_driver,13,vp13/run1_2018-05-29-15-21-10.ids_2,68,2,sitting_still,safe,train,test,32234
a_column_co_driver__run2_2018-05-30-11-34-54.ids_2__vp13__ann74__ch43.jpg,a_column_co_driver,13,vp13/run2_2018-05-30-11-34-54.ids_2,74,43,sitting_still,safe,train,test,34695
a_column_co_driver__run1_2018-05-23-10-21-45.ids_2__vp6__ann74__ch7.jpg,a_column_co_driver,6,vp6/run1_2018-05-23-10-21-45.ids_2,74,7,sitting_still,safe,train,train,39159
a_column_co_driver__run1_2018-05-23-13-16-52.ids_2__vp7__ann34__ch9.jpg,a_column_co_driver,7,vp7/run1_2018-05-23-13-16-52.ids_2,34,9,sitting_still,safe,val,train,13849
a_column_co_driver__run2_2018-05-24-17-22-26.ids_2__vp2__ann7__ch5.jpg,a_column_co_driver,2,vp2/run2_2018-05-24-17-22-26.ids_2,7,5,sitting_still,safe,train,train,7441
a_column_co_driver__run2_2018-05-30-13-34-33.ids_2__vp15__ann39__ch0.jpg,a_column_co_driver,15,vp15/run2_2018-05-30-13-34-33.ids_2,39,0,looking_or_moving_around (e.g. searching),safe,train,val,13255
a_column_co_driver__run2_2018-05-30-10-42-33.ids_2__vp14__ann95__ch3.jpg,a_column_co_driver,14,vp14/run2_2018-05-30-10-42-33.ids_2,95,3,sitting_still,safe,test,val,38495
a_column_co_driver__run1_2018-05-22-13-28-51.ids_2__vp4__ann38__ch9.jpg,a_column_co_driver,4,vp4/run1_2018-05-22-13-28-51.ids_2,38,9,sitting_still,safe,train,train,19976
a_column_co_driver__run1_2018-05-22-13-28-51.ids_2__vp4__ann120__ch1.jpg,a_column_co_driver,4,vp4/run1_2018-05-22-13-28-51.ids_2,120,1,sitting_still,safe,train,train,54984
a_column_co_driver__run2_2018-05-24-14-08-46.ids_2__vp10__ann36__ch2.jpg,a_column_co_driver,10,vp10/run2_2018-05-24-14-08-46.ids_2,36,2,sitting_still,safe,train,train,20428
a_column_co_driver__run2_2018-05-29-16-03-37.ids_2__vp3__ann63__ch0.jpg,a_column_co_driver,3,vp3/run2_2018-05-29-16-03-37.ids_2,63,0,putting_on_sunglasses,safe,train,train,26653
a_column_co_driver__run2b_2018-05-22-15-50-07.ids_2__vp5__ann59__ch0.jpg,a_column_co_driver,5,vp5/run2b_2018-05-22-15-50-07.ids_2,59,0,taking_off_sunglasses,safe,train,test,25011
a_column_co_driver__run1b_2018-05-29-14-02-47.ids_2__vp1__ann79__ch10.jpg,a_column_co_driver,1,vp1/run1b_2018-05-29-14-02-47.ids_2,79,10,sitting_still,safe,train,train,23563
a_column_co_driver__run2_2018-05-29-14-33-44.ids_2__vp1__ann29__ch1.jpg,a_column_co_driver,1,vp1/run2_2018-05-29-14-33-44.ids_2,29,1,sitting_still,safe,train,train,15987
a_column_co_driver__run2_2018-05-24-14-35-56.ids_2__vp11__ann4__ch0.jpg,a_column_co_driver,11,vp11/run2_2018-05-24-14-35-56.ids_2,4,0,fastening_seat_belt,safe,train,test,340
a_column_co_driver__run2_2018-05-23-11-05-00.ids_2__vp6__ann41__ch3.jpg,a_column_co_driver,6,vp6/run2_2018-05-23-11-05-00.ids_2,41,3,sitting_still,safe,train,train,18934
a_column_co_driver__run1_2018-05-30-13-05-35.ids_2__vp15__ann98__ch0.jpg,a_column_co_driver,15,vp15/run1_2018-05-30-13-05-35.ids_2,98,0,sitting_still,safe,train,val,30534
a_column_co_driver__run1_2018-05-30-13-05-35.ids_2__vp15__ann89__ch5.jpg,a_column_co_driver,15,vp15/run1_2018-05-30-13-05-35.ids_2,89,5,sitting_still,safe,train,val,26190
a_column_co_driver__run1_2018-05-03-14-08-31.ids_2__vp2__ann82__ch8.jpg,a_column_co_driver,2,vp2/run1_2018-05-03-14-08-31.ids_2,82,8,sitting_still,safe,train,train,41988
a_column_co_driver__run1d_2018-05-23-14-54-38.ids_2__vp8__ann69__ch5.jpg,a_column_co_driver,8,vp8/run1d_2018-05-23-14-54-38.ids_2,69,5,sitting_still,safe,val,train,33972
a_column_co_driver__run1_2018-05-22-15-10-41.ids_2__vp5__ann78__ch5.jpg,a_column_co_driver,5,vp5/run1_2018-05-22-15-10-41.ids_2,78,5,sitting_still,safe,train,test,31807
a_column_co_driver__run2b_2018-05-22-15-50-07.ids_2__vp5__ann45__ch0.jpg,a_column_co_driver,5,vp5/run2b_2018-05-22-15-50-07.ids_2,45,0,sitting_still,safe,train,test,16085
a_column_co_driver__run2_2018-05-29-16-03-37.ids_2__vp3__ann76__ch3.jpg,a_column_co_driver,3,vp3/run2_2018-05-29-16-03-37.ids_2,76,3,sitting_still,safe,train,train,29296
a_column_co_driver__run2_2018-05-29-16-03-37.ids_2__vp3__ann18__ch25.jpg,a_column_co_driver,3,vp3/run2_2018-05-29-16-03-37.ids_2,18,25,sitting_still,safe,train,train,12310
a_column_co_driver__run1_2018-05-29-15-21-10.ids_2__vp13__ann11__ch2.jpg,a_column_co_driver,13,vp13/run1_2018-05-29-15-21-10.ids_2,11,2,sitting_still,safe,train,test,7508
a_column_co_driver__run1_2018-05-30-13-05-35.ids_2__vp15__ann89__ch4.jpg,a_column_co_driver,15,vp15/run1_2018-05-30-13-05-35.ids_2,89,4,sitting_still,safe,train,val,26099
a_column_co_driver__run1_2018-05-03-14-08-31.ids_2__vp2__ann44__ch5.jpg,a_column_co_driver,2,vp2/run1_2018-05-03-14-08-31.ids_2,44,5,sitting_still,safe,train,train,29975
a_column_co_driver__run2_2018-05-30-11-34-54.ids_2__vp13__ann74__ch19.jpg,a_column_co_driver,13,vp13/run2_2018-05-30-11-34-54.ids_2,74,19,sitting_still,safe,train,test,32526
a_column_co_driver__run1_2018-05-03-14-08-31.ids_2__vp2__ann82__ch32.jpg,a_column_co_driver,2,vp2/run1_2018-05-03-14-08-31.ids_2,82,32,sitting_still,safe,train,train,44144
a_column_co_driver__run1_2018-05-24-13-44-01.ids_2__vp11__ann40__ch0.jpg,a_column_co_driver,11,vp11/run1_2018-05-24-13-44-01.ids_2,40,0,sitting_still,safe,train,test,19535
a_column_co_driver__run2_2018-05-24-17-22-26.ids_2__vp2__ann75__ch0.jpg,a_column_co_driver,2,vp2/run2_2018-05-24-17-22-26.ids_2,75,0,sitting_still,safe,train,train,35589
a_column_co_driver__run2_2018-05-30-11-34-54.ids_2__vp13__ann74__ch23.jpg,a_column_co_driver,13,vp13/run2_2018-05-30-11-34-54.ids_2,74,23,sitting_still,safe,train,test,32885
a_column_co_driver__run1_2018-05-22-13-28-51.ids_2__vp4__ann38__ch17.jpg,a_column_co_driver,4,vp4/run1_2018-05-22-13-28-51.ids_2,38,17,sitting_still,safe,train,train,20698
a_column_co_driver__run1_2018-05-22-15-10-41.ids_2__vp5__ann26__ch0.jpg,a_column_co_driver,5,vp5/run1_2018-05-22-15-10-41.ids_2,26,0,sitting_still,safe,train,test,16027
a_column_co_driver__run1_2018-05-23-10-21-45.ids_2__vp6__ann108__ch4.jpg,a_column_co_driver,6,vp6/run1_2018-05-23-10-21-45.ids_2,108,4,sitting_still,safe,train,train,51412
a_column_co_driver__run2_2018-05-23-11-05-00.ids_2__vp6__ann98__ch2.jpg,a_column_co_driver,6,vp6/run2_2018-05-23-11-05-00.ids_2,98,2,sitting_still,safe,train,train,39836
a_column_co_driver__run1_2018-05-30-10-11-09.ids_2__vp14__ann45__ch0.jpg,a_column_co_driver,14,vp14/run1_2018-05-30-10-11-09.ids_2,45,0,putting_on_sunglasses,safe,test,val,20441
a_column_co_driver__run2b_2018-05-22-15-50-07.ids_2__vp5__ann45__ch30.jpg,a_column_co_driver,5,vp5/run2b_2018-05-22-15-50-07.ids_2,45,30,sitting_still,safe,train,test,18787
a_column_co_driver__run1_2018-05-03-14-08-31.ids_2__vp2__ann84__ch0.jpg,a_column_co_driver,2,vp2/run1_2018-05-03-14-08-31.ids_2,84,0,unfastening_seat_belt,safe,train,train,44979
a_column_co_driver__run1_2018-05-30-10-11-09.ids_2__vp14__ann7__ch2.jpg,a_column_co_driver,14,vp14/run1_2018-05-30-10-11-09.ids_2,7,2,sitting_still,safe,test,val,7163
a_column_co_driver__run2_2018-05-22-14-25-04.ids_2__vp4__ann88__ch12.jpg,a_column_co_driver,4,vp4/run2_2018-05-22-14-25-04.ids_2,88,12,sitting_still,safe,train,train,42448
a_column_co_driver__run1_2018-05-22-15-10-41.ids_2__vp5__ann78__ch3.jpg,a_column_co_driver,5,vp5/run1_2018-05-22-15-10-41.ids_2,78,3,sitting_still,safe,train,test,31627
a_column_co_driver__run1_2018-05-29-15-21-10.ids_2__vp13__ann27__ch1.jpg,a_column_co_driver,13,vp13/run1_2018-05-29-15-21-10.ids_2,27,1,sitting_still,safe,train,test,15475
a_column_co_driver__run1b_2018-05-29-14-02-47.ids_2__vp1__ann127__ch2.jpg,a_column_co_driver,1,vp1/run1b_2018-05-29-14-02-47.ids_2,127,2,sitting_still,safe,train,train,32641
a_column_co_driver__run2_2018-05-29-14-33-44.ids_2__vp1__ann73__ch2.jpg,a_column_co_driver,1,vp1/run2_2018-05-29-14-33-44.ids_2,73,2,sitting_still,safe,train,train,29627
a_column_co_driver__run1_2018-05-03-14-08-31.ids_2__vp2__ann37__ch0.jpg,a_column_co_driver,2,vp2/run1_2018-05-03-14-08-31.ids_2,37,0,sitting_still,safe,train,train,20435
a_column_co_driver__run1b_2018-05-29-14-02-47.ids_2__vp1__ann32__ch2.jpg,a_column_co_driver,1,vp1/run1b_2018-05-29-14-02-47.ids_2,32,2,sitting_still,safe,train,train,11269
a_column_co_driver__run1_2018-05-29-15-21-10.ids_2__vp13__ann79__ch31.jpg,a_column_co_driver,13,vp13/run1_2018-05-29-15-21-10.ids_2,79,31,sitting_still,safe,train,test,38307
a_column_co_driver__run1b_2018-05-08-08-46-01.ids_2__vp3__ann38__ch5.jpg,a_column_co_driver,3,vp3/run1b_2018-05-08-08-46-01.ids_2,38,5,sitting_still,safe,train,train,20055
a_column_co_driver__run2_2018-05-24-14-08-46.ids_2__vp10__ann64__ch0.jpg,a_column_co_driver,10,vp10/run2_2018-05-24-14-08-46.ids_2,64,0,sitting_still,safe,train,train,26745
a_column_co_driver__run1_2018-05-23-10-21-45.ids_2__vp6__ann54__ch5.jpg,a_column_co_driver,6,vp6/run1_2018-05-23-10-21-45.ids_2,54,5,sitting_still,safe,train,train,27331
a_column_co_driver__run1_2018-05-03-14-08-31.ids_2__vp2__ann82__ch24.jpg,a_column_co_driver,2,vp2/run1_2018-05-03-14-08-31.ids_2,82,24,sitting_still,safe,train,train,43425
a_column_co_driver__run1_2018-05-29-15-21-10.ids_2__vp13__ann76__ch6.jpg,a_column_co_driver,13,vp13/run1_2018-05-29-15-21-10.ids_2,76,6,sitting_still,safe,train,test,35093
a_column_co_driver__run2_2018-05-23-11-05-00.ids_2__vp6__ann63__ch2.jpg,a_column_co_driver,6,vp6/run2_2018-05-23-11-05-00.ids_2,63,2,sitting_still,safe,train,train,29200
a_column_co_driver__run2_2018-05-29-14-33-44.ids_2__vp1__ann17__ch3.jpg,a_column_co_driver,1,vp1/run2_2018-05-29-14-33-44.ids_2,17,3,putting_on_sunglasses,safe,train,train,13153
a_column_co_driver__run2_2018-05-24-16-21-35.ids_2__vp12__ann106__ch4.jpg,a_column_co_driver,12,vp12/run2_2018-05-24-16-21-35.ids_2,106,4,sitting_still,safe,train,train,41803
a_column_co_driver__run2_2018-05-24-16-21-35.ids_2__vp12__ann100__ch7.jpg,a_column_co_driver,12,vp12/run2_2018-05-24-16-21-35.ids_2,100,7,sitting_still,safe,train,train,40841
a_column_co_driver__run1_2018-05-22-15-10-41.ids_2__vp5__ann143__ch3.jpg,a_column_co_driver,5,vp5/run1_2018-05-22-15-10-41.ids_2,143,3,sitting_still,safe,train,test,51780
a_column_co_driver__run1_2018-05-30-13-05-35.ids_2__vp15__ann86__ch5.jpg,a_column_co_driver,15,vp15/run1_2018-05-30-13-05-35.ids_2,86,5,sitting_still,safe,train,val,23677
a_column_co_driver__run2_2018-05-29-14-33-44.ids_2__vp1__ann75__ch9.jpg,a_column_co_driver,1,vp1/run2_2018-05-29-14-33-44.ids_2,75,9,sitting_still,safe,train,train,30729
a_column_co_driver__run2_2018-05-30-11-34-54.ids_2__vp13__ann74__ch17.jpg,a_column_co_driver,13,vp13/run2_2018-05-30-11-34-54.ids_2,74,17,sitting_still,safe,train,test,32346
a_column_co_driver__run1b_2018-05-29-14-02-47.ids_2__vp1__ann132__ch5.jpg,a_column_co_driver,1,vp1/run1b_2018-05-29-14-02-47.ids_2,132,5,sitting_still,safe,train,train,34490
a_column_co_driver__run2_2018-05-24-16-21-35.ids_2__vp12__ann43__ch1.jpg,a_column_co_driver,12,vp12/run2_2018-05-24-16-21-35.ids_2,43,1,sitting_still,safe,train,train,17390
a_column_co_driver__run2b_2018-05-23-13-54-07.ids_2__vp7__ann92__ch0.jpg,a_column_co_driver,7,vp7/run2b_2018-05-23-13-54-07.ids_2,92,0,sitting_still,safe,val,train,25082
a_column_co_driver__run1b_2018-05-29-14-02-47.ids_2__vp1__ann47__ch3.jpg,a_column_co_driver,1,vp1/run1b_2018-05-29-14-02-47.ids_2,47,3,sitting_still,safe,train,train,14388
a_column_co_driver__run1_2018-05-29-15-21-10.ids_2__vp13__ann54__ch3.jpg,a_column_co_driver,13,vp13/run1_2018-05-29-15-21-10.ids_2,54,3,sitting_still,safe,train,test,27408
a_column_co_driver__run1_2018-05-29-15-21-10.ids_2__vp13__ann37__ch6.jpg,a_column_co_driver,13,vp13/run1_2018-05-29-15-21-10.ids_2,37,6,sitting_still,safe,train,test,21263
a_column_co_driver__run2b_2018-05-23-13-54-07.ids_2__vp7__ann49__ch6.jpg,a_column_co_driver,7,vp7/run2b_2018-05-23-13-54-07.ids_2,49,6,sitting_still,safe,val,train,18153
a_column_co_driver__run2_2018-05-29-14-33-44.ids_2__vp1__ann15__ch25.jpg,a_column_co_driver,1,vp1/run2_2018-05-29-14-33-44.ids_2,15,25,sitting_still,safe,train,train,11969
a_column_co_driver__run1_2018-05-30-13-05-35.ids_2__vp15__ann9__ch5.jpg,a_column_co_driver,15,vp15/run1_2018-05-30-13-05-35.ids_2,9,5,sitting_still,safe,train,val,8080
a_column_co_driver__run1_2018-05-22-13-28-51.ids_2__vp4__ann140__ch9.jpg,a_column_co_driver,4,vp4/run1_2018-05-22-13-28-51.ids_2,140,9,sitting_still,safe,train,train,63922
a_column_co_driver__run2_2018-05-30-13-34-33.ids_2__vp15__ann123__ch2.jpg,a_column_co_driver,15,vp15/run2_2018-05-30-13-34-33.ids_2,123,2,sitting_still,safe,train,val,37874
a_column_co_driver__run2_2018-05-29-14-33-44.ids_2__vp1__ann20__ch0.jpg,a_column_co_driver,1,vp1/run2_2018-05-29-14-33-44.ids_2,20,0,sitting_still,safe,train,train,13349
a_column_co_driver__run1_2018-05-24-13-14-41.ids_2__vp10__ann8__ch4.jpg,a_column_co_driver,10,vp10/run1_2018-05-24-13-14-41.ids_2,8,4,sitting_still,safe,train,train,8677
a_column_co_driver__run1b_2018-05-08-08-46-01.ids_2__vp3__ann67__ch11.jpg,a_column_co_driver,3,vp3/run1b_2018-05-08-08-46-01.ids_2,67,11,sitting_still,safe,train,train,29862
a_column_co_driver__run2_2018-05-24-16-21-35.ids_2__vp12__ann96__ch1.jpg,a_column_co_driver,12,vp12/run2_2018-05-24-16-21-35.ids_2,96,1,sitting_still,safe,train,train,38572
a_column_co_driver__run2_2018-05-24-16-21-35.ids_2__vp12__ann100__ch4.jpg,a_column_co_driver,12,vp12/run2_2018-05-24-16-21-35.ids_2,100,4,sitting_still,safe,train,train,40569
a_column_co_driver__run1_2018-05-29-15-21-10.ids_2__vp13__ann82__ch7.jpg,a_column_co_driver,13,vp13/run1_2018-05-29-15-21-10.ids_2,82,7,sitting_still,safe,train,test,43405
a_column_co_driver__run1_2018-05-24-15-44-28.ids_2__vp12__ann47__ch2.jpg,a_column_co_driver,12,vp12/run1_2018-05-24-15-44-28.ids_2,47,2,sitting_still,safe,train,train,22692
a_column_co_driver__run2_2018-05-29-14-33-44.ids_2__vp1__ann81__ch8.jpg,a_column_co_driver,1,vp1/run2_2018-05-29-14-33-44.ids_2,81,8,sitting_still,safe,train,train,33564
a_column_co_driver__run1b_2018-05-29-14-02-47.ids_2__vp1__ann86__ch1.jpg,a_column_co_driver,1,vp1/run1b_2018-05-29-14-02-47.ids_2,86,1,sitting_still,safe,train,train,24571
a_column_co_driver__run1_2018-05-22-13-28-51.ids_2__vp4__ann15__ch3.jpg,a_column_co_driver,4,vp4/run1_2018-05-22-13-28-51.ids_2,15,3,looking_or_moving_around (e.g. searching),safe,train,train,14567
a_column_co_driver__run1_2018-05-24-13-14-41.ids_2__vp10__ann58__ch1.jpg,a_column_co_driver,10,vp10/run1_2018-05-24-13-14-41.ids_2,58,1,fastening_seat_belt,safe,train,train,19336
a_column_co_driver__run2_2018-05-23-11-05-00.ids_2__vp6__ann60__ch3.jpg,a_column_co_driver,6,vp6/run2_2018-05-23-11-05-00.ids_2,60,3,sitting_still,safe,train,train,28608
a_column_co_driver__run2_2018-05-22-14-25-04.ids_2__vp4__ann7__ch6.jpg,a_column_co_driver,4,vp4/run2_2018-05-22-14-25-04.ids_2,7,6,sitting_still,safe,train,train,10989
a_column_co_driver__run1b_2018-05-08-08-46-01.ids_2__vp3__ann30__ch6.jpg,a_column_co_driver,3,vp3/run1b_2018-05-08-08-46-01.ids_2,30,6,sitting_still,safe,train,train,16544
a_column_co_driver__run2_2018-05-29-14-33-44.ids_2__vp1__ann81__ch31.jpg,a_column_co_driver,1,vp1/run2_2018-05-29-14-33-44.ids_2,81,31,sitting_still,safe,train,train,35631
a_column_co_driver__run1_2018-05-23-10-21-45.ids_2__vp6__ann103__ch10.jpg,a_column_co_driver,6,vp6/run1_2018-05-23-10-21-45.ids_2,103,10,sitting_still,safe,train,train,49879
a_column_co_driver__run1_2018-05-30-13-05-35.ids_2__vp15__ann57__ch4.jpg,a_column_co_driver,15,vp15/run1_2018-05-30-13-05-35.ids_2,57,4,sitting_still,safe,train,val,16775
a_column_co_driver__run2_2018-05-30-13-34-33.ids_2__vp15__ann111__ch2.jpg,a_column_co_driver,15,vp15/run2_2018-05-30-13-34-33.ids_2,111,2,sitting_still,safe,train,val,32352
a_column_co_driver__run2_2018-05-23-15-30-27.ids_2__vp8__ann88__ch1.jpg,a_column_co_driver,8,vp8/run2_2018-05-23-15-30-27.ids_2,88,1,sitting_still,safe,val,train,27076
a_column_co_driver__run2_2018-05-24-14-08-46.ids_2__vp10__ann79__ch1.jpg,a_column_co_driver,10,vp10/run2_2018-05-24-14-08-46.ids_2,79,1,putting_on_sunglasses,safe,train,train,30311
a_column_co_driver__run2_2018-05-30-10-42-33.ids_2__vp14__ann95__ch2.jpg,a_column_co_driver,14,vp14/run2_2018-05-30-10-42-33.ids_2,95,2,sitting_still,safe,test,val,38404
a_column_co_driver__run2b_2018-05-23-13-54-07.ids_2__vp7__ann4__ch1.jpg,a_column_co_driver,7,vp7/run2b_2018-05-23-13-54-07.ids_2,4,1,fastening_seat_belt,safe,val,train,1118
a_column_co_driver__run2_2018-05-30-11-34-54.ids_2__vp13__ann36__ch1.jpg,a_column_co_driver,13,vp13/run2_2018-05-30-11-34-54.ids_2,36,1,sitting_still,safe,train,test,17388
a_column_co_driver__run1_2018-05-24-15-44-28.ids_2__vp12__ann45__ch2.jpg,a_column_co_driver,12,vp12/run1_2018-05-24-15-44-28.ids_2,45,2,sitting_still,safe,train,train,21758
a_column_co_driver__run1_2018-05-29-15-21-10.ids_2__vp13__ann79__ch22.jpg,a_column_co_driver,13,vp13/run1_2018-05-29-15-21-10.ids_2,79,22,sitting_still,safe,train,test,37502
a_column_co_driver__run2_2018-05-29-14-33-44.ids_2__vp1__ann20__ch8.jpg,a_column_co_driver,1,vp1/run2_2018-05-29-14-33-44.ids_2,20,8,sitting_still,safe,train,train,14072
a_column_co_driver__run1_2018-05-23-13-16-52.ids_2__vp7__ann34__ch7.jpg,a_column_co_driver,7,vp7/run1_2018-05-23-13-16-52.ids_2,34,7,sitting_still,safe,val,train,13667
a_column_co_driver__run1_2018-05-03-14-08-31.ids_2__vp2__ann82__ch27.jpg,a_column_co_driver,2,vp2/run1_2018-05-03-14-08-31.ids_2,82,27,sitting_still,safe,train,train,43695
a_column_co_driver__run2_2018-05-29-14-33-44.ids_2__vp1__ann96__ch1.jpg,a_column_co_driver,1,vp1/run2_2018-05-29-14-33-44.ids_2,96,1,sitting_still,safe,train,train,41348
a_column_co_driver__run1_2018-05-23-10-21-45.ids_2__vp6__ann64__ch2.jpg,a_column_co_driver,6,vp6/run1_2018-05-23-10-21-45.ids_2,64,2,sitting_still,safe,train,train,30924
a_column_co_driver__run1_2018-05-30-13-05-35.ids_2__vp15__ann34__ch1.jpg,a_column_co_driver,15,vp15/run1_2018-05-30-13-05-35.ids_2,34,1,looking_or_moving_around (e.g. searching),safe,train,val,12341
a_column_co_driver__run2_2018-05-22-14-25-04.ids_2__vp4__ann24__ch13.jpg,a_column_co_driver,4,vp4/run2_2018-05-22-14-25-04.ids_2,24,13,sitting_still,safe,train,train,19415
a_column_co_driver__run2b_2018-05-22-15-50-07.ids_2__vp5__ann45__ch5.jpg,a_column_co_driver,5,vp5/run2b_2018-05-22-15-50-07.ids_2,45,5,sitting_still,safe,train,test,16536
a_column_co_driver__run1_2018-05-22-13-28-51.ids_2__vp4__ann16__ch0.jpg,a_column_co_driver,4,vp4/run1_2018-05-22-13-28-51.ids_2,16,0,looking_or_moving_around (e.g. searching),safe,train,train,14856
a_column_co_driver__run1_2018-05-03-14-08-31.ids_2__vp2__ann82__ch5.jpg,a_column_co_driver,2,vp2/run1_2018-05-03-14-08-31.ids_2,82,5,sitting_still,safe,train,train,41719
a_column_co_driver__run2b_2018-05-22-15-50-07.ids_2__vp5__ann93__ch12.jpg,a_column_co_driver,5,vp5/run2b_2018-05-22-15-50-07.ids_2,93,12,sitting_still,safe,train,test,33386
a_column_co_driver__run2_2018-05-29-14-33-44.ids_2__vp1__ann83__ch2.jpg,a_column_co_driver,1,vp1/run2_2018-05-29-14-33-44.ids_2,83,2,sitting_still,safe,train,train,37472
a_column_co_driver__run2_2018-05-29-16-03-37.ids_2__vp3__ann18__ch27.jpg,a_column_co_driver,3,vp3/run2_2018-05-29-16-03-37.ids_2,18,27,sitting_still,safe,train,train,12455
a_column_co_driver__run2_2018-05-24-14-08-46.ids_2__vp10__ann31__ch0.jpg,a_column_co_driver,10,vp10/run2_2018-05-24-14-08-46.ids_2,31,0,sitting_still,safe,train,train,17904
a_column_co_driver__run1_2018-05-29-15-21-10.ids_2__vp13__ann54__ch1.jpg,a_column_co_driver,13,vp13/run1_2018-05-29-15-21-10.ids_2,54,1,sitting_still,safe,train,test,27240
a_column_co_driver__run2_2018-05-29-14-33-44.ids_2__vp1__ann81__ch43.jpg,a_column_co_driver,1,vp1/run2_2018-05-29-14-33-44.ids_2,81,43,sitting_still,safe,train,train,36708
a_column_co_driver__run1_2018-05-30-10-11-09.ids_2__vp14__ann7__ch1.jpg,a_column_co_driver,14,vp14/run1_2018-05-30-10-11-09.ids_2,7,1,sitting_still,safe,test,val,7072
a_column_co_driver__run2b_2018-05-23-13-54-07.ids_2__vp7__ann75__ch2.jpg,a_column_co_driver,7,vp7/run2b_2018-05-23-13-54-07.ids_2,75,2,sitting_still,safe,val,train,22282
a_column_co_driver__run1_2018-05-29-15-21-10.ids_2__vp13__ann20__ch4.jpg,a_column_co_driver,13,vp13/run1_2018-05-29-15-21-10.ids_2,20,4,sitting_still,safe,train,test,12593
a_column_co_driver__run2_2018-05-23-15-30-27.ids_2__vp8__ann92__ch0.jpg,a_column_co_driver,8,vp8/run2_2018-05-23-15-30-27.ids_2,92,0,sitting_still,safe,val,train,28158
a_column_co_driver__run1_2018-05-22-13-28-51.ids_2__vp4__ann15__ch0.jpg,a_column_co_driver,4,vp4/run1_2018-05-22-13-28-51.ids_2,15,0,looking_or_moving_around (e.g. searching),safe,train,train,14296
a_column_co_driver__run2_2018-05-22-14-25-04.ids_2__vp4__ann88__ch23.jpg,a_column_co_driver,4,vp4/run2_2018-05-22-14-25-04.ids_2,88,23,sitting_still,safe,train,train,43440
a_column_co_driver__run1_2018-05-23-10-21-45.ids_2__vp6__ann64__ch7.jpg,a_column_co_driver,6,vp6/run1_2018-05-23-10-21-45.ids_2,64,7,sitting_still,safe,train,train,31372
a_column_co_driver__run2_2018-05-23-11-05-00.ids_2__vp6__ann45__ch25.jpg,a_column_co_driver,6,vp6/run2_2018-05-23-11-05-00.ids_2,45,25,sitting_still,safe,train,train,25264
a_column_co_driver__run2_2018-05-23-11-05-00.ids_2__vp6__ann44__ch1.jpg,a_column_co_driver,6,vp6/run2_2018-05-23-11-05-00.ids_2,44,1,sitting_still,safe,train,train,21266
a_column_co_driver__run1b_2018-05-29-14-02-47.ids_2__vp1__ann41__ch1.jpg,a_column_co_driver,1,vp1/run1b_2018-05-29-14-02-47.ids_2,41,1,sitting_still,safe,train,train,12978
a_column_co_driver__run1_2018-05-23-10-21-45.ids_2__vp6__ann110__ch1.jpg,a_column_co_driver,6,vp6/run1_2018-05-23-10-21-45.ids_2,110,1,looking_or_moving_around (e.g. searching),safe,train,train,52984
a_column_co_driver__run1_2018-05-03-14-08-31.ids_2__vp2__ann24__ch4.jpg,a_column_co_driver,2,vp2/run1_2018-05-03-14-08-31.ids_2,24,4,sitting_still,safe,train,train,15976
a_column_co_driver__run2_2018-05-24-14-08-46.ids_2__vp10__ann41__ch0.jpg,a_column_co_driver,10,vp10/run2_2018-05-24-14-08-46.ids_2,41,0,taking_off_sunglasses,safe,train,train,22323
a_column_co_driver__run2_2018-05-29-14-33-44.ids_2__vp1__ann13__ch1.jpg,a_column_co_driver,1,vp1/run2_2018-05-29-14-33-44.ids_2,13,1,fastening_seat_belt,safe,train,train,9598
a_column_co_driver__run2_2018-05-29-14-33-44.ids_2__vp1__ann15__ch7.jpg,a_column_co_driver,1,vp1/run2_2018-05-29-14-33-44.ids_2,15,7,sitting_still,safe,train,train,10348
a_column_co_driver__run1_2018-05-30-13-05-35.ids_2__vp15__ann119__ch0.jpg,a_column_co_driver,15,vp15/run1_2018-05-30-13-05-35.ids_2,119,0,unfastening_seat_belt,safe,train,val,36892
a_column_co_driver__run1_2018-05-24-13-44-01.ids_2__vp11__ann29__ch11.jpg,a_column_co_driver,11,vp11/run1_2018-05-24-13-44-01.ids_2,29,11,sitting_still,safe,train,test,15414
a_column_co_driver__run2_2018-05-23-15-30-27.ids_2__vp8__ann74__ch4.jpg,a_column_co_driver,8,vp8/run2_2018-05-23-15-30-27.ids_2,74,4,sitting_still,safe,val,train,22814
a_column_co_driver__run1_2018-05-03-14-08-31.ids_2__vp2__ann82__ch26.jpg,a_column_co_driver,2,vp2/run1_2018-05-03-14-08-31.ids_2,82,26,sitting_still,safe,train,train,43605
a_column_co_driver__run1_2018-05-03-14-08-31.ids_2__vp2__ann19__ch1.jpg,a_column_co_driver,2,vp2/run1_2018-05-03-14-08-31.ids_2,19,1,fastening_seat_belt,safe,train,train,15018
a_column_co_driver__run2_2018-05-23-11-05-00.ids_2__vp6__ann94__ch1.jpg,a_column_co_driver,6,vp6/run2_2018-05-23-11-05-00.ids_2,94,1,sitting_still,safe,train,train,38399
a_column_co_driver__run2_2018-05-29-16-03-37.ids_2__vp3__ann59__ch0.jpg,a_column_co_driver,3,vp3/run2_2018-05-29-16-03-37.ids_2,59,0,sitting_still,safe,train,train,23948
a_column_co_driver__run1_2018-05-24-13-14-41.ids_2__vp10__ann98__ch7.jpg,a_column_co_driver,10,vp10/run1_2018-05-24-13-14-41.ids_2,98,7,sitting_still,safe,train,train,34971
a_column_co_driver__run1_2018-05-22-13-28-51.ids_2__vp4__ann115__ch17.jpg,a_column_co_driver,4,vp4/run1_2018-05-22-13-28-51.ids_2,115,17,sitting_still,safe,train,train,53693
a_column_co_driver__run1_2018-05-03-14-08-31.ids_2__vp2__ann82__ch10.jpg,a_column_co_driver,2,vp2/run1_2018-05-03-14-08-31.ids_2,82,10,sitting_still,safe,train,train,42167
a_column_co_driver__run1_2018-05-03-14-08-31.ids_2__vp2__ann7__ch4.jpg,a_column_co_driver,2,vp2/run1_2018-05-03-14-08-31.ids_2,7,4,sitting_still,safe,train,train,10096
a_column_co_driver__run2b_2018-05-22-15-50-07.ids_2__vp5__ann41__ch12.jpg,a_column_co_driver,5,vp5/run2b_2018-05-22-15-50-07.ids_2,41,12,sitting_still,safe,train,test,15054
a_column_co_driver__run2_2018-05-23-11-05-00.ids_2__vp6__ann60__ch4.jpg,a_column_co_driver,6,vp6/run2_2018-05-23-11-05-00.ids_2,60,4,sitting_still,safe,train,train,28668
a_column_co_driver__run1_2018-05-23-10-21-45.ids_2__vp6__ann33__ch5.jpg,a_column_co_driver,6,vp6/run1_2018-05-23-10-21-45.ids_2,33,5,sitting_still,safe,train,train,17693
a_column_co_driver__run2_2018-05-22-14-25-04.ids_2__vp4__ann88__ch7.jpg,a_column_co_driver,4,vp4/run2_2018-05-22-14-25-04.ids_2,88,7,sitting_still,safe,train,train,41997
a_column_co_driver__run1d_2018-05-23-14-54-38.ids_2__vp8__ann75__ch6.jpg,a_column_co_driver,8,vp8/run1d_2018-05-23-14-54-38.ids_2,75,6,sitting_still,safe,val,train,36314
a_column_co_driver__run1b_2018-05-08-08-46-01.ids_2__vp3__ann14__ch13.jpg,a_column_co_driver,3,vp3/run1b_2018-05-08-08-46-01.ids_2,14,13,sitting_still,safe,train,train,11601
a_column_co_driver__run1b_2018-05-08-08-46-01.ids_2__vp3__ann67__ch10.jpg,a_column_co_driver,3,vp3/run1b_2018-05-08-08-46-01.ids_2,67,10,sitting_still,safe,train,train,29780
a_column_co_driver__run1_2018-05-22-13-28-51.ids_2__vp4__ann38__ch18.jpg,a_column_co_driver,4,vp4/run1_2018-05-22-13-28-51.ids_2,38,18,sitting_still,safe,train,train,20788
