image,camera,participant_id,file_id,annotation_id,chunk_id,activity,obj_class,split,src_split,frame
a_column_co_driver__run1_2018-05-30-13-05-35.ids_2__vp15__ann41__ch0.jpg,a_column_co_driver,15,vp15/run1_2018-05-30-13-05-35.ids_2,41,0,interacting_with_phone,phone,train,val,12992
a_column_co_driver__run2_2018-05-24-14-08-46.ids_2__vp10__ann19__ch3.jpg,a_column_co_driver,10,vp10/run2_2018-05-24-14-08-46.ids_2,19,3,interacting_with_phone,phone,train,train,9656
a_column_co_driver__run1_2018-05-23-13-16-52.ids_2__vp7__ann37__ch0.jpg,a_column_co_driver,7,vp7/run1_2018-05-23-13-16-52.ids_2,37,0,talking_on_phone,phone,val,train,14545
a_column_co_driver__run1_2018-05-30-10-11-09.ids_2__vp14__ann98__ch2.jpg,a_column_co_driver,14,vp14/run1_2018-05-30-10-11-09.ids_2,98,2,interacting_with_phone,phone,test,val,44688
a_column_co_driver__run2_2018-05-29-16-03-37.ids_2__vp3__ann46__ch3.jpg,a_column_co_driver,3,vp3/run2_2018-05-29-16-03-37.ids_2,46,3,talking_on_phone,phone,train,train,20660
a_column_co_driver__run1_2018-05-22-15-10-41.ids_2__vp5__ann82__ch1.jpg,a_column_co_driver,5,vp5/run1_2018-05-22-15-10-41.ids_2,82,1,interacting_with_phone,phone,train,test,33920
a_column_co_driver__run2_2018-05-30-11-34-54.ids_2__vp13__ann39__ch5.jpg,a_column_co_driver,13,vp13/run2_2018-05-30-11-34-54.ids_2,39,5,talking_on_phone,phone,train,test,18790
a_column_co_driver__run1_2018-05-03-14-08-31.ids_2__vp2__ann59__ch1.jpg,a_column_co_driver,2,vp2/run1_2018-05-03-14-08-31.ids_2,59,1,interacting_with_phone,phone,train,train,35324
a_column_co_driver__run1_2018-05-23-10-21-45.ids_2__vp6__ann47__ch4.jpg,a_column_co_driver,6,vp6/run1_2018-05-23-10-21-45.ids_2,47,4,interacting_with_phone,phone,train,train,25054
a_column_co_driver__run1_2018-05-29-15-21-10.ids_2__vp13__ann72__ch8.jpg,a_column_co_driver,13,vp13/run1_2018-05-29-15-21-10.ids_2,72,8,talking_on_phone,phone,train,test,33512
a_column_co_driver__run2_2018-05-24-14-35-56.ids_2__vp11__ann56__ch8.jpg,a_column_co_driver,11,vp11/run2_2018-05-24-14-35-56.ids_2,56,8,talking_on_phone,phone,train,test,14713
a_column_co_driver__run1b_2018-05-08-08-46-01.ids_2__vp3__ann34__ch6.jpg,a_column_co_driver,3,vp3/run1b_2018-05-08-08-46-01.ids_2,34,6,interacting_with_phone,phone,train,train,19104
a_column_co_driver__run1_2018-05-23-10-21-45.ids_2__vp6__ann47__ch9.jpg,a_column_co_driver,6,vp6/run1_2018-05-23-10-21-45.ids_2,47,9,interacting_with_phone,phone,train,train,25505
a_column_co_driver__run1_2018-05-22-13-28-51.ids_2__vp4__ann80__ch22.jpg,a_column_co_driver,4,vp4/run1_2018-05-22-13-28-51.ids_2,80,22,interacting_with_phone,phone,train,train,42448
a_column_co_driver__run2_2018-05-29-14-33-44.ids_2__vp1__ann67__ch1.jpg,a_column_co_driver,1,vp1/run2_2018-05-29-14-33-44.ids_2,67,1,talking_on_phone,phone,train,train,26884
a_column_co_driver__run2_2018-05-23-15-30-27.ids_2__vp8__ann38__ch10.jpg,a_column_co_driver,8,vp8/run2_2018-05-23-15-30-27.ids_2,38,10,talking_on_phone,phone,val,train,12752
a_column_co_driver__run2_2018-05-22-14-25-04.ids_2__vp4__ann95__ch3.jpg,a_column_co_driver,4,vp4/run2_2018-05-22-14-25-04.ids_2,95,3,talking_on_phone,phone,train,train,45902
a_column_co_driver__run1_2018-05-23-10-21-45.ids_2__vp6__ann47__ch3.jpg,a_column_co_driver,6,vp6/run1_2018-05-23-10-21-45.ids_2,47,3,interacting_with_phone,phone,train,train,24966
a_column_co_driver__run1_2018-05-29-15-21-10.ids_2__vp13__ann60__ch11.jpg,a_column_co_driver,13,vp13/run1_2018-05-29-15-21-10.ids_2,60,11,interacting_with_phone,phone,train,test,30794
a_column_co_driver__run1_2018-05-30-10-11-09.ids_2__vp14__ann12__ch6.jpg,a_column_co_driver,14,vp14/run1_2018-05-30-10-11-09.ids_2,12,6,talking_on_phone,phone,test,val,8473
a_column_co_driver__run2_2018-05-24-14-08-46.ids_2__vp10__ann115__ch13.jpg,a_column_co_driver,10,vp10/run2_2018-05-24-14-08-46.ids_2,115,13,interacting_with_phone,phone,train,train,39289
a_column_co_driver__run1_2018-05-03-14-08-31.ids_2__vp2__ann26__ch2.jpg,a_column_co_driver,2,vp2/run1_2018-05-03-14-08-31.ids_2,26,2,interacting_with_phone,phone,train,train,16271
a_column_co_driver__run1_2018-05-22-13-28-51.ids_2__vp4__ann80__ch17.jpg,a_column_co_driver,4,vp4/run1_2018-05-22-13-28-51.ids_2,80,17,interacting_with_phone,phone,train,train,42032
a_column_co_driver__run2_2018-05-30-13-34-33.ids_2__vp15__ann14__ch19.jpg,a_column_co_driver,15,vp15/run2_2018-05-30-13-34-33.ids_2,14,19,talking_on_phone,phone,train,val,9594
a_column_co_driver__run2_2018-05-22-14-25-04.ids_2__vp4__ann80__ch8.jpg,a_column_co_driver,4,vp4/run2_2018-05-22-14-25-04.ids_2,80,8,talking_on_phone,phone,train,train,37691
a_column_co_driver__run2_2018-05-24-14-08-46.ids_2__vp10__ann18__ch1.jpg,a_column_co_driver,10,vp10/run2_2018-05-24-14-08-46.ids_2,18,1,talking_on_phone,phone,train,train,9192
a_column_co_driver__run2_2018-05-24-17-22-26.ids_2__vp2__ann62__ch8.jpg,a_column_co_driver,2,vp2/run2_2018-05-24-17-22-26.ids_2,62,8,interacting_with_phone,phone,train,train,27203
a_column_co_driver__run1_2018-05-24-15-44-28.ids_2__vp12__ann87__ch10.jpg,a_column_co_driver,12,vp12/run1_2018-05-24-15-44-28.ids_2,87,10,talking_on_phone,phone,train,train,36950
a_column_co_driver__run1_2018-05-24-13-44-01.ids_2__vp11__ann32__ch5.jpg,a_column_co_driver,11,vp11/run1_2018-05-24-13-44-01.ids_2,32,5,talking_on_phone,phone,train,test,17297
a_column_co_driver__run2b_2018-05-23-13-54-07.ids_2__vp7__ann79__ch3.jpg,a_column_co_driver,7,vp7/run2b_2018-05-23-13-54-07.ids_2,79,3,talking_on_phone,phone,val,train,22954
a_column_co_driver__run2_2018-05-23-15-30-27.ids_2__vp8__ann38__ch12.jpg,a_column_co_driver,8,vp8/run2_2018-05-23-15-30-27.ids_2,38,12,talking_on_phone,phone,val,train,12932
a_column_co_driver__run1d_2018-05-23-14-54-38.ids_2__vp8__ann23__ch9.jpg,a_column_co_driver,8,vp8/run1d_2018-05-23-14-54-38.ids_2,23,9,interacting_with_phone,phone,val,train,16513
a_column_co_driver__run1b_2018-05-08-08-46-01.ids_2__vp3__ann34__ch8.jpg,a_column_co_driver,3,vp3/run1b_2018-05-08-08-46-01.ids_2,34,8,interacting_with_phone,phone,train,train,19265
a_column_co_driver__run2_2018-05-23-15-30-27.ids_2__vp8__ann34__ch1.jpg,a_column_co_driver,8,vp8/run2_2018-05-23-15-30-27.ids_2,34,1,interacting_with_phone,phone,val,train,11413
a_column_co_driver__run2_2018-05-29-14-33-44.ids_2__vp1__ann67__ch10.jpg,a_column_co_driver,1,vp1/run2_2018-05-29-14-33-44.ids_2,67,10,talking_on_phone,phone,train,train,27696
a_column_co_driver__run1_2018-05-30-10-11-09.ids_2__vp14__ann63__ch0.jpg,a_column_co_driver,14,vp14/run1_2018-05-30-10-11-09.ids_2,63,0,interacting_with_phone,phone,test,val,25145
a_column_co_driver__run2_2018-05-24-14-08-46.ids_2__vp10__ann115__ch9.jpg,a_column_co_driver,10,vp10/run2_2018-05-24-14-08-46.ids_2,115,9,interacting_with_phone,phone,train,train,38926
a_column_co_driver__run2_2018-05-30-11-34-54.ids_2__vp13__ann39__ch6.jpg,a_column_co_driver,13,vp13/run2_2018-05-30-11-34-54.ids_2,39,6,talking_on_phone,phone,train,test,18877
a_column_co_driver__run1_2018-05-03-14-08-31.ids_2__vp2__ann26__ch6.jpg,a_column_co_driver,2,vp2/run1_2018-05-03-14-08-31.ids_2,26,6,interacting_with_phone,phone,train,train,16630
a_column_co_driver__run1_2018-05-03-14-08-31.ids_2__vp2__ann26__ch4.jpg,a_column_co_driver,2,vp2/run1_2018-05-03-14-08-31.ids_2,26,4,interacting_with_phone,phone,train,train,16451
a_column_co_driver__run2_2018-05-24-16-21-35.ids_2__vp12__ann114__ch11.jpg,a_column_co_driver,12,vp12/run2_2018-05-24-16-21-35.ids_2,114,11,interacting_with_phone,phone,train,train,45362
a_column_co_driver__run1_2018-05-22-15-10-41.ids_2__vp5__ann81__ch13.jpg,a_column_co_driver,5,vp5/run1_2018-05-22-15-10-41.ids_2,81,13,talking_on_phone,phone,train,test,33714
a_column_co_driver__run1b_2018-05-29-14-02-47.ids_2__vp1__ann90__ch0.jpg,a_column_co_driver,1,vp1/run1b_2018-05-29-14-02-47.ids_2,90,0,talking_on_phone,phone,train,train,25562
a_column_co_driver__run2_2018-05-30-13-34-33.ids_2__vp15__ann14__ch6.jpg,a_column_co_driver,15,vp15/run2_2018-05-30-13-34-33.ids_2,14,6,talking_on_phone,phone,train,val,8430
a_column_co_driver__run1_2018-05-24-13-14-41.ids_2__vp10__ann72__ch7.jpg,a_column_co_driver,10,vp10/run1_2018-05-24-13-14-41.ids_2,72,7,interacting_with_phone,phone,train,train,25057
a_column_co_driver__run1_2018-05-03-14-08-31.ids_2__vp2__ann26__ch5.jpg,a_column_co_driver,2,vp2/run1_2018-05-03-14-08-31.ids_2,26,5,interacting_with_phone,phone,train,train,16541
a_column_co_driver__run1_2018-05-29-15-21-10.ids_2__vp13__ann72__ch0.jpg,a_column_co_driver,13,vp13/run1_2018-05-29-15-21-10.ids_2,72,0,talking_on_phone,phone,train,test,32795
a_column_co_driver__run1_2018-05-30-13-05-35.ids_2__vp15__ann101__ch5.jpg,a_column_co_driver,15,vp15/run1_2018-05-30-13-05-35.ids_2,101,5,talking_on_phone,phone,train,val,31726
a_column_co_driver__run2_2018-05-30-11-34-54.ids_2__vp13__ann39__ch0.jpg,a_column_co_driver,13,vp13/run2_2018-05-30-11-34-54.ids_2,39,0,talking_on_phone,phone,train,test,18345
a_column_co_driver__run1_2018-05-22-13-28-51.ids_2__vp4__ann80__ch6.jpg,a_column_co_driver,4,vp4/run1_2018-05-22-13-28-51.ids_2,80,6,interacting_with_phone,phone,train,train,41045
a_column_co_driver__run2_2018-05-30-13-34-33.ids_2__vp15__ann14__ch13.jpg,a_column_co_driver,15,vp15/run2_2018-05-30-13-34-33.ids_2,14,13,talking_on_phone,phone,train,val,9055
a_column_co_driver__run2b_2018-05-22-15-50-07.ids_2__vp5__ann35__ch0.jpg,a_column_co_driver,5,vp5/run2b_2018-05-22-15-50-07.ids_2,35,0,talking_on_phone,phone,train,test,11670
a_column_co_driver__run1b_2018-05-23-16-19-17.ids_2__vp9__ann101__ch11.jpg,a_column_co_driver,9,vp9/run1b_2018-05-23-16-19-17.ids_2,101,11,interacting_with_phone,phone,test,train,27425
a_column_co_driver__run2_2018-05-22-14-25-04.ids_2__vp4__ann95__ch6.jpg,a_column_co_driver,4,vp4/run2_2018-05-22-14-25-04.ids_2,95,6,talking_on_phone,phone,train,train,46154
a_column_co_driver__run1_2018-05-30-10-11-09.ids_2__vp14__ann12__ch5.jpg,a_column_co_driver,14,vp14/run1_2018-05-30-10-11-09.ids_2,12,5,talking_on_phone,phone,test,val,8382
a_column_co_driver__run1_2018-05-30-10-11-09.ids_2__vp14__ann12__ch1.jpg,a_column_co_driver,14,vp14/run1_2018-05-30-10-11-09.ids_2,12,1,talking_on_phone,phone,test,val,8022
a_column_co_driver__run1_2018-05-24-13-44-01.ids_2__vp11__ann34__ch0.jpg,a_column_co_driver,11,vp11/run1_2018-05-24-13-44-01.ids_2,34,0,interacting_with_phone,phone,train,test,18479
a_column_co_driver__run2_2018-05-30-13-34-33.ids_2__vp15__ann14__ch7.jpg,a_column_co_driver,15,vp15/run2_2018-05-30-13-34-33.ids_2,14,7,talking_on_phone,phone,train,val,8521
a_column_co_driver__run2_2018-05-30-10-42-33.ids_2__vp14__ann37__ch9.jpg,a_column_co_driver,14,vp14/run2_2018-05-30-10-42-33.ids_2,37,9,talking_on_phone,phone,test,val,17795
a_column_co_driver__run2_2018-05-24-14-08-46.ids_2__vp10__ann19__ch2.jpg,a_column_co_driver,10,vp10/run2_2018-05-24-14-08-46.ids_2,19,2,interacting_with_phone,phone,train,train,9565
a_column_co_driver__run2_2018-05-30-11-34-54.ids_2__vp13__ann39__ch15.jpg,a_column_co_driver,13,vp13/run2_2018-05-30-11-34-54.ids_2,39,15,talking_on_phone,phone,train,test,19680
a_column_co_driver__run1_2018-05-24-13-44-01.ids_2__vp11__ann32__ch8.jpg,a_column_co_driver,11,vp11/run1_2018-05-24-13-44-01.ids_2,32,8,talking_on_phone,phone,train,test,17565
a_column_co_driver__run2b_2018-05-22-15-50-07.ids_2__vp5__ann35__ch1.jpg,a_column_co_driver,5,vp5/run2b_2018-05-22-15-50-07.ids_2,35,1,talking_on_phone,phone,train,test,11760
a_column_co_driver__run1_2018-05-03-14-08-31.ids_2__vp2__ann66__ch0.jpg,a_column_co_driver,2,vp2/run1_2018-05-03-14-08-31.ids_2,66,0,interacting_with_phone,phone,train,train,38894
a_column_co_driver__run1_2018-05-22-15-10-41.ids_2__vp5__ann81__ch9.jpg,a_column_co_driver,5,vp5/run1_2018-05-22-15-10-41.ids_2,81,9,talking_on_phone,phone,train,test,33353
a_column_co_driver__run1_2018-05-22-13-28-51.ids_2__vp4__ann80__ch15.jpg,a_column_co_driver,4,vp4/run1_2018-05-22-13-28-51.ids_2,80,15,interacting_with_phone,phone,train,train,41854
a_column_co_driver__run1_2018-05-24-13-14-41.ids_2__vp10__ann72__ch5.jpg,a_column_co_driver,10,vp10/run1_2018-05-24-13-14-41.ids_2,72,5,interacting_with_phone,phone,train,train,24878
a_column_co_driver__run2_2018-05-23-15-30-27.ids_2__vp8__ann38__ch6.jpg,a_column_co_driver,8,vp8/run2_2018-05-23-15-30-27.ids_2,38,6,talking_on_phone,phone,val,train,12394
a_column_co_driver__run2_2018-05-24-14-08-46.ids_2__vp10__ann20__ch3.jpg,a_column_co_driver,10,vp10/run2_2018-05-24-14-08-46.ids_2,20,3,talking_on_phone,phone,train,train,10237
a_column_co_driver__run1_2018-05-24-13-14-41.ids_2__vp10__ann62__ch2.jpg,a_column_co_driver,10,vp10/run1_2018-05-24-13-14-41.ids_2,62,2,talking_on_phone,phone,train,train,20624
a_column_co_driver__run2_2018-05-24-14-35-56.ids_2__vp11__ann56__ch7.jpg,a_column_co_driver,11,vp11/run2_2018-05-24-14-35-56.ids_2,56,7,talking_on_phone,phone,train,test,14624
a_column_co_driver__run2_2018-05-29-14-33-44.ids_2__vp1__ann92__ch0.jpg,a_column_co_driver,1,vp1/run2_2018-05-29-14-33-44.ids_2,92,0,interacting_with_phone,phone,train,train,40195
a_column_co_driver__run1d_2018-05-23-14-54-38.ids_2__vp8__ann31__ch5.jpg,a_column_co_driver,8,vp8/run1d_2018-05-23-14-54-38.ids_2,31,5,talking_on_phone,phone,val,train,19435
a_column_co_driver__run2_2018-05-22-14-25-04.ids_2__vp4__ann95__ch0.jpg,a_column_co_driver,4,vp4/run2_2018-05-22-14-25-04.ids_2,95,0,talking_on_phone,phone,train,train,45633
a_column_co_driver__run1_2018-05-03-14-08-31.ids_2__vp2__ann27__ch2.jpg,a_column_co_driver,2,vp2/run1_2018-05-03-14-08-31.ids_2,27,2,talking_on_phone,phone,train,train,17608
a_column_co_driver__run1_2018-05-29-15-21-10.ids_2__vp13__ann72__ch2.jpg,a_column_co_driver,13,vp13/run1_2018-05-29-15-21-10.ids_2,72,2,talking_on_phone,phone,train,test,32976
a_column_co_driver__run1_2018-05-22-13-28-51.ids_2__vp4__ann80__ch11.jpg,a_column_co_driver,4,vp4/run1_2018-05-22-13-28-51.ids_2,80,11,interacting_with_phone,phone,train,train,41495
a_column_co_driver__run2_2018-05-30-11-34-54.ids_2__vp13__ann39__ch14.jpg,a_column_co_driver,13,vp13/run2_2018-05-30-11-34-54.ids_2,39,14,talking_on_phone,phone,train,test,19589
a_column_co_driver__run2_2018-05-29-14-33-44.ids_2__vp1__ann67__ch4.jpg,a_column_co_driver,1,vp1/run2_2018-05-29-14-33-44.ids_2,67,4,talking_on_phone,phone,train,train,27155
a_column_co_driver__run2_2018-05-29-14-33-44.ids_2__vp1__ann67__ch2.jpg,a_column_co_driver,1,vp1/run2_2018-05-29-14-33-44.ids_2,67,2,talking_on_phone,phone,train,train,26974
a_column_co_driver__run2_2018-05-30-11-34-54.ids_2__vp13__ann38__ch0.jpg,a_column_co_driver,13,vp13/run2_2018-05-30-11-34-54.ids_2,38,0,interacting_with_phone,phone,train,test,18276
a_column_co_driver__run1_2018-05-30-10-11-09.ids_2__vp14__ann9__ch0.jpg,a_column_co_driver,14,vp14/run1_2018-05-30-10-11-09.ids_2,9,0,interacting_with_phone,phone,test,val,7354
a_column_co_driver__run1_2018-05-30-13-05-35.ids_2__vp15__ann101__ch1.jpg,a_column_co_driver,15,vp15/run1_2018-05-30-13-05-35.ids_2,101,1,talking_on_phone,phone,train,val,31368
a_column_co_driver__run1_2018-05-22-13-28-51.ids_2__vp4__ann80__ch19.jpg,a_column_co_driver,4,vp4/run1_2018-05-22-13-28-51.ids_2,80,19,interacting_with_phone,phone,train,train,42212
a_column_co_driver__run2_2018-05-22-14-25-04.ids_2__vp4__ann54__ch2.jpg,a_column_co_driver,4,vp4/run2_2018-05-22-14-25-04.ids_2,54,2,interacting_with_phone,phone,train,train,29380
a_column_co_driver__run1_2018-05-24-13-14-41.ids_2__vp10__ann72__ch12.jpg,a_column_co_driver,10,vp10/run1_2018-05-24-13-14-41.ids_2,72,12,interacting_with_phone,phone,train,train,25504
a_column_co_driver__run1_2018-05-22-13-28-51.ids_2__vp4__ann80__ch18.jpg,a_column_co_driver,4,vp4/run1_2018-05-22-13-28-51.ids_2,80,18,interacting_with_phone,phone,train,train,42122
a_column_co_driver__run1_2018-05-03-14-08-31.ids_2__vp2__ann26__ch11.jpg,a_column_co_driver,2,vp2/run1_2018-05-03-14-08-31.ids_2,26,11,interacting_with_phone,phone,train,train,17078
a_column_co_driver__run1_2018-05-03-14-08-31.ids_2__vp2__ann27__ch1.jpg,a_column_co_driver,2,vp2/run1_2018-05-03-14-08-31.ids_2,27,1,talking_on_phone,phone,train,train,17518
a_column_co_driver__run2_2018-05-24-17-22-26.ids_2__vp2__ann82__ch3.jpg,a_column_co_driver,2,vp2/run2_2018-05-24-17-22-26.ids_2,82,3,talking_on_phone,phone,train,train,37949
a_column_co_driver__run2_2018-05-24-16-21-35.ids_2__vp12__ann114__ch5.jpg,a_column_co_driver,12,vp12/run2_2018-05-24-16-21-35.ids_2,114,5,interacting_with_phone,phone,train,train,44820
a_column_co_driver__run1_2018-05-23-13-16-52.ids_2__vp7__ann69__ch4.jpg,a_column_co_driver,7,vp7/run1_2018-05-23-13-16-52.ids_2,69,4,interacting_with_phone,phone,val,train,22396
a_column_co_driver__run1d_2018-05-23-14-54-38.ids_2__vp8__ann31__ch8.jpg,a_column_co_driver,8,vp8/run1d_2018-05-23-14-54-38.ids_2,31,8,talking_on_phone,phone,val,train,19706
a_column_co_driver__run1b_2018-05-08-08-46-01.ids_2__vp3__ann45__ch14.jpg,a_column_co_driver,3,vp3/run1b_2018-05-08-08-46-01.ids_2,45,14,talking_on_phone,phone,train,train,22868
a_column_co_driver__run1_2018-05-23-13-16-52.ids_2__vp7__ann37__ch1.jpg,a_column_co_driver,7,vp7/run1_2018-05-23-13-16-52.ids_2,37,1,talking_on_phone,phone,val,train,14634
a_column_co_driver__run1b_2018-05-23-16-19-17.ids_2__vp9__ann101__ch12.jpg,a_column_co_driver,9,vp9/run1b_2018-05-23-16-19-17.ids_2,101,12,interacting_with_phone,phone,test,train,27514
a_column_co_driver__run1d_2018-05-23-14-54-38.ids_2__vp8__ann23__ch8.jpg,a_column_co_driver,8,vp8/run1d_2018-05-23-14-54-38.ids_2,23,8,interacting_with_phone,phone,val,train,16439
a_column_co_driver__run1_2018-05-23-10-21-45.ids_2__vp6__ann47__ch10.jpg,a_column_co_driver,6,vp6/run1_2018-05-23-10-21-45.ids_2,47,10,interacting_with_phone,phone,train,train,25595
a_column_co_driver__run2_2018-05-24-16-21-35.ids_2__vp12__ann114__ch4.jpg,a_column_co_driver,12,vp12/run2_2018-05-24-16-21-35.ids_2,114,4,interacting_with_phone,phone,train,train,44729
a_column_co_driver__run1_2018-05-23-13-16-52.ids_2__vp7__ann110__ch0.jpg,a_column_co_driver,7,vp7/run1_2018-05-23-13-16-52.ids_2,110,0,talking_on_phone,phone,val,train,33067
a_column_driver__run1_2018-05-22-15-10-41.ids_5__vp5__ann81__ch7.jpg,a_column_driver,5,vp5/run1_2018-05-22-15-10-41.ids_5,81,7,talking_on_phone,phone,train,test,33251
a_column_driver__run1_2018-05-23-10-21-45.ids_5__vp6__ann47__ch8.jpg,a_column_driver,6,vp6/run1_2018-05-23-10-21-45.ids_5,47,8,interacting_with_phone,phone,train,train,25503
a_column_driver__run2_2018-05-30-11-34-54.ids_5__vp13__ann39__ch2.jpg,a_column_driver,13,vp13/run2_2018-05-30-11-34-54.ids_5,39,2,talking_on_phone,phone,train,test,18575
a_column_driver__run2_2018-05-30-10-42-33.ids_5__vp14__ann108__ch8.jpg,a_column_driver,14,vp14/run2_2018-05-30-10-42-33.ids_5,108,8,interacting_with_phone,phone,test,val,42632
a_column_driver__run2_2018-05-30-13-34-33.ids_5__vp15__ann46__ch3.jpg,a_column_driver,15,vp15/run2_2018-05-30-13-34-33.ids_5,46,3,interacting_with_phone,phone,train,val,14888
a_column_driver__run1_2018-05-22-13-28-51.ids_5__vp4__ann80__ch9.jpg,a_column_driver,4,vp4/run1_2018-05-22-13-28-51.ids_5,80,9,interacting_with_phone,phone,train,train,41314
a_column_driver__run2_2018-05-24-16-21-35.ids_5__vp12__ann54__ch3.jpg,a_column_driver,12,vp12/run2_2018-05-24-16-21-35.ids_5,54,3,talking_on_phone,phone,train,train,21466
a_column_driver__run2_2018-05-30-11-34-54.ids_5__vp13__ann33__ch12.jpg,a_column_driver,13,vp13/run2_2018-05-30-11-34-54.ids_5,33,12,interacting_with_phone,phone,train,test,16992
a_column_driver__run1b_2018-05-08-08-46-01.ids_5__vp3__ann45__ch8.jpg,a_column_driver,3,vp3/run1b_2018-05-08-08-46-01.ids_5,45,8,talking_on_phone,phone,train,train,22369
a_column_driver__run1_2018-05-23-10-21-45.ids_5__vp6__ann95__ch1.jpg,a_column_driver,6,vp6/run1_2018-05-23-10-21-45.ids_5,95,1,talking_on_phone,phone,train,train,47621
a_column_driver__run2_2018-05-24-14-08-46.ids_5__vp10__ann20__ch3.jpg,a_column_driver,10,vp10/run2_2018-05-24-14-08-46.ids_5,20,3,talking_on_phone,phone,train,train,10260
a_column_driver__run1b_2018-05-29-14-02-47.ids_5__vp1__ann89__ch2.jpg,a_column_driver,1,vp1/run1b_2018-05-29-14-02-47.ids_5,89,2,talking_on_phone,phone,train,train,25407
a_column_driver__run2_2018-05-24-14-08-46.ids_5__vp10__ann19__ch1.jpg,a_column_driver,10,vp10/run2_2018-05-24-14-08-46.ids_5,19,1,interacting_with_phone,phone,train,train,9495
a_column_driver__run1b_2018-05-29-14-02-47.ids_5__vp1__ann89__ch3.jpg,a_column_driver,1,vp1/run1b_2018-05-29-14-02-47.ids_5,89,3,talking_on_phone,phone,train,train,25496
a_column_driver__run1_2018-05-24-13-44-01.ids_5__vp11__ann32__ch15.jpg,a_column_driver,11,vp11/run1_2018-05-24-13-44-01.ids_5,32,15,talking_on_phone,phone,train,test,18246
a_column_driver__run2_2018-05-24-14-08-46.ids_5__vp10__ann20__ch1.jpg,a_column_driver,10,vp10/run2_2018-05-24-14-08-46.ids_5,20,1,talking_on_phone,phone,train,train,10079
a_column_driver__run2_2018-05-24-14-08-46.ids_5__vp10__ann115__ch11.jpg,a_column_driver,10,vp10/run2_2018-05-24-14-08-46.ids_5,115,11,interacting_with_phone,phone,train,train,39249
a_column_driver__run2_2018-05-24-16-21-35.ids_5__vp12__ann54__ch6.jpg,a_column_driver,12,vp12/run2_2018-05-24-16-21-35.ids_5,54,6,talking_on_phone,phone,train,train,21721
a_column_driver__run2_2018-05-30-13-34-33.ids_5__vp15__ann46__ch1.jpg,a_column_driver,15,vp15/run2_2018-05-30-13-34-33.ids_5,46,1,interacting_with_phone,phone,train,val,14707
a_column_driver__run2_2018-05-30-10-42-33.ids_5__vp14__ann60__ch2.jpg,a_column_driver,14,vp14/run2_2018-05-30-10-42-33.ids_5,60,2,interacting_with_phone,phone,test,val,26151
a_column_driver__run1_2018-05-30-10-11-09.ids_5__vp14__ann12__ch10.jpg,a_column_driver,14,vp14/run1_2018-05-30-10-11-09.ids_5,12,10,talking_on_phone,phone,test,val,8847
a_column_driver__run1_2018-05-22-15-10-41.ids_5__vp5__ann81__ch9.jpg,a_column_driver,5,vp5/run1_2018-05-22-15-10-41.ids_5,81,9,talking_on_phone,phone,train,test,33432
a_column_driver__run2_2018-05-24-14-08-46.ids_5__vp10__ann19__ch0.jpg,a_column_driver,10,vp10/run2_2018-05-24-14-08-46.ids_5,19,0,interacting_with_phone,phone,train,train,9404
a_column_driver__run2_2018-05-30-13-34-33.ids_5__vp15__ann14__ch1.jpg,a_column_driver,15,vp15/run2_2018-05-30-13-34-33.ids_5,14,1,talking_on_phone,phone,train,val,8006
a_column_driver__run1_2018-05-30-13-05-35.ids_5__vp15__ann43__ch1.jpg,a_column_driver,15,vp15/run1_2018-05-30-13-05-35.ids_5,43,1,interacting_with_phone,phone,train,val,13266
a_column_driver__run1b_2018-05-08-08-46-01.ids_5__vp3__ann34__ch6.jpg,a_column_driver,3,vp3/run1b_2018-05-08-08-46-01.ids_5,34,6,interacting_with_phone,phone,train,train,19112
a_column_driver__run2_2018-05-24-14-08-46.ids_5__vp10__ann115__ch13.jpg,a_column_driver,10,vp10/run2_2018-05-24-14-08-46.ids_5,115,13,interacting_with_phone,phone,train,train,39432
a_column_driver__run1b_2018-05-23-16-19-17.ids_5__vp9__ann101__ch16.jpg,a_column_driver,9,vp9/run1b_2018-05-23-16-19-17.ids_5,101,16,interacting_with_phone,phone,test,train,27955
a_column_driver__run2_2018-05-24-14-35-56.ids_5__vp11__ann56__ch2.jpg,a_column_driver,11,vp11/run2_2018-05-24-14-35-56.ids_5,56,2,talking_on_phone,phone,train,test,14216
a_column_driver__run1_2018-05-03-14-08-31.ids_5__vp2__ann26__ch9.jpg,a_column_driver,2,vp2/run1_2018-05-03-14-08-31.ids_5,26,9,interacting_with_phone,phone,train,train,16926
a_column_driver__run2_2018-05-24-14-35-56.ids_5__vp11__ann99__ch3.jpg,a_column_driver,11,vp11/run2_2018-05-24-14-35-56.ids_5,99,3,interacting_with_phone,phone,train,test,24790
a_column_driver__run1_2018-05-22-13-28-51.ids_5__vp4__ann80__ch10.jpg,a_column_driver,4,vp4/run1_2018-05-22-13-28-51.ids_5,80,10,interacting_with_phone,phone,train,train,41404
a_column_driver__run1d_2018-05-23-14-54-38.ids_5__vp8__ann31__ch0.jpg,a_column_driver,8,vp8/run1d_2018-05-23-14-54-38.ids_5,31,0,talking_on_phone,phone,val,train,19075
a_column_driver__run1d_2018-05-23-14-54-38.ids_5__vp8__ann31__ch4.jpg,a_column_driver,8,vp8/run1d_2018-05-23-14-54-38.ids_5,31,4,talking_on_phone,phone,val,train,19434
a_column_driver__run2_2018-05-30-13-34-33.ids_5__vp15__ann14__ch2.jpg,a_column_driver,15,vp15/run2_2018-05-30-13-34-33.ids_5,14,2,talking_on_phone,phone,train,val,8096
a_column_driver__run1_2018-05-24-13-14-41.ids_5__vp10__ann72__ch6.jpg,a_column_driver,10,vp10/run1_2018-05-24-13-14-41.ids_5,72,6,interacting_with_phone,phone,train,train,25070
a_column_driver__run1_2018-05-24-13-44-01.ids_5__vp11__ann32__ch8.jpg,a_column_driver,11,vp11/run1_2018-05-24-13-44-01.ids_5,32,8,talking_on_phone,phone,train,test,17618
a_column_driver__run2_2018-05-23-11-05-00.ids_5__vp6__ann58__ch0.jpg,a_column_driver,6,vp6/run2_2018-05-23-11-05-00.ids_5,58,0,interacting_with_phone,phone,train,train,27665
a_column_driver__run2_2018-05-29-14-33-44.ids_5__vp1__ann67__ch0.jpg,a_column_driver,1,vp1/run2_2018-05-29-14-33-44.ids_5,67,0,talking_on_phone,phone,train,train,26905
a_column_driver__run1_2018-05-24-15-44-28.ids_5__vp12__ann24__ch0.jpg,a_column_driver,12,vp12/run1_2018-05-24-15-44-28.ids_5,24,0,interacting_with_phone,phone,train,train,12772
a_column_driver__run1_2018-05-23-13-16-52.ids_5__vp7__ann36__ch1.jpg,a_column_driver,7,vp7/run1_2018-05-23-13-16-52.ids_5,36,1,interacting_with_phone,phone,val,train,14862
a_column_driver__run1_2018-05-24-13-14-41.ids_5__vp10__ann72__ch13.jpg,a_column_driver,10,vp10/run1_2018-05-24-13-14-41.ids_5,72,13,interacting_with_phone,phone,train,train,25679
a_column_driver__run2_2018-05-30-10-42-33.ids_5__vp14__ann31__ch0.jpg,a_column_driver,14,vp14/run2_2018-05-30-10-42-33.ids_5,31,0,interacting_with_phone,phone,test,val,16269
a_column_driver__run2_2018-05-29-14-33-44.ids_5__vp1__ann67__ch1.jpg,a_column_driver,1,vp1/run2_2018-05-29-14-33-44.ids_5,67,1,talking_on_phone,phone,train,train,26995
a_column_driver__run2b_2018-05-23-13-54-07.ids_5__vp7__ann79__ch0.jpg,a_column_driver,7,vp7/run2b_2018-05-23-13-54-07.ids_5,79,0,talking_on_phone,phone,val,train,23291
a_column_driver__run1_2018-05-30-10-11-09.ids_5__vp14__ann98__ch0.jpg,a_column_driver,14,vp14/run1_2018-05-30-10-11-09.ids_5,98,0,interacting_with_phone,phone,test,val,44602
a_column_driver__run2_2018-05-24-16-21-35.ids_5__vp12__ann114__ch6.jpg,a_column_driver,12,vp12/run2_2018-05-24-16-21-35.ids_5,114,6,interacting_with_phone,phone,train,train,45078
a_column_driver__run1_2018-05-24-15-44-28.ids_5__vp12__ann24__ch4.jpg,a_column_driver,12,vp12/run1_2018-05-24-15-44-28.ids_5,24,4,interacting_with_phone,phone,train,train,13131
a_column_driver__run2_2018-05-22-14-25-04.ids_5__vp4__ann96__ch0.jpg,a_column_driver,4,vp4/run2_2018-05-22-14-25-04.ids_5,96,0,interacting_with_phone,phone,train,train,46235
a_column_driver__run2b_2018-05-23-13-54-07.ids_5__vp7__ann79__ch3.jpg,a_column_driver,7,vp7/run2b_2018-05-23-13-54-07.ids_5,79,3,talking_on_phone,phone,val,train,23565
a_column_driver__run1_2018-05-23-13-16-52.ids_5__vp7__ann69__ch4.jpg,a_column_driver,7,vp7/run1_2018-05-23-13-16-52.ids_5,69,4,interacting_with_phone,phone,val,train,23005
a_column_driver__run1d_2018-05-23-14-54-38.ids_5__vp8__ann23__ch9.jpg,a_column_driver,8,vp8/run1d_2018-05-23-14-54-38.ids_5,23,9,interacting_with_phone,phone,val,train,16593
a_column_driver__run1_2018-05-30-10-11-09.ids_5__vp14__ann63__ch0.jpg,a_column_driver,14,vp14/run1_2018-05-30-10-11-09.ids_5,63,0,interacting_with_phone,phone,test,val,25177
a_column_driver__run2_2018-05-24-14-08-46.ids_5__vp10__ann19__ch2.jpg,a_column_driver,10,vp10/run2_2018-05-24-14-08-46.ids_5,19,2,interacting_with_phone,phone,train,train,9585
a_column_driver__run2_2018-05-29-14-33-44.ids_5__vp1__ann67__ch13.jpg,a_column_driver,1,vp1/run2_2018-05-29-14-33-44.ids_5,67,13,talking_on_phone,phone,train,train,28085
a_column_driver__run2_2018-05-24-14-08-46.ids_5__vp10__ann115__ch6.jpg,a_column_driver,10,vp10/run2_2018-05-24-14-08-46.ids_5,115,6,interacting_with_phone,phone,train,train,38797
a_column_driver__run1d_2018-05-23-14-54-38.ids_5__vp8__ann23__ch4.jpg,a_column_driver,8,vp8/run1d_2018-05-23-14-54-38.ids_5,23,4,interacting_with_phone,phone,val,train,16162
a_column_driver__run1_2018-05-24-13-14-41.ids_5__vp10__ann62__ch10.jpg,a_column_driver,10,vp10/run1_2018-05-24-13-14-41.ids_5,62,10,talking_on_phone,phone,train,train,21420
a_column_driver__run1_2018-05-03-14-08-31.ids_5__vp2__ann26__ch4.jpg,a_column_driver,2,vp2/run1_2018-05-03-14-08-31.ids_5,26,4,interacting_with_phone,phone,train,train,16477
a_column_driver__run2_2018-05-30-10-42-33.ids_5__vp14__ann60__ch10.jpg,a_column_driver,14,vp14/run2_2018-05-30-10-42-33.ids_5,60,10,interacting_with_phone,phone,test,val,26870
a_column_driver__run2b_2018-05-23-13-54-07.ids_5__vp7__ann69__ch2.jpg,a_column_driver,7,vp7/run2b_2018-05-23-13-54-07.ids_5,69,2,interacting_with_phone,phone,val,train,22157
a_column_driver__run1_2018-05-22-13-28-51.ids_5__vp4__ann62__ch8.jpg,a_column_driver,4,vp4/run1_2018-05-22-13-28-51.ids_5,62,8,talking_on_phone,phone,train,train,35282
a_column_driver__run2_2018-05-24-14-08-46.ids_5__vp10__ann115__ch15.jpg,a_column_driver,10,vp10/run2_2018-05-24-14-08-46.ids_5,115,15,interacting_with_phone,phone,train,train,39614
a_column_driver__run1b_2018-05-29-14-02-47.ids_5__vp1__ann90__ch0.jpg,a_column_driver,1,vp1/run1b_2018-05-29-14-02-47.ids_5,90,0,talking_on_phone,phone,train,train,25680
a_column_driver__run2_2018-05-22-14-25-04.ids_5__vp4__ann95__ch0.jpg,a_column_driver,4,vp4/run2_2018-05-22-14-25-04.ids_5,95,0,talking_on_phone,phone,train,train,45644
a_column_driver__run2_2018-05-29-14-33-44.ids_5__vp1__ann67__ch3.jpg,a_column_driver,1,vp1/run2_2018-05-29-14-33-44.ids_5,67,3,talking_on_phone,phone,train,train,27176
a_column_driver__run1_2018-05-24-15-44-28.ids_5__vp12__ann24__ch2.jpg,a_column_driver,12,vp12/run1_2018-05-24-15-44-28.ids_5,24,2,interacting_with_phone,phone,train,train,12952
a_column_driver__run2_2018-05-29-16-03-37.ids_5__vp3__ann46__ch8.jpg,a_column_driver,3,vp3/run2_2018-05-29-16-03-37.ids_5,46,8,talking_on_phone,phone,train,train,21192
a_column_driver__run1_2018-05-24-13-14-41.ids_5__vp10__ann62__ch9.jpg,a_column_driver,10,vp10/run1_2018-05-24-13-14-41.ids_5,62,9,talking_on_phone,phone,train,train,21330
a_column_driver__run2_2018-05-24-14-08-46.ids_5__vp10__ann20__ch2.jpg,a_column_driver,10,vp10/run2_2018-05-24-14-08-46.ids_5,20,2,talking_on_phone,phone,train,train,10169
a_column_driver__run2_2018-05-29-14-33-44.ids_5__vp1__ann92__ch8.jpg,a_column_driver,1,vp1/run2_2018-05-29-14-33-44.ids_5,92,8,interacting_with_phone,phone,train,train,41051
a_column_driver__run1_2018-05-23-13-16-52.ids_5__vp7__ann108__ch5.jpg,a_column_driver,7,vp7/run1_2018-05-23-13-16-52.ids_5,108,5,talking_on_phone,phone,val,train,33599
a_column_driver__run2b_2018-05-23-13-54-07.ids_5__vp7__ann69__ch1.jpg,a_column_driver,7,vp7/run2b_2018-05-23-13-54-07.ids_5,69,1,interacting_with_phone,phone,val,train,22067
a_column_driver__run1_2018-05-24-13-14-41.ids_5__vp10__ann72__ch2.jpg,a_column_driver,10,vp10/run1_2018-05-24-13-14-41.ids_5,72,2,interacting_with_phone,phone,train,train,24710
a_column_driver__run1_2018-05-23-13-16-52.ids_5__vp7__ann69__ch7.jpg,a_column_driver,7,vp7/run1_2018-05-23-13-16-52.ids_5,69,7,interacting_with_phone,phone,val,train,23279
a_column_driver__run2_2018-05-24-14-35-56.ids_5__vp11__ann99__ch6.jpg,a_column_driver,11,vp11/run2_2018-05-24-14-35-56.ids_5,99,6,interacting_with_phone,phone,train,test,25061
a_column_driver__run2_2018-05-24-14-35-56.ids_5__vp11__ann56__ch4.jpg,a_column_driver,11,vp11/run2_2018-05-24-14-35-56.ids_5,56,4,talking_on_phone,phone,train,test,14396
a_column_driver__run1_2018-05-03-14-08-31.ids_5__vp2__ann27__ch6.jpg,a_column_driver,2,vp2/run1_2018-05-03-14-08-31.ids_5,27,6,talking_on_phone,phone,train,train,17974
a_column_driver__run1_2018-05-03-14-08-31.ids_5__vp2__ann21__ch1.jpg,a_column_driver,2,vp2/run1_2018-05-03-14-08-31.ids_5,21,1,interacting_with_phone,phone,train,train,15380
a_column_driver__run1_2018-05-22-13-28-51.ids_5__vp4__ann80__ch13.jpg,a_column_driver,4,vp4/run1_2018-05-22-13-28-51.ids_5,80,13,interacting_with_phone,phone,train,train,41673
a_column_driver__run1_2018-05-03-14-08-31.ids_5__vp2__ann26__ch8.jpg,a_column_driver,2,vp2/run1_2018-05-03-14-08-31.ids_5,26,8,interacting_with_phone,phone,train,train,16836
a_column_driver__run1_2018-05-30-13-05-35.ids_5__vp15__ann101__ch11.jpg,a_column_driver,15,vp15/run1_2018-05-30-13-05-35.ids_5,101,11,talking_on_phone,phone,train,val,32406
a_column_driver__run2_2018-05-30-11-34-54.ids_5__vp13__ann33__ch3.jpg,a_column_driver,13,vp13/run2_2018-05-30-11-34-54.ids_5,33,3,interacting_with_phone,phone,train,test,16199
a_column_driver__run1_2018-05-03-14-08-31.ids_5__vp2__ann59__ch5.jpg,a_column_driver,2,vp2/run1_2018-05-03-14-08-31.ids_5,59,5,interacting_with_phone,phone,train,train,35736
a_column_driver__run1_2018-05-23-13-16-52.ids_5__vp7__ann69__ch2.jpg,a_column_driver,7,vp7/run1_2018-05-23-13-16-52.ids_5,69,2,interacting_with_phone,phone,val,train,22818
a_column_driver__run2_2018-05-29-14-33-44.ids_5__vp1__ann67__ch8.jpg,a_column_driver,1,vp1/run2_2018-05-29-14-33-44.ids_5,67,8,talking_on_phone,phone,train,train,27633
a_column_driver__run1_2018-05-03-14-08-31.ids_5__vp2__ann59__ch8.jpg,a_column_driver,2,vp2/run1_2018-05-03-14-08-31.ids_5,59,8,interacting_with_phone,phone,train,train,36006
a_column_driver__run1b_2018-05-23-16-19-17.ids_5__vp9__ann101__ch0.jpg,a_column_driver,9,vp9/run1b_2018-05-23-16-19-17.ids_5,101,0,interacting_with_phone,phone,test,train,26513
a_column_driver__run1_2018-05-23-10-21-45.ids_5__vp6__ann47__ch12.jpg,a_column_driver,6,vp6/run1_2018-05-23-10-21-45.ids_5,47,12,interacting_with_phone,phone,train,train,25865
a_column_driver__run2_2018-05-24-17-22-26.ids_5__vp2__ann82__ch7.jpg,a_column_driver,2,vp2/run2_2018-05-24-17-22-26.ids_5,82,7,talking_on_phone,phone,train,train,38521
a_column_driver__run2_2018-05-22-14-25-04.ids_5__vp4__ann95__ch6.jpg,a_column_driver,4,vp4/run2_2018-05-22-14-25-04.ids_5,95,6,talking_on_phone,phone,train,train,46163
a_column_driver__run2_2018-05-30-10-42-33.ids_5__vp14__ann60__ch5.jpg,a_column_driver,14,vp14/run2_2018-05-30-10-42-33.ids_5,60,5,interacting_with_phone,phone,test,val,26421
a_column_driver__run2_2018-05-23-15-30-27.ids_5__vp8__ann38__ch1.jpg,a_column_driver,8,vp8/run2_2018-05-23-15-30-27.ids_5,38,1,talking_on_phone,phone,val,train,11978
a_column_driver__run2_2018-05-22-14-25-04.ids_5__vp4__ann95__ch3.jpg,a_column_driver,4,vp4/run2_2018-05-22-14-25-04.ids_5,95,3,talking_on_phone,phone,train,train,45914
a_column_driver__run1_2018-05-03-14-08-31.ids_5__vp2__ann66__ch3.jpg,a_column_driver,2,vp2/run1_2018-05-03-14-08-31.ids_5,66,3,interacting_with_phone,phone,train,train,39218
a_column_driver__run1d_2018-05-23-14-54-38.ids_5__vp8__ann23__ch6.jpg,a_column_driver,8,vp8/run1d_2018-05-23-14-54-38.ids_5,23,6,interacting_with_phone,phone,val,train,16341
a_column_driver__run2_2018-05-24-16-21-35.ids_5__vp12__ann114__ch7.jpg,a_column_driver,12,vp12/run2_2018-05-24-16-21-35.ids_5,114,7,interacting_with_phone,phone,train,train,45167
a_column_driver__run1_2018-05-29-15-21-10.ids_5__vp13__ann72__ch6.jpg,a_column_driver,13,vp13/run1_2018-05-29-15-21-10.ids_5,72,6,talking_on_phone,phone,train,test,33484
a_column_driver__run1_2018-05-24-13-44-01.ids_5__vp11__ann103__ch3.jpg,a_column_driver,11,vp11/run1_2018-05-24-13-44-01.ids_5,103,3,interacting_with_phone,phone,train,test,34902
a_column_driver__run2_2018-05-24-14-35-56.ids_5__vp11__ann99__ch0.jpg,a_column_driver,11,vp11/run2_2018-05-24-14-35-56.ids_5,99,0,interacting_with_phone,phone,train,test,24520
ceiling__run2b_2018-05-22-15-50-07.ids_3__vp5__ann36__ch0.jpg,ceiling,5,vp5/run2b_2018-05-22-15-50-07.ids_3,36,0,interacting_with_phone,phone,train,test,12634
ceiling__run2_2018-05-30-11-34-54.ids_3__vp13__ann33__ch5.jpg,ceiling,13,vp13/run2_2018-05-30-11-34-54.ids_3,33,5,interacting_with_phone,phone,train,test,16343
ceiling__run1_2018-05-29-15-21-10.ids_3__vp13__ann72__ch3.jpg,ceiling,13,vp13/run1_2018-05-29-15-21-10.ids_3,72,3,talking_on_phone,phone,train,test,33127
ceiling__run2_2018-05-23-15-30-27.ids_3__vp8__ann119__ch2.jpg,ceiling,8,vp8/run2_2018-05-23-15-30-27.ids_3,119,2,interacting_with_phone,phone,val,train,36493
ceiling__run2_2018-05-30-11-34-54.ids_3__vp13__ann39__ch13.jpg,ceiling,13,vp13/run2_2018-05-30-11-34-54.ids_3,39,13,talking_on_phone,phone,train,test,19507
ceiling__run1d_2018-05-23-14-54-38.ids_3__vp8__ann23__ch9.jpg,ceiling,8,vp8/run1d_2018-05-23-14-54-38.ids_3,23,9,interacting_with_phone,phone,val,train,16535
ceiling__run1_2018-05-22-15-10-41.ids_3__vp5__ann81__ch12.jpg,ceiling,5,vp5/run1_2018-05-22-15-10-41.ids_3,81,12,talking_on_phone,phone,train,test,33707
ceiling__run1_2018-05-30-13-05-35.ids_3__vp15__ann101__ch8.jpg,ceiling,15,vp15/run1_2018-05-30-13-05-35.ids_3,101,8,talking_on_phone,phone,train,val,32070
ceiling__run2_2018-05-23-15-30-27.ids_3__vp8__ann38__ch4.jpg,ceiling,8,vp8/run2_2018-05-23-15-30-27.ids_3,38,4,talking_on_phone,phone,val,train,12218
ceiling__run1_2018-05-24-13-44-01.ids_3__vp11__ann103__ch5.jpg,ceiling,11,vp11/run1_2018-05-24-13-44-01.ids_3,103,5,interacting_with_phone,phone,train,test,35008
ceiling__run2_2018-05-30-13-34-33.ids_3__vp15__ann46__ch6.jpg,ceiling,15,vp15/run2_2018-05-30-13-34-33.ids_3,46,6,interacting_with_phone,phone,train,val,15091
ceiling__run1_2018-05-24-13-14-41.ids_3__vp10__ann62__ch5.jpg,ceiling,10,vp10/run1_2018-05-24-13-14-41.ids_3,62,5,talking_on_phone,phone,train,train,20931
ceiling__run1b_2018-05-08-08-46-01.ids_3__vp3__ann34__ch5.jpg,ceiling,3,vp3/run1b_2018-05-08-08-46-01.ids_3,34,5,interacting_with_phone,phone,train,train,19027
ceiling__run1_2018-05-22-15-10-41.ids_3__vp5__ann81__ch11.jpg,ceiling,5,vp5/run1_2018-05-22-15-10-41.ids_3,81,11,talking_on_phone,phone,train,test,33617
ceiling__run2b_2018-05-23-13-54-07.ids_3__vp7__ann79__ch2.jpg,ceiling,7,vp7/run2b_2018-05-23-13-54-07.ids_3,79,2,talking_on_phone,phone,val,train,23192
ceiling__run2_2018-05-30-11-34-54.ids_3__vp13__ann39__ch4.jpg,ceiling,13,vp13/run2_2018-05-30-11-34-54.ids_3,39,4,talking_on_phone,phone,train,test,18701
ceiling__run2_2018-05-30-13-34-33.ids_3__vp15__ann14__ch12.jpg,ceiling,15,vp15/run2_2018-05-30-13-34-33.ids_3,14,12,talking_on_phone,phone,train,val,8968
ceiling__run1b_2018-05-29-14-02-47.ids_3__vp1__ann20__ch14.jpg,ceiling,1,vp1/run1b_2018-05-29-14-02-47.ids_3,20,14,interacting_with_phone,phone,train,train,9377
ceiling__run2_2018-05-24-14-08-46.ids_3__vp10__ann115__ch8.jpg,ceiling,10,vp10/run2_2018-05-24-14-08-46.ids_3,115,8,interacting_with_phone,phone,train,train,38900
ceiling__run1_2018-05-30-13-05-35.ids_3__vp15__ann102__ch0.jpg,ceiling,15,vp15/run1_2018-05-30-13-05-35.ids_3,102,0,interacting_with_phone,phone,train,val,32460
ceiling__run1b_2018-05-08-08-46-01.ids_3__vp3__ann34__ch7.jpg,ceiling,3,vp3/run1b_2018-05-08-08-46-01.ids_3,34,7,interacting_with_phone,phone,train,train,19208
ceiling__run2_2018-05-24-14-08-46.ids_3__vp10__ann115__ch10.jpg,ceiling,10,vp10/run2_2018-05-24-14-08-46.ids_3,115,10,interacting_with_phone,phone,train,train,39081
ceiling__run1_2018-05-03-14-08-31.ids_3__vp2__ann21__ch2.jpg,ceiling,2,vp2/run1_2018-05-03-14-08-31.ids_3,21,2,interacting_with_phone,phone,train,train,15467
ceiling__run1_2018-05-22-13-28-51.ids_3__vp4__ann80__ch1.jpg,ceiling,4,vp4/run1_2018-05-22-13-28-51.ids_3,80,1,interacting_with_phone,phone,train,train,40603
ceiling__run2_2018-05-22-14-25-04.ids_3__vp4__ann95__ch3.jpg,ceiling,4,vp4/run2_2018-05-22-14-25-04.ids_3,95,3,talking_on_phone,phone,train,train,45983
ceiling__run1_2018-05-30-13-05-35.ids_3__vp15__ann41__ch0.jpg,ceiling,15,vp15/run1_2018-05-30-13-05-35.ids_3,41,0,interacting_with_phone,phone,train,val,13014
ceiling__run1_2018-05-24-13-14-41.ids_3__vp10__ann62__ch9.jpg,ceiling,10,vp10/run1_2018-05-24-13-14-41.ids_3,62,9,talking_on_phone,phone,train,train,21289
ceiling__run2_2018-05-30-11-34-54.ids_3__vp13__ann39__ch6.jpg,ceiling,13,vp13/run2_2018-05-30-11-34-54.ids_3,39,6,talking_on_phone,phone,train,test,18880
ceiling__run2_2018-05-29-16-03-37.ids_3__vp3__ann46__ch2.jpg,ceiling,3,vp3/run2_2018-05-29-16-03-37.ids_3,46,2,talking_on_phone,phone,train,train,20604
ceiling__run1_2018-05-24-13-44-01.ids_3__vp11__ann32__ch7.jpg,ceiling,11,vp11/run1_2018-05-24-13-44-01.ids_3,32,7,talking_on_phone,phone,train,test,17497
ceiling__run1_2018-05-29-15-21-10.ids_3__vp13__ann60__ch12.jpg,ceiling,13,vp13/run1_2018-05-29-15-21-10.ids_3,60,12,interacting_with_phone,phone,train,test,30952
ceiling__run1_2018-05-03-14-08-31.ids_3__vp2__ann66__ch0.jpg,ceiling,2,vp2/run1_2018-05-03-14-08-31.ids_3,66,0,interacting_with_phone,phone,train,train,38969
ceiling__run2_2018-05-24-14-08-46.ids_3__vp10__ann115__ch11.jpg,ceiling,10,vp10/run2_2018-05-24-14-08-46.ids_3,115,11,interacting_with_phone,phone,train,train,39173
ceiling__run2b_2018-05-23-13-54-07.ids_3__vp7__ann44__ch0.jpg,ceiling,7,vp7/run2b_2018-05-23-13-54-07.ids_3,44,0,interacting_with_phone,phone,val,train,16939
ceiling__run1_2018-05-22-13-28-51.ids_3__vp4__ann62__ch3.jpg,ceiling,4,vp4/run1_2018-05-22-13-28-51.ids_3,62,3,talking_on_phone,phone,train,train,34850
ceiling__run1_2018-05-24-13-44-01.ids_3__vp11__ann32__ch14.jpg,ceiling,11,vp11/run1_2018-05-24-13-44-01.ids_3,32,14,talking_on_phone,phone,train,test,18128
ceiling__run2_2018-05-29-14-33-44.ids_3__vp1__ann68__ch1.jpg,ceiling,1,vp1/run2_2018-05-29-14-33-44.ids_3,68,1,interacting_with_phone,phone,train,train,28454
ceiling__run1_2018-05-24-13-44-01.ids_3__vp11__ann32__ch12.jpg,ceiling,11,vp11/run1_2018-05-24-13-44-01.ids_3,32,12,talking_on_phone,phone,train,test,17947
ceiling__run1_2018-05-22-13-28-51.ids_3__vp4__ann80__ch17.jpg,ceiling,4,vp4/run1_2018-05-22-13-28-51.ids_3,80,17,interacting_with_phone,phone,train,train,42039
ceiling__run2_2018-05-30-11-34-54.ids_3__vp13__ann39__ch0.jpg,ceiling,13,vp13/run2_2018-05-30-11-34-54.ids_3,39,0,talking_on_phone,phone,train,test,18347
ceiling__run2_2018-05-29-14-33-44.ids_3__vp1__ann67__ch11.jpg,ceiling,1,vp1/run2_2018-05-29-14-33-44.ids_3,67,11,talking_on_phone,phone,train,train,27832
ceiling__run2_2018-05-23-15-30-27.ids_3__vp8__ann38__ch17.jpg,ceiling,8,vp8/run2_2018-05-23-15-30-27.ids_3,38,17,talking_on_phone,phone,val,train,13378
ceiling__run1_2018-05-29-15-21-10.ids_3__vp13__ann60__ch5.jpg,ceiling,13,vp13/run1_2018-05-29-15-21-10.ids_3,60,5,interacting_with_phone,phone,train,test,30325
ceiling__run2_2018-05-29-14-33-44.ids_3__vp1__ann92__ch7.jpg,ceiling,1,vp1/run2_2018-05-29-14-33-44.ids_3,92,7,interacting_with_phone,phone,train,train,40855
ceiling__run2_2018-05-24-17-22-26.ids_3__vp2__ann62__ch10.jpg,ceiling,2,vp2/run2_2018-05-24-17-22-26.ids_3,62,10,interacting_with_phone,phone,train,train,27397
ceiling__run1_2018-05-24-13-14-41.ids_3__vp10__ann72__ch11.jpg,ceiling,10,vp10/run1_2018-05-24-13-14-41.ids_3,72,11,interacting_with_phone,phone,train,train,25461
ceiling__run2b_2018-05-23-13-54-07.ids_3__vp7__ann46__ch0.jpg,ceiling,7,vp7/run2b_2018-05-23-13-54-07.ids_3,46,0,interacting_with_phone,phone,val,train,17679
ceiling__run1_2018-05-30-10-11-09.ids_3__vp14__ann12__ch3.jpg,ceiling,14,vp14/run1_2018-05-30-10-11-09.ids_3,12,3,talking_on_phone,phone,test,val,8201
ceiling__run1_2018-05-24-13-14-41.ids_3__vp10__ann72__ch5.jpg,ceiling,10,vp10/run1_2018-05-24-13-14-41.ids_3,72,5,interacting_with_phone,phone,train,train,24923
ceiling__run1_2018-05-22-13-28-51.ids_3__vp4__ann61__ch1.jpg,ceiling,4,vp4/run1_2018-05-22-13-28-51.ids_3,61,1,interacting_with_phone,phone,train,train,34528
ceiling__run1_2018-05-30-10-11-09.ids_3__vp14__ann98__ch11.jpg,ceiling,14,vp14/run1_2018-05-30-10-11-09.ids_3,98,11,interacting_with_phone,phone,test,val,45540
ceiling__run1_2018-05-24-13-44-01.ids_3__vp11__ann31__ch4.jpg,ceiling,11,vp11/run1_2018-05-24-13-44-01.ids_3,31,4,interacting_with_phone,phone,train,test,16470
ceiling__run1_2018-05-24-13-44-01.ids_3__vp11__ann31__ch5.jpg,ceiling,11,vp11/run1_2018-05-24-13-44-01.ids_3,31,5,interacting_with_phone,phone,train,test,16560
ceiling__run2_2018-05-24-17-22-26.ids_3__vp2__ann82__ch5.jpg,ceiling,2,vp2/run2_2018-05-24-17-22-26.ids_3,82,5,talking_on_phone,phone,train,train,38202
ceiling__run2_2018-05-24-14-35-56.ids_3__vp11__ann56__ch7.jpg,ceiling,11,vp11/run2_2018-05-24-14-35-56.ids_3,56,7,talking_on_phone,phone,train,test,14629
ceiling__run2_2018-05-29-14-33-44.ids_3__vp1__ann67__ch7.jpg,ceiling,1,vp1/run2_2018-05-29-14-33-44.ids_3,67,7,talking_on_phone,phone,train,train,27471
ceiling__run2_2018-05-24-16-21-35.ids_3__vp12__ann114__ch4.jpg,ceiling,12,vp12/run2_2018-05-24-16-21-35.ids_3,114,4,interacting_with_phone,phone,train,train,44725
ceiling__run2_2018-05-24-14-08-46.ids_3__vp10__ann115__ch6.jpg,ceiling,10,vp10/run2_2018-05-24-14-08-46.ids_3,115,6,interacting_with_phone,phone,train,train,38721
ceiling__run1_2018-05-03-14-08-31.ids_3__vp2__ann27__ch4.jpg,ceiling,2,vp2/run1_2018-05-03-14-08-31.ids_3,27,4,talking_on_phone,phone,train,train,17823
ceiling__run2_2018-05-29-14-33-44.ids_3__vp1__ann67__ch15.jpg,ceiling,1,vp1/run2_2018-05-29-14-33-44.ids_3,67,15,talking_on_phone,phone,train,train,28192
ceiling__run1_2018-05-22-13-28-51.ids_3__vp4__ann62__ch1.jpg,ceiling,4,vp4/run1_2018-05-22-13-28-51.ids_3,62,1,talking_on_phone,phone,train,train,34671
ceiling__run2b_2018-05-23-13-54-07.ids_3__vp7__ann79__ch0.jpg,ceiling,7,vp7/run2b_2018-05-23-13-54-07.ids_3,79,0,talking_on_phone,phone,val,train,23014
ceiling__run2_2018-05-30-10-42-33.ids_3__vp14__ann108__ch3.jpg,ceiling,14,vp14/run2_2018-05-30-10-42-33.ids_3,108,3,interacting_with_phone,phone,test,val,42116
ceiling__run1b_2018-05-29-14-02-47.ids_3__vp1__ann20__ch12.jpg,ceiling,1,vp1/run1b_2018-05-29-14-02-47.ids_3,20,12,interacting_with_phone,phone,train,train,9199
ceiling__run2_2018-05-24-14-35-56.ids_3__vp11__ann56__ch2.jpg,ceiling,11,vp11/run2_2018-05-24-14-35-56.ids_3,56,2,talking_on_phone,phone,train,test,14180
ceiling__run2_2018-05-24-14-08-46.ids_3__vp10__ann20__ch9.jpg,ceiling,10,vp10/run2_2018-05-24-14-08-46.ids_3,20,9,talking_on_phone,phone,train,train,10785
ceiling__run1_2018-05-30-13-05-35.ids_3__vp15__ann101__ch0.jpg,ceiling,15,vp15/run1_2018-05-30-13-05-35.ids_3,101,0,talking_on_phone,phone,train,val,31347
ceiling__run2_2018-05-30-10-42-33.ids_3__vp14__ann37__ch4.jpg,ceiling,14,vp14/run2_2018-05-30-10-42-33.ids_3,37,4,talking_on_phone,phone,test,val,17391
ceiling__run1_2018-05-22-15-10-41.ids_3__vp5__ann80__ch0.jpg,ceiling,5,vp5/run1_2018-05-22-15-10-41.ids_3,80,0,interacting_with_phone,phone,train,test,32551
ceiling__run1_2018-05-24-13-14-41.ids_3__vp10__ann72__ch2.jpg,ceiling,10,vp10/run1_2018-05-24-13-14-41.ids_3,72,2,interacting_with_phone,phone,train,train,24653
ceiling__run2_2018-05-22-14-25-04.ids_3__vp4__ann96__ch0.jpg,ceiling,4,vp4/run2_2018-05-22-14-25-04.ids_3,96,0,interacting_with_phone,phone,train,train,46307
ceiling__run2_2018-05-30-13-34-33.ids_3__vp15__ann14__ch18.jpg,ceiling,15,vp15/run2_2018-05-30-13-34-33.ids_3,14,18,talking_on_phone,phone,train,val,9506
ceiling__run1b_2018-05-23-16-19-17.ids_3__vp9__ann101__ch18.jpg,ceiling,9,vp9/run1b_2018-05-23-16-19-17.ids_3,101,18,interacting_with_phone,phone,test,train,28068
ceiling__run1_2018-05-22-13-28-51.ids_3__vp4__ann62__ch9.jpg,ceiling,4,vp4/run1_2018-05-22-13-28-51.ids_3,62,9,talking_on_phone,phone,train,train,35388
ceiling__run2_2018-05-30-13-34-33.ids_3__vp15__ann14__ch19.jpg,ceiling,15,vp15/run2_2018-05-30-13-34-33.ids_3,14,19,talking_on_phone,phone,train,val,9596
ceiling__run2_2018-05-30-11-34-54.ids_3__vp13__ann33__ch12.jpg,ceiling,13,vp13/run2_2018-05-30-11-34-54.ids_3,33,12,interacting_with_phone,phone,train,test,16954
ceiling__run1_2018-05-22-13-28-51.ids_3__vp4__ann62__ch11.jpg,ceiling,4,vp4/run1_2018-05-22-13-28-51.ids_3,62,11,talking_on_phone,phone,train,train,35567
ceiling__run1_2018-05-24-13-44-01.ids_3__vp11__ann103__ch6.jpg,ceiling,11,vp11/run1_2018-05-24-13-44-01.ids_3,103,6,interacting_with_phone,phone,train,test,35096
ceiling__run1_2018-05-03-14-08-31.ids_3__vp2__ann59__ch8.jpg,ceiling,2,vp2/run1_2018-05-03-14-08-31.ids_3,59,8,interacting_with_phone,phone,train,train,36026
ceiling__run2b_2018-05-23-13-54-07.ids_3__vp7__ann44__ch2.jpg,ceiling,7,vp7/run2b_2018-05-23-13-54-07.ids_3,44,2,interacting_with_phone,phone,val,train,17074
ceiling__run2_2018-05-29-16-03-37.ids_3__vp3__ann46__ch8.jpg,ceiling,3,vp3/run2_2018-05-29-16-03-37.ids_3,46,8,talking_on_phone,phone,train,train,21143
ceiling__run1_2018-05-30-13-05-35.ids_3__vp15__ann43__ch1.jpg,ceiling,15,vp15/run1_2018-05-30-13-05-35.ids_3,43,1,interacting_with_phone,phone,train,val,13237
ceiling__run2_2018-05-24-14-08-46.ids_3__vp10__ann20__ch10.jpg,ceiling,10,vp10/run2_2018-05-24-14-08-46.ids_3,20,10,talking_on_phone,phone,train,train,10837
ceiling__run1_2018-05-22-13-28-51.ids_3__vp4__ann80__ch7.jpg,ceiling,4,vp4/run1_2018-05-22-13-28-51.ids_3,80,7,interacting_with_phone,phone,train,train,41141
ceiling__run1_2018-05-24-13-14-41.ids_3__vp10__ann72__ch1.jpg,ceiling,10,vp10/run1_2018-05-24-13-14-41.ids_3,72,1,interacting_with_phone,phone,train,train,24564
ceiling__run2_2018-05-22-14-25-04.ids_3__vp4__ann96__ch3.jpg,ceiling,4,vp4/run2_2018-05-22-14-25-04.ids_3,96,3,interacting_with_phone,phone,train,train,46556
ceiling__run2_2018-05-23-15-30-27.ids_3__vp8__ann119__ch8.jpg,ceiling,8,vp8/run2_2018-05-23-15-30-27.ids_3,119,8,interacting_with_phone,phone,val,train,37030
ceiling__run1b_2018-05-29-14-02-47.ids_3__vp1__ann88__ch0.jpg,ceiling,1,vp1/run1b_2018-05-29-14-02-47.ids_3,88,0,interacting_with_phone,phone,train,train,25034
ceiling__run2_2018-05-29-14-33-44.ids_3__vp1__ann67__ch10.jpg,ceiling,1,vp1/run2_2018-05-29-14-33-44.ids_3,67,10,talking_on_phone,phone,train,train,27743
ceiling__run1_2018-05-30-13-05-35.ids_3__vp15__ann101__ch5.jpg,ceiling,15,vp15/run1_2018-05-30-13-05-35.ids_3,101,5,talking_on_phone,phone,train,val,31799
ceiling__run1b_2018-05-29-14-02-47.ids_3__vp1__ann20__ch3.jpg,ceiling,1,vp1/run1b_2018-05-29-14-02-47.ids_3,20,3,interacting_with_phone,phone,train,train,8386
ceiling__run1_2018-05-24-13-44-01.ids_3__vp11__ann32__ch9.jpg,ceiling,11,vp11/run1_2018-05-24-13-44-01.ids_3,32,9,talking_on_phone,phone,train,test,17676
ceiling__run1b_2018-05-08-08-46-01.ids_3__vp3__ann45__ch6.jpg,ceiling,3,vp3/run1b_2018-05-08-08-46-01.ids_3,45,6,talking_on_phone,phone,train,train,22204
ceiling__run1_2018-05-23-13-16-52.ids_3__vp7__ann108__ch4.jpg,ceiling,7,vp7/run1_2018-05-23-13-16-52.ids_3,108,4,talking_on_phone,phone,val,train,32912
ceiling__run1_2018-05-03-14-08-31.ids_3__vp2__ann26__ch0.jpg,ceiling,2,vp2/run1_2018-05-03-14-08-31.ids_3,26,0,interacting_with_phone,phone,train,train,16119
ceiling__run2_2018-05-30-10-42-33.ids_3__vp14__ann37__ch8.jpg,ceiling,14,vp14/run2_2018-05-30-10-42-33.ids_3,37,8,talking_on_phone,phone,test,val,17752
ceiling__run2b_2018-05-22-15-50-07.ids_3__vp5__ann35__ch3.jpg,ceiling,5,vp5/run2b_2018-05-22-15-50-07.ids_3,35,3,talking_on_phone,phone,train,test,11980
ceiling__run2_2018-05-23-15-30-27.ids_3__vp8__ann119__ch7.jpg,ceiling,8,vp8/run2_2018-05-23-15-30-27.ids_3,119,7,interacting_with_phone,phone,val,train,36941
ceiling__run2_2018-05-30-11-34-54.ids_3__vp13__ann33__ch2.jpg,ceiling,13,vp13/run2_2018-05-30-11-34-54.ids_3,33,2,interacting_with_phone,phone,train,test,16070
ceiling__run1_2018-05-24-13-14-41.ids_3__vp10__ann72__ch12.jpg,ceiling,10,vp10/run1_2018-05-24-13-14-41.ids_3,72,12,interacting_with_phone,phone,train,train,25551
inner_mirror__run1_2018-05-24-13-44-01.ids_1__vp11__ann32__ch4.jpg,inner_mirror,11,vp11/run1_2018-05-24-13-44-01.ids_1,32,4,talking_on_phone,phone,train,test,17224
inner_mirror__run1_2018-05-22-15-10-41.ids_1__vp5__ann81__ch5.jpg,inner_mirror,5,vp5/run1_2018-05-22-15-10-41.ids_1,81,5,talking_on_phone,phone,train,test,33066
inner_mirror__run1_2018-05-23-13-16-52.ids_1__vp7__ann69__ch9.jpg,inner_mirror,7,vp7/run1_2018-05-23-13-16-52.ids_1,69,9,interacting_with_phone,phone,val,train,22973
inner_mirror__run2_2018-05-23-11-05-00.ids_1__vp6__ann74__ch6.jpg,inner_mirror,6,vp6/run2_2018-05-23-11-05-00.ids_1,74,6,interacting_with_phone,phone,train,train,32852
inner_mirror__run2_2018-05-24-16-21-35.ids_1__vp12__ann54__ch4.jpg,inner_mirror,12,vp12/run2_2018-05-24-16-21-35.ids_1,54,4,talking_on_phone,phone,train,train,21516
inner_mirror__run1b_2018-05-23-16-19-17.ids_1__vp9__ann101__ch3.jpg,inner_mirror,9,vp9/run1b_2018-05-23-16-19-17.ids_1,101,3,interacting_with_phone,phone,test,train,26727
inner_mirror__run1_2018-05-30-10-11-09.ids_1__vp14__ann98__ch0.jpg,inner_mirror,14,vp14/run1_2018-05-30-10-11-09.ids_1,98,0,interacting_with_phone,phone,test,val,44539
inner_mirror__run2_2018-05-22-14-25-04.ids_1__vp4__ann80__ch7.jpg,inner_mirror,4,vp4/run2_2018-05-22-14-25-04.ids_1,80,7,talking_on_phone,phone,train,train,37678
inner_mirror__run1_2018-05-24-15-44-28.ids_1__vp12__ann24__ch11.jpg,inner_mirror,12,vp12/run1_2018-05-24-15-44-28.ids_1,24,11,interacting_with_phone,phone,train,train,13732
inner_mirror__run2_2018-05-30-10-42-33.ids_1__vp14__ann60__ch8.jpg,inner_mirror,14,vp14/run2_2018-05-30-10-42-33.ids_1,60,8,interacting_with_phone,phone,test,val,26622
inner_mirror__run1_2018-05-03-14-08-31.ids_1__vp2__ann59__ch10.jpg,inner_mirror,2,vp2/run1_2018-05-03-14-08-31.ids_1,59,10,interacting_with_phone,phone,train,train,36183
inner_mirror__run1_2018-05-23-10-21-45.ids_1__vp6__ann47__ch1.jpg,inner_mirror,6,vp6/run1_2018-05-23-10-21-45.ids_1,47,1,interacting_with_phone,phone,train,train,24807
inner_mirror__run1_2018-05-23-13-16-52.ids_1__vp7__ann36__ch1.jpg,inner_mirror,7,vp7/run1_2018-05-23-13-16-52.ids_1,36,1,interacting_with_phone,phone,val,train,14563
inner_mirror__run2_2018-05-22-14-25-04.ids_1__vp4__ann81__ch0.jpg,inner_mirror,4,vp4/run2_2018-05-22-14-25-04.ids_1,81,0,interacting_with_phone,phone,train,train,37789
inner_mirror__run1_2018-05-22-15-10-41.ids_1__vp5__ann81__ch1.jpg,inner_mirror,5,vp5/run1_2018-05-22-15-10-41.ids_1,81,1,talking_on_phone,phone,train,test,32706
inner_mirror__run1_2018-05-24-13-44-01.ids_1__vp11__ann32__ch14.jpg,inner_mirror,11,vp11/run1_2018-05-24-13-44-01.ids_1,32,14,talking_on_phone,phone,train,test,18124
inner_mirror__run2b_2018-05-23-13-54-07.ids_1__vp7__ann45__ch5.jpg,inner_mirror,7,vp7/run2b_2018-05-23-13-54-07.ids_1,45,5,talking_on_phone,phone,val,train,17479
inner_mirror__run2_2018-05-24-14-35-56.ids_1__vp11__ann56__ch7.jpg,inner_mirror,11,vp11/run2_2018-05-24-14-35-56.ids_1,56,7,talking_on_phone,phone,train,test,14617
inner_mirror__run1b_2018-05-29-14-02-47.ids_1__vp1__ann20__ch4.jpg,inner_mirror,1,vp1/run1b_2018-05-29-14-02-47.ids_1,20,4,interacting_with_phone,phone,train,train,8481
inner_mirror__run1b_2018-05-08-08-46-01.ids_1__vp3__ann45__ch10.jpg,inner_mirror,3,vp3/run1b_2018-05-08-08-46-01.ids_1,45,10,talking_on_phone,phone,train,train,22555
inner_mirror__run1b_2018-05-29-14-02-47.ids_1__vp1__ann20__ch6.jpg,inner_mirror,1,vp1/run1b_2018-05-29-14-02-47.ids_1,20,6,interacting_with_phone,phone,train,train,8661
inner_mirror__run2_2018-05-30-11-34-54.ids_1__vp13__ann39__ch2.jpg,inner_mirror,13,vp13/run2_2018-05-30-11-34-54.ids_1,39,2,talking_on_phone,phone,train,test,18537
inner_mirror__run1_2018-05-23-10-21-45.ids_1__vp6__ann47__ch7.jpg,inner_mirror,6,vp6/run1_2018-05-23-10-21-45.ids_1,47,7,interacting_with_phone,phone,train,train,25347
inner_mirror__run2_2018-05-30-13-34-33.ids_1__vp15__ann14__ch6.jpg,inner_mirror,15,vp15/run2_2018-05-30-13-34-33.ids_1,14,6,talking_on_phone,phone,train,val,8443
inner_mirror__run2_2018-05-24-16-21-35.ids_1__vp12__ann114__ch11.jpg,inner_mirror,12,vp12/run2_2018-05-24-16-21-35.ids_1,114,11,interacting_with_phone,phone,train,train,45427
inner_mirror__run1b_2018-05-08-08-46-01.ids_1__vp3__ann34__ch3.jpg,inner_mirror,3,vp3/run1b_2018-05-08-08-46-01.ids_1,34,3,interacting_with_phone,phone,train,train,18844
inner_mirror__run2_2018-05-30-13-34-33.ids_1__vp15__ann14__ch8.jpg,inner_mirror,15,vp15/run2_2018-05-30-13-34-33.ids_1,14,8,talking_on_phone,phone,train,val,8623
inner_mirror__run2_2018-05-24-14-35-56.ids_1__vp11__ann56__ch8.jpg,inner_mirror,11,vp11/run2_2018-05-24-14-35-56.ids_1,56,8,talking_on_phone,phone,train,test,14707
inner_mirror__run2_2018-05-24-14-08-46.ids_1__vp10__ann19__ch2.jpg,inner_mirror,10,vp10/run2_2018-05-24-14-08-46.ids_1,19,2,interacting_with_phone,phone,train,train,9587
inner_mirror__run2_2018-05-29-14-33-44.ids_1__vp1__ann92__ch3.jpg,inner_mirror,1,vp1/run2_2018-05-29-14-33-44.ids_1,92,3,interacting_with_phone,phone,train,train,40517
inner_mirror__run2_2018-05-24-14-35-56.ids_1__vp11__ann56__ch3.jpg,inner_mirror,11,vp11/run2_2018-05-24-14-35-56.ids_1,56,3,talking_on_phone,phone,train,test,14257
inner_mirror__run2_2018-05-24-16-21-35.ids_1__vp12__ann54__ch1.jpg,inner_mirror,12,vp12/run2_2018-05-24-16-21-35.ids_1,54,1,talking_on_phone,phone,train,train,21246
inner_mirror__run2_2018-05-24-14-08-46.ids_1__vp10__ann115__ch1.jpg,inner_mirror,10,vp10/run2_2018-05-24-14-08-46.ids_1,115,1,interacting_with_phone,phone,train,train,38289
inner_mirror__run1_2018-05-03-14-08-31.ids_1__vp2__ann27__ch4.jpg,inner_mirror,2,vp2/run1_2018-05-03-14-08-31.ids_1,27,4,talking_on_phone,phone,train,train,17814
inner_mirror__run2_2018-05-30-10-42-33.ids_1__vp14__ann108__ch3.jpg,inner_mirror,14,vp14/run2_2018-05-30-10-42-33.ids_1,108,3,interacting_with_phone,phone,test,val,42095
inner_mirror__run1_2018-05-30-13-05-35.ids_1__vp15__ann43__ch3.jpg,inner_mirror,15,vp15/run1_2018-05-30-13-05-35.ids_1,43,3,interacting_with_phone,phone,train,val,13367
inner_mirror__run2_2018-05-22-14-25-04.ids_1__vp4__ann95__ch0.jpg,inner_mirror,4,vp4/run2_2018-05-22-14-25-04.ids_1,95,0,talking_on_phone,phone,train,train,45680
inner_mirror__run2b_2018-05-22-15-50-07.ids_1__vp5__ann36__ch0.jpg,inner_mirror,5,vp5/run2b_2018-05-22-15-50-07.ids_1,36,0,interacting_with_phone,phone,train,test,12642
inner_mirror__run2_2018-05-24-14-08-46.ids_1__vp10__ann20__ch6.jpg,inner_mirror,10,vp10/run2_2018-05-24-14-08-46.ids_1,20,6,talking_on_phone,phone,train,train,10531
inner_mirror__run1_2018-05-03-14-08-31.ids_1__vp2__ann59__ch9.jpg,inner_mirror,2,vp2/run1_2018-05-03-14-08-31.ids_1,59,9,interacting_with_phone,phone,train,train,36099
inner_mirror__run1_2018-05-24-13-44-01.ids_1__vp11__ann32__ch15.jpg,inner_mirror,11,vp11/run1_2018-05-24-13-44-01.ids_1,32,15,talking_on_phone,phone,train,test,18214
inner_mirror__run2_2018-05-30-11-34-54.ids_1__vp13__ann33__ch8.jpg,inner_mirror,13,vp13/run2_2018-05-30-11-34-54.ids_1,33,8,interacting_with_phone,phone,train,test,16611
inner_mirror__run2_2018-05-30-10-42-33.ids_1__vp14__ann37__ch3.jpg,inner_mirror,14,vp14/run2_2018-05-30-10-42-33.ids_1,37,3,talking_on_phone,phone,test,val,17291
inner_mirror__run1_2018-05-24-15-44-28.ids_1__vp12__ann24__ch12.jpg,inner_mirror,12,vp12/run1_2018-05-24-15-44-28.ids_1,24,12,interacting_with_phone,phone,train,train,13822
inner_mirror__run1b_2018-05-29-14-02-47.ids_1__vp1__ann90__ch0.jpg,inner_mirror,1,vp1/run1b_2018-05-29-14-02-47.ids_1,90,0,talking_on_phone,phone,train,train,25636
inner_mirror__run2b_2018-05-22-15-50-07.ids_1__vp5__ann107__ch3.jpg,inner_mirror,5,vp5/run2b_2018-05-22-15-50-07.ids_1,107,3,interacting_with_phone,phone,train,test,36682
inner_mirror__run1_2018-05-24-13-44-01.ids_1__vp11__ann31__ch2.jpg,inner_mirror,11,vp11/run1_2018-05-24-13-44-01.ids_1,31,2,interacting_with_phone,phone,train,test,16285
inner_mirror__run2_2018-05-29-14-33-44.ids_1__vp1__ann67__ch1.jpg,inner_mirror,1,vp1/run2_2018-05-29-14-33-44.ids_1,67,1,talking_on_phone,phone,train,train,26935
inner_mirror__run1_2018-05-24-13-14-41.ids_1__vp10__ann62__ch4.jpg,inner_mirror,10,vp10/run1_2018-05-24-13-14-41.ids_1,62,4,talking_on_phone,phone,train,train,20836
inner_mirror__run1b_2018-05-08-08-46-01.ids_1__vp3__ann34__ch8.jpg,inner_mirror,3,vp3/run1b_2018-05-08-08-46-01.ids_1,34,8,interacting_with_phone,phone,train,train,19275
inner_mirror__run1_2018-05-29-15-21-10.ids_1__vp13__ann60__ch6.jpg,inner_mirror,13,vp13/run1_2018-05-29-15-21-10.ids_1,60,6,interacting_with_phone,phone,train,test,30392
inner_mirror__run1d_2018-05-23-14-54-38.ids_1__vp8__ann23__ch0.jpg,inner_mirror,8,vp8/run1d_2018-05-23-14-54-38.ids_1,23,0,interacting_with_phone,phone,val,train,15737
inner_mirror__run2b_2018-05-23-13-54-07.ids_1__vp7__ann79__ch1.jpg,inner_mirror,7,vp7/run2b_2018-05-23-13-54-07.ids_1,79,1,talking_on_phone,phone,val,train,23015
inner_mirror__run2_2018-05-24-17-22-26.ids_1__vp2__ann82__ch5.jpg,inner_mirror,2,vp2/run2_2018-05-24-17-22-26.ids_1,82,5,talking_on_phone,phone,train,train,38235
inner_mirror__run1_2018-05-30-10-11-09.ids_1__vp14__ann12__ch6.jpg,inner_mirror,14,vp14/run1_2018-05-30-10-11-09.ids_1,12,6,talking_on_phone,phone,test,val,8466
inner_mirror__run2_2018-05-24-17-22-26.ids_1__vp2__ann82__ch12.jpg,inner_mirror,2,vp2/run2_2018-05-24-17-22-26.ids_1,82,12,talking_on_phone,phone,train,train,38865
inner_mirror__run1_2018-05-30-13-05-35.ids_1__vp15__ann101__ch11.jpg,inner_mirror,15,vp15/run1_2018-05-30-13-05-35.ids_1,101,11,talking_on_phone,phone,train,val,32311
inner_mirror__run2_2018-05-24-14-08-46.ids_1__vp10__ann18__ch1.jpg,inner_mirror,10,vp10/run2_2018-05-24-14-08-46.ids_1,18,1,talking_on_phone,phone,train,train,9211
inner_mirror__run2_2018-05-24-14-08-46.ids_1__vp10__ann20__ch0.jpg,inner_mirror,10,vp10/run2_2018-05-24-14-08-46.ids_1,20,0,talking_on_phone,phone,train,train,9991
inner_mirror__run1_2018-05-22-13-28-51.ids_1__vp4__ann62__ch9.jpg,inner_mirror,4,vp4/run1_2018-05-22-13-28-51.ids_1,62,9,talking_on_phone,phone,train,train,35385
inner_mirror__run1_2018-05-29-15-21-10.ids_1__vp13__ann72__ch4.jpg,inner_mirror,13,vp13/run1_2018-05-29-15-21-10.ids_1,72,4,talking_on_phone,phone,train,test,33202
inner_mirror__run1_2018-05-24-15-44-28.ids_1__vp12__ann87__ch8.jpg,inner_mirror,12,vp12/run1_2018-05-24-15-44-28.ids_1,87,8,talking_on_phone,phone,train,train,36853
inner_mirror__run1_2018-05-29-15-21-10.ids_1__vp13__ann71__ch0.jpg,inner_mirror,13,vp13/run1_2018-05-29-15-21-10.ids_1,71,0,interacting_with_phone,phone,train,test,32756
inner_mirror__run1_2018-05-24-13-44-01.ids_1__vp11__ann103__ch0.jpg,inner_mirror,11,vp11/run1_2018-05-24-13-44-01.ids_1,103,0,interacting_with_phone,phone,train,test,34569
inner_mirror__run2_2018-05-24-14-08-46.ids_1__vp10__ann19__ch5.jpg,inner_mirror,10,vp10/run2_2018-05-24-14-08-46.ids_1,19,5,interacting_with_phone,phone,train,train,9857
inner_mirror__run1_2018-05-03-14-08-31.ids_1__vp2__ann26__ch9.jpg,inner_mirror,2,vp2/run1_2018-05-03-14-08-31.ids_1,26,9,interacting_with_phone,phone,train,train,16924
inner_mirror__run1_2018-05-22-13-28-51.ids_1__vp4__ann80__ch10.jpg,inner_mirror,4,vp4/run1_2018-05-22-13-28-51.ids_1,80,10,interacting_with_phone,phone,train,train,41402
inner_mirror__run1_2018-05-22-13-28-51.ids_1__vp4__ann62__ch3.jpg,inner_mirror,4,vp4/run1_2018-05-22-13-28-51.ids_1,62,3,talking_on_phone,phone,train,train,34845
inner_mirror__run1_2018-05-30-10-11-09.ids_1__vp14__ann71__ch1.jpg,inner_mirror,14,vp14/run1_2018-05-30-10-11-09.ids_1,71,1,interacting_with_phone,phone,test,val,26509
inner_mirror__run2_2018-05-30-11-34-54.ids_1__vp13__ann33__ch5.jpg,inner_mirror,13,vp13/run2_2018-05-30-11-34-54.ids_1,33,5,interacting_with_phone,phone,train,test,16341
inner_mirror__run1b_2018-05-29-14-02-47.ids_1__vp1__ann20__ch2.jpg,inner_mirror,1,vp1/run1b_2018-05-29-14-02-47.ids_1,20,2,interacting_with_phone,phone,train,train,8301
inner_mirror__run1b_2018-05-23-16-19-17.ids_1__vp9__ann101__ch15.jpg,inner_mirror,9,vp9/run1b_2018-05-23-16-19-17.ids_1,101,15,interacting_with_phone,phone,test,train,27807
inner_mirror__run1_2018-05-23-13-16-52.ids_1__vp7__ann108__ch6.jpg,inner_mirror,7,vp7/run1_2018-05-23-13-16-52.ids_1,108,6,talking_on_phone,phone,val,train,33040
inner_mirror__run1_2018-05-24-13-44-01.ids_1__vp11__ann31__ch7.jpg,inner_mirror,11,vp11/run1_2018-05-24-13-44-01.ids_1,31,7,interacting_with_phone,phone,train,test,16735
inner_mirror__run1_2018-05-03-14-08-31.ids_1__vp2__ann27__ch3.jpg,inner_mirror,2,vp2/run1_2018-05-03-14-08-31.ids_1,27,3,talking_on_phone,phone,train,train,17724
inner_mirror__run2_2018-05-24-14-35-56.ids_1__vp11__ann99__ch7.jpg,inner_mirror,11,vp11/run2_2018-05-24-14-35-56.ids_1,99,7,interacting_with_phone,phone,train,test,25092
inner_mirror__run1_2018-05-22-15-10-41.ids_1__vp5__ann81__ch11.jpg,inner_mirror,5,vp5/run1_2018-05-22-15-10-41.ids_1,81,11,talking_on_phone,phone,train,test,33606
inner_mirror__run1_2018-05-23-13-16-52.ids_1__vp7__ann69__ch7.jpg,inner_mirror,7,vp7/run1_2018-05-23-13-16-52.ids_1,69,7,interacting_with_phone,phone,val,train,22834
inner_mirror__run1_2018-05-24-13-44-01.ids_1__vp11__ann32__ch13.jpg,inner_mirror,11,vp11/run1_2018-05-24-13-44-01.ids_1,32,13,talking_on_phone,phone,train,test,18034
inner_mirror__run2b_2018-05-23-13-54-07.ids_1__vp7__ann82__ch0.jpg,inner_mirror,7,vp7/run2b_2018-05-23-13-54-07.ids_1,82,0,interacting_with_phone,phone,val,train,23390
inner_mirror__run2_2018-05-29-16-03-37.ids_1__vp3__ann46__ch4.jpg,inner_mirror,3,vp3/run2_2018-05-29-16-03-37.ids_1,46,4,talking_on_phone,phone,train,train,20803
inner_mirror__run1_2018-05-24-13-14-41.ids_1__vp10__ann72__ch4.jpg,inner_mirror,10,vp10/run1_2018-05-24-13-14-41.ids_1,72,4,interacting_with_phone,phone,train,train,24835
inner_mirror__run2_2018-05-29-14-33-44.ids_1__vp1__ann66__ch0.jpg,inner_mirror,1,vp1/run2_2018-05-29-14-33-44.ids_1,66,0,interacting_with_phone,phone,train,train,26763
inner_mirror__run1_2018-05-24-15-44-28.ids_1__vp12__ann87__ch0.jpg,inner_mirror,12,vp12/run1_2018-05-24-15-44-28.ids_1,87,0,talking_on_phone,phone,train,train,36133
inner_mirror__run2_2018-05-24-14-08-46.ids_1__vp10__ann18__ch2.jpg,inner_mirror,10,vp10/run2_2018-05-24-14-08-46.ids_1,18,2,talking_on_phone,phone,train,train,9301
inner_mirror__run2_2018-05-30-11-34-54.ids_1__vp13__ann33__ch11.jpg,inner_mirror,13,vp13/run2_2018-05-30-11-34-54.ids_1,33,11,interacting_with_phone,phone,train,test,16881
inner_mirror__run1_2018-05-22-15-10-41.ids_1__vp5__ann81__ch8.jpg,inner_mirror,5,vp5/run1_2018-05-22-15-10-41.ids_1,81,8,talking_on_phone,phone,train,test,33336
inner_mirror__run2_2018-05-22-14-25-04.ids_1__vp4__ann81__ch1.jpg,inner_mirror,4,vp4/run2_2018-05-22-14-25-04.ids_1,81,1,interacting_with_phone,phone,train,train,37857
inner_mirror__run2_2018-05-24-14-08-46.ids_1__vp10__ann115__ch9.jpg,inner_mirror,10,vp10/run2_2018-05-24-14-08-46.ids_1,115,9,interacting_with_phone,phone,train,train,39009
inner_mirror__run2_2018-05-24-14-35-56.ids_1__vp11__ann99__ch0.jpg,inner_mirror,11,vp11/run2_2018-05-24-14-35-56.ids_1,99,0,interacting_with_phone,phone,train,test,24462
inner_mirror__run1_2018-05-22-15-10-41.ids_1__vp5__ann17__ch5.jpg,inner_mirror,5,vp5/run1_2018-05-22-15-10-41.ids_1,17,5,interacting_with_phone,phone,train,test,13676
inner_mirror__run2_2018-05-30-11-34-54.ids_1__vp13__ann39__ch3.jpg,inner_mirror,13,vp13/run2_2018-05-30-11-34-54.ids_1,39,3,talking_on_phone,phone,train,test,18627
inner_mirror__run2b_2018-05-23-13-54-07.ids_1__vp7__ann44__ch1.jpg,inner_mirror,7,vp7/run2b_2018-05-23-13-54-07.ids_1,44,1,interacting_with_phone,phone,val,train,16927
inner_mirror__run2_2018-05-22-14-25-04.ids_1__vp4__ann80__ch5.jpg,inner_mirror,4,vp4/run2_2018-05-22-14-25-04.ids_1,80,5,talking_on_phone,phone,train,train,37498
inner_mirror__run2_2018-05-29-14-33-44.ids_1__vp1__ann67__ch6.jpg,inner_mirror,1,vp1/run2_2018-05-29-14-33-44.ids_1,67,6,talking_on_phone,phone,train,train,27385
inner_mirror__run2_2018-05-30-10-42-33.ids_1__vp14__ann108__ch5.jpg,inner_mirror,14,vp14/run2_2018-05-30-10-42-33.ids_1,108,5,interacting_with_phone,phone,test,val,42275
inner_mirror__run1_2018-05-03-14-08-31.ids_1__vp2__ann59__ch8.jpg,inner_mirror,2,vp2/run1_2018-05-03-14-08-31.ids_1,59,8,interacting_with_phone,phone,train,train,36009
inner_mirror__run2_2018-05-22-14-25-04.ids_1__vp4__ann54__ch13.jpg,inner_mirror,4,vp4/run2_2018-05-22-14-25-04.ids_1,54,13,interacting_with_phone,phone,train,train,30400
inner_mirror__run2b_2018-05-23-13-54-07.ids_1__vp7__ann46__ch0.jpg,inner_mirror,7,vp7/run2b_2018-05-23-13-54-07.ids_1,46,0,interacting_with_phone,phone,val,train,17594
inner_mirror__run1b_2018-05-29-14-02-47.ids_1__vp1__ann88__ch1.jpg,inner_mirror,1,vp1/run1b_2018-05-29-14-02-47.ids_1,88,1,interacting_with_phone,phone,train,train,25134
steering_wheel__run1_2018-05-22-13-28-51.ids_4__vp4__ann62__ch7.jpg,steering_wheel,4,vp4/run1_2018-05-22-13-28-51.ids_4,62,7,talking_on_phone,phone,train,train,35205
steering_wheel__run1_2018-05-22-13-28-51.ids_4__vp4__ann62__ch12.jpg,steering_wheel,4,vp4/run1_2018-05-22-13-28-51.ids_4,62,12,talking_on_phone,phone,train,train,35653
steering_wheel__run2_2018-05-30-10-42-33.ids_4__vp14__ann108__ch6.jpg,steering_wheel,14,vp14/run2_2018-05-30-10-42-33.ids_4,108,6,interacting_with_phone,phone,test,val,42606
steering_wheel__run2b_2018-05-23-13-54-07.ids_4__vp7__ann69__ch1.jpg,steering_wheel,7,vp7/run2b_2018-05-23-13-54-07.ids_4,69,1,interacting_with_phone,phone,val,train,22442
steering_wheel__run2b_2018-05-22-15-50-07.ids_4__vp5__ann35__ch8.jpg,steering_wheel,5,vp5/run2b_2018-05-22-15-50-07.ids_4,35,8,talking_on_phone,phone,train,test,12436
steering_wheel__run2_2018-05-29-14-33-44.ids_4__vp1__ann67__ch7.jpg,steering_wheel,1,vp1/run2_2018-05-29-14-33-44.ids_4,67,7,talking_on_phone,phone,train,train,27625
steering_wheel__run2_2018-05-30-11-34-54.ids_4__vp13__ann33__ch10.jpg,steering_wheel,13,vp13/run2_2018-05-30-11-34-54.ids_4,33,10,interacting_with_phone,phone,train,test,16888
steering_wheel__run1_2018-05-24-13-14-41.ids_4__vp10__ann72__ch3.jpg,steering_wheel,10,vp10/run1_2018-05-24-13-14-41.ids_4,72,3,interacting_with_phone,phone,train,train,24837
steering_wheel__run2_2018-05-22-14-25-04.ids_4__vp4__ann95__ch6.jpg,steering_wheel,4,vp4/run2_2018-05-22-14-25-04.ids_4,95,6,talking_on_phone,phone,train,train,46267
steering_wheel__run2_2018-05-24-17-22-26.ids_4__vp2__ann62__ch8.jpg,steering_wheel,2,vp2/run2_2018-05-24-17-22-26.ids_4,62,8,interacting_with_phone,phone,train,train,27421
steering_wheel__run2_2018-05-22-14-25-04.ids_4__vp4__ann54__ch4.jpg,steering_wheel,4,vp4/run2_2018-05-22-14-25-04.ids_4,54,4,interacting_with_phone,phone,train,train,29624
steering_wheel__run1d_2018-05-23-14-54-38.ids_4__vp8__ann23__ch9.jpg,steering_wheel,8,vp8/run1d_2018-05-23-14-54-38.ids_4,23,9,interacting_with_phone,phone,val,train,16624
steering_wheel__run2_2018-05-24-14-35-56.ids_4__vp11__ann99__ch5.jpg,steering_wheel,11,vp11/run2_2018-05-24-14-35-56.ids_4,99,5,interacting_with_phone,phone,train,test,25069
steering_wheel__run1_2018-05-24-13-14-41.ids_4__vp10__ann62__ch5.jpg,steering_wheel,10,vp10/run1_2018-05-24-13-14-41.ids_4,62,5,talking_on_phone,phone,train,train,21007
steering_wheel__run2_2018-05-22-14-25-04.ids_4__vp4__ann54__ch2.jpg,steering_wheel,4,vp4/run2_2018-05-22-14-25-04.ids_4,54,2,interacting_with_phone,phone,train,train,29443
steering_wheel__run2_2018-05-23-15-30-27.ids_4__vp8__ann119__ch9.jpg,steering_wheel,8,vp8/run2_2018-05-23-15-30-27.ids_4,119,9,interacting_with_phone,phone,val,train,37298
steering_wheel__run1_2018-05-22-13-28-51.ids_4__vp4__ann80__ch13.jpg,steering_wheel,4,vp4/run1_2018-05-22-13-28-51.ids_4,80,13,interacting_with_phone,phone,train,train,41690
steering_wheel__run2_2018-05-30-13-34-33.ids_4__vp15__ann14__ch20.jpg,steering_wheel,15,vp15/run2_2018-05-30-13-34-33.ids_4,14,20,talking_on_phone,phone,train,val,9754
steering_wheel__run2_2018-05-24-14-08-46.ids_4__vp10__ann19__ch5.jpg,steering_wheel,10,vp10/run2_2018-05-24-14-08-46.ids_4,19,5,interacting_with_phone,phone,train,train,9889
steering_wheel__run1_2018-05-03-14-08-31.ids_4__vp2__ann27__ch3.jpg,steering_wheel,2,vp2/run1_2018-05-03-14-08-31.ids_4,27,3,talking_on_phone,phone,train,train,17738
steering_wheel__run1_2018-05-29-15-21-10.ids_4__vp13__ann72__ch5.jpg,steering_wheel,13,vp13/run1_2018-05-29-15-21-10.ids_4,72,5,talking_on_phone,phone,train,test,33494
steering_wheel__run1_2018-05-03-14-08-31.ids_4__vp2__ann21__ch1.jpg,steering_wheel,2,vp2/run1_2018-05-03-14-08-31.ids_4,21,1,interacting_with_phone,phone,train,train,15389
steering_wheel__run1_2018-05-24-13-14-41.ids_4__vp10__ann62__ch0.jpg,steering_wheel,10,vp10/run1_2018-05-24-13-14-41.ids_4,62,0,talking_on_phone,phone,train,train,20553
steering_wheel__run2_2018-05-24-16-21-35.ids_4__vp12__ann114__ch8.jpg,steering_wheel,12,vp12/run2_2018-05-24-16-21-35.ids_4,114,8,interacting_with_phone,phone,train,train,45388
steering_wheel__run1_2018-05-24-13-14-41.ids_4__vp10__ann62__ch8.jpg,steering_wheel,10,vp10/run1_2018-05-24-13-14-41.ids_4,62,8,talking_on_phone,phone,train,train,21277
steering_wheel__run1_2018-05-23-10-21-45.ids_4__vp6__ann47__ch2.jpg,steering_wheel,6,vp6/run1_2018-05-23-10-21-45.ids_4,47,2,interacting_with_phone,phone,train,train,25033
steering_wheel__run2_2018-05-22-14-25-04.ids_4__vp4__ann80__ch6.jpg,steering_wheel,4,vp4/run2_2018-05-22-14-25-04.ids_4,80,6,talking_on_phone,phone,train,train,37639
steering_wheel__run2_2018-05-30-13-34-33.ids_4__vp15__ann14__ch11.jpg,steering_wheel,15,vp15/run2_2018-05-30-13-34-33.ids_4,14,11,talking_on_phone,phone,train,val,8940
steering_wheel__run1b_2018-05-23-16-19-17.ids_4__vp9__ann101__ch17.jpg,steering_wheel,9,vp9/run1b_2018-05-23-16-19-17.ids_4,101,17,interacting_with_phone,phone,test,train,28123
steering_wheel__run1b_2018-05-29-14-02-47.ids_4__vp1__ann20__ch1.jpg,steering_wheel,1,vp1/run1b_2018-05-29-14-02-47.ids_4,20,1,interacting_with_phone,phone,train,train,8258
steering_wheel__run2_2018-05-22-14-25-04.ids_4__vp4__ann95__ch5.jpg,steering_wheel,4,vp4/run2_2018-05-22-14-25-04.ids_4,95,5,talking_on_phone,phone,train,train,46197
steering_wheel__run1_2018-05-24-13-44-01.ids_4__vp11__ann32__ch11.jpg,steering_wheel,11,vp11/run1_2018-05-24-13-44-01.ids_4,32,11,talking_on_phone,phone,train,test,17966
steering_wheel__run1_2018-05-23-13-16-52.ids_4__vp7__ann69__ch1.jpg,steering_wheel,7,vp7/run1_2018-05-23-13-16-52.ids_4,69,1,interacting_with_phone,phone,val,train,23063
steering_wheel__run2_2018-05-24-17-22-26.ids_4__vp2__ann82__ch12.jpg,steering_wheel,2,vp2/run2_2018-05-24-17-22-26.ids_4,82,12,talking_on_phone,phone,train,train,39067
steering_wheel__run1_2018-05-24-13-44-01.ids_4__vp11__ann32__ch3.jpg,steering_wheel,11,vp11/run1_2018-05-24-13-44-01.ids_4,32,3,talking_on_phone,phone,train,test,17242
steering_wheel__run2_2018-05-30-11-34-54.ids_4__vp13__ann39__ch5.jpg,steering_wheel,13,vp13/run2_2018-05-30-11-34-54.ids_4,39,5,talking_on_phone,phone,train,test,18912
steering_wheel__run1_2018-05-22-15-10-41.ids_4__vp5__ann81__ch10.jpg,steering_wheel,5,vp5/run1_2018-05-22-15-10-41.ids_4,81,10,talking_on_phone,phone,train,test,33537
steering_wheel__run1b_2018-05-23-16-19-17.ids_4__vp9__ann101__ch5.jpg,steering_wheel,9,vp9/run1b_2018-05-23-16-19-17.ids_4,101,5,interacting_with_phone,phone,test,train,27039
steering_wheel__run1b_2018-05-23-16-19-17.ids_4__vp9__ann101__ch19.jpg,steering_wheel,9,vp9/run1b_2018-05-23-16-19-17.ids_4,101,19,interacting_with_phone,phone,test,train,28301
steering_wheel__run1_2018-05-03-14-08-31.ids_4__vp2__ann66__ch0.jpg,steering_wheel,2,vp2/run1_2018-05-03-14-08-31.ids_4,66,0,interacting_with_phone,phone,train,train,38980
steering_wheel__run2b_2018-05-23-13-54-07.ids_4__vp7__ann69__ch2.jpg,steering_wheel,7,vp7/run2b_2018-05-23-13-54-07.ids_4,69,2,interacting_with_phone,phone,val,train,22535
steering_wheel__run2_2018-05-24-14-35-56.ids_4__vp11__ann99__ch3.jpg,steering_wheel,11,vp11/run2_2018-05-24-14-35-56.ids_4,99,3,interacting_with_phone,phone,train,test,24889
steering_wheel__run1b_2018-05-08-08-46-01.ids_4__vp3__ann45__ch9.jpg,steering_wheel,3,vp3/run1b_2018-05-08-08-46-01.ids_4,45,9,talking_on_phone,phone,train,train,22487
steering_wheel__run2_2018-05-24-14-08-46.ids_4__vp10__ann115__ch6.jpg,steering_wheel,10,vp10/run2_2018-05-24-14-08-46.ids_4,115,6,interacting_with_phone,phone,train,train,38926
steering_wheel__run2_2018-05-30-13-34-33.ids_4__vp15__ann14__ch14.jpg,steering_wheel,15,vp15/run2_2018-05-30-13-34-33.ids_4,14,14,talking_on_phone,phone,train,val,9213
steering_wheel__run1_2018-05-24-13-44-01.ids_4__vp11__ann103__ch2.jpg,steering_wheel,11,vp11/run1_2018-05-24-13-44-01.ids_4,103,2,interacting_with_phone,phone,train,test,34944
steering_wheel__run1d_2018-05-23-14-54-38.ids_4__vp8__ann23__ch4.jpg,steering_wheel,8,vp8/run1d_2018-05-23-14-54-38.ids_4,23,4,interacting_with_phone,phone,val,train,16191
steering_wheel__run1_2018-05-22-13-28-51.ids_4__vp4__ann80__ch19.jpg,steering_wheel,4,vp4/run1_2018-05-22-13-28-51.ids_4,80,19,interacting_with_phone,phone,train,train,42231
steering_wheel__run1_2018-05-24-13-44-01.ids_4__vp11__ann32__ch8.jpg,steering_wheel,11,vp11/run1_2018-05-24-13-44-01.ids_4,32,8,talking_on_phone,phone,train,test,17696
steering_wheel__run1_2018-05-22-13-28-51.ids_4__vp4__ann61__ch0.jpg,steering_wheel,4,vp4/run1_2018-05-22-13-28-51.ids_4,61,0,interacting_with_phone,phone,train,train,34474
steering_wheel__run2_2018-05-30-13-34-33.ids_4__vp15__ann14__ch1.jpg,steering_wheel,15,vp15/run2_2018-05-30-13-34-33.ids_4,14,1,talking_on_phone,phone,train,val,8033
steering_wheel__run1_2018-05-24-15-44-28.ids_4__vp12__ann87__ch12.jpg,steering_wheel,12,vp12/run1_2018-05-24-15-44-28.ids_4,87,12,talking_on_phone,phone,train,train,37395
steering_wheel__run2_2018-05-23-15-30-27.ids_4__vp8__ann119__ch5.jpg,steering_wheel,8,vp8/run2_2018-05-23-15-30-27.ids_4,119,5,interacting_with_phone,phone,val,train,36938
steering_wheel__run1_2018-05-23-13-16-52.ids_4__vp7__ann69__ch9.jpg,steering_wheel,7,vp7/run1_2018-05-23-13-16-52.ids_4,69,9,interacting_with_phone,phone,val,train,23769
steering_wheel__run2_2018-05-30-10-42-33.ids_4__vp14__ann37__ch10.jpg,steering_wheel,14,vp14/run2_2018-05-30-10-42-33.ids_4,37,10,talking_on_phone,phone,test,val,18014
steering_wheel__run1_2018-05-24-15-44-28.ids_4__vp12__ann87__ch13.jpg,steering_wheel,12,vp12/run1_2018-05-24-15-44-28.ids_4,87,13,talking_on_phone,phone,train,train,37486
steering_wheel__run2_2018-05-24-14-08-46.ids_4__vp10__ann20__ch7.jpg,steering_wheel,10,vp10/run2_2018-05-24-14-08-46.ids_4,20,7,talking_on_phone,phone,train,train,10653
steering_wheel__run2_2018-05-30-11-34-54.ids_4__vp13__ann33__ch7.jpg,steering_wheel,13,vp13/run2_2018-05-30-11-34-54.ids_4,33,7,interacting_with_phone,phone,train,test,16616
steering_wheel__run1_2018-05-22-13-28-51.ids_4__vp4__ann62__ch11.jpg,steering_wheel,4,vp4/run1_2018-05-22-13-28-51.ids_4,62,11,talking_on_phone,phone,train,train,35564
steering_wheel__run1b_2018-05-08-08-46-01.ids_4__vp3__ann45__ch0.jpg,steering_wheel,3,vp3/run1b_2018-05-08-08-46-01.ids_4,45,0,talking_on_phone,phone,train,train,21674
steering_wheel__run1_2018-05-24-13-14-41.ids_4__vp10__ann62__ch2.jpg,steering_wheel,10,vp10/run1_2018-05-24-13-14-41.ids_4,62,2,talking_on_phone,phone,train,train,20736
steering_wheel__run1_2018-05-22-15-10-41.ids_4__vp5__ann82__ch1.jpg,steering_wheel,5,vp5/run1_2018-05-22-15-10-41.ids_4,82,1,interacting_with_phone,phone,train,test,34010
steering_wheel__run2_2018-05-30-10-42-33.ids_4__vp14__ann37__ch6.jpg,steering_wheel,14,vp14/run2_2018-05-30-10-42-33.ids_4,37,6,talking_on_phone,phone,test,val,17652
steering_wheel__run1_2018-05-24-15-44-28.ids_4__vp12__ann87__ch9.jpg,steering_wheel,12,vp12/run1_2018-05-24-15-44-28.ids_4,87,9,talking_on_phone,phone,train,train,37123
steering_wheel__run1_2018-05-29-15-21-10.ids_4__vp13__ann72__ch9.jpg,steering_wheel,13,vp13/run1_2018-05-29-15-21-10.ids_4,72,9,talking_on_phone,phone,train,test,33853
steering_wheel__run2b_2018-05-22-15-50-07.ids_4__vp5__ann107__ch4.jpg,steering_wheel,5,vp5/run2b_2018-05-22-15-50-07.ids_4,107,4,interacting_with_phone,phone,train,test,36803
steering_wheel__run2_2018-05-24-14-35-56.ids_4__vp11__ann99__ch8.jpg,steering_wheel,11,vp11/run2_2018-05-24-14-35-56.ids_4,99,8,interacting_with_phone,phone,train,test,25341
steering_wheel__run2b_2018-05-23-13-54-07.ids_4__vp7__ann69__ch0.jpg,steering_wheel,7,vp7/run2b_2018-05-23-13-54-07.ids_4,69,0,interacting_with_phone,phone,val,train,22351
steering_wheel__run2_2018-05-30-10-42-33.ids_4__vp14__ann37__ch8.jpg,steering_wheel,14,vp14/run2_2018-05-30-10-42-33.ids_4,37,8,talking_on_phone,phone,test,val,17834
steering_wheel__run2_2018-05-29-16-03-37.ids_4__vp3__ann46__ch2.jpg,steering_wheel,3,vp3/run2_2018-05-29-16-03-37.ids_4,46,2,talking_on_phone,phone,train,train,20734
steering_wheel__run1_2018-05-24-15-44-28.ids_4__vp12__ann87__ch11.jpg,steering_wheel,12,vp12/run1_2018-05-24-15-44-28.ids_4,87,11,talking_on_phone,phone,train,train,37305
steering_wheel__run1_2018-05-24-13-44-01.ids_4__vp11__ann32__ch17.jpg,steering_wheel,11,vp11/run1_2018-05-24-13-44-01.ids_4,32,17,talking_on_phone,phone,train,test,18507
steering_wheel__run1_2018-05-23-13-16-52.ids_4__vp7__ann108__ch5.jpg,steering_wheel,7,vp7/run1_2018-05-23-13-16-52.ids_4,108,5,talking_on_phone,phone,val,train,34095
steering_wheel__run2_2018-05-24-17-22-26.ids_4__vp2__ann82__ch13.jpg,steering_wheel,2,vp2/run2_2018-05-24-17-22-26.ids_4,82,13,talking_on_phone,phone,train,train,39134
steering_wheel__run1_2018-05-24-13-44-01.ids_4__vp11__ann31__ch2.jpg,steering_wheel,11,vp11/run1_2018-05-24-13-44-01.ids_4,31,2,interacting_with_phone,phone,train,test,16391
steering_wheel__run1_2018-05-24-13-44-01.ids_4__vp11__ann103__ch5.jpg,steering_wheel,11,vp11/run1_2018-05-24-13-44-01.ids_4,103,5,interacting_with_phone,phone,train,test,35211
steering_wheel__run1b_2018-05-08-08-46-01.ids_4__vp3__ann45__ch4.jpg,steering_wheel,3,vp3/run1b_2018-05-08-08-46-01.ids_4,45,4,talking_on_phone,phone,train,train,22035
steering_wheel__run1_2018-05-23-10-21-45.ids_4__vp6__ann95__ch4.jpg,steering_wheel,6,vp6/run1_2018-05-23-10-21-45.ids_4,95,4,talking_on_phone,phone,train,train,47997
steering_wheel__run1_2018-05-24-13-44-01.ids_4__vp11__ann32__ch5.jpg,steering_wheel,11,vp11/run1_2018-05-24-13-44-01.ids_4,32,5,talking_on_phone,phone,train,test,17424
steering_wheel__run1b_2018-05-23-16-19-17.ids_4__vp9__ann101__ch22.jpg,steering_wheel,9,vp9/run1b_2018-05-23-16-19-17.ids_4,101,22,interacting_with_phone,phone,test,train,28534
steering_wheel__run1_2018-05-24-13-44-01.ids_4__vp11__ann32__ch6.jpg,steering_wheel,11,vp11/run1_2018-05-24-13-44-01.ids_4,32,6,talking_on_phone,phone,train,test,17515
steering_wheel__run1_2018-05-03-14-08-31.ids_4__vp2__ann26__ch11.jpg,steering_wheel,2,vp2/run1_2018-05-03-14-08-31.ids_4,26,11,interacting_with_phone,phone,train,train,17116
steering_wheel__run2_2018-05-30-11-34-54.ids_4__vp13__ann39__ch8.jpg,steering_wheel,13,vp13/run2_2018-05-30-11-34-54.ids_4,39,8,talking_on_phone,phone,train,test,19180
steering_wheel__run2_2018-05-24-17-22-26.ids_4__vp2__ann82__ch3.jpg,steering_wheel,2,vp2/run2_2018-05-24-17-22-26.ids_4,82,3,talking_on_phone,phone,train,train,38249
steering_wheel__run2_2018-05-29-16-03-37.ids_4__vp3__ann33__ch0.jpg,steering_wheel,3,vp3/run2_2018-05-29-16-03-37.ids_4,33,0,interacting_with_phone,phone,train,train,16222
steering_wheel__run1b_2018-05-08-08-46-01.ids_4__vp3__ann45__ch10.jpg,steering_wheel,3,vp3/run1b_2018-05-08-08-46-01.ids_4,45,10,talking_on_phone,phone,train,train,22577
steering_wheel__run2_2018-05-24-16-21-35.ids_4__vp12__ann114__ch6.jpg,steering_wheel,12,vp12/run2_2018-05-24-16-21-35.ids_4,114,6,interacting_with_phone,phone,train,train,45208
steering_wheel__run2b_2018-05-23-13-54-07.ids_4__vp7__ann44__ch1.jpg,steering_wheel,7,vp7/run2b_2018-05-23-13-54-07.ids_4,44,1,interacting_with_phone,phone,val,train,17538
steering_wheel__run1_2018-05-24-13-14-41.ids_4__vp10__ann72__ch13.jpg,steering_wheel,10,vp10/run1_2018-05-24-13-14-41.ids_4,72,13,interacting_with_phone,phone,train,train,25714
steering_wheel__run1_2018-05-22-13-28-51.ids_4__vp4__ann80__ch2.jpg,steering_wheel,4,vp4/run1_2018-05-22-13-28-51.ids_4,80,2,interacting_with_phone,phone,train,train,40701
steering_wheel__run1_2018-05-30-13-05-35.ids_4__vp15__ann101__ch1.jpg,steering_wheel,15,vp15/run1_2018-05-30-13-05-35.ids_4,101,1,talking_on_phone,phone,train,val,31561
steering_wheel__run1d_2018-05-23-14-54-38.ids_4__vp8__ann31__ch6.jpg,steering_wheel,8,vp8/run1d_2018-05-23-14-54-38.ids_4,31,6,talking_on_phone,phone,val,train,19657
steering_wheel__run1_2018-05-30-13-05-35.ids_4__vp15__ann101__ch7.jpg,steering_wheel,15,vp15/run1_2018-05-30-13-05-35.ids_4,101,7,talking_on_phone,phone,train,val,32103
steering_wheel__run1_2018-05-22-15-10-41.ids_4__vp5__ann81__ch12.jpg,steering_wheel,5,vp5/run1_2018-05-22-15-10-41.ids_4,81,12,talking_on_phone,phone,train,test,33716
steering_wheel__run2_2018-05-29-16-03-37.ids_4__vp3__ann46__ch6.jpg,steering_wheel,3,vp3/run2_2018-05-29-16-03-37.ids_4,46,6,talking_on_phone,phone,train,train,21095
steering_wheel__run2_2018-05-24-14-08-46.ids_4__vp10__ann115__ch0.jpg,steering_wheel,10,vp10/run2_2018-05-24-14-08-46.ids_4,115,0,interacting_with_phone,phone,train,train,38383
steering_wheel__run2_2018-05-29-14-33-44.ids_4__vp1__ann92__ch1.jpg,steering_wheel,1,vp1/run2_2018-05-29-14-33-44.ids_4,92,1,interacting_with_phone,phone,train,train,40551
steering_wheel__run2_2018-05-24-14-08-46.ids_4__vp10__ann20__ch10.jpg,steering_wheel,10,vp10/run2_2018-05-24-14-08-46.ids_4,20,10,talking_on_phone,phone,train,train,10889
steering_wheel__run1_2018-05-03-14-08-31.ids_4__vp2__ann26__ch1.jpg,steering_wheel,2,vp2/run1_2018-05-03-14-08-31.ids_4,26,1,interacting_with_phone,phone,train,train,16217
steering_wheel__run1_2018-05-22-15-10-41.ids_4__vp5__ann81__ch13.jpg,steering_wheel,5,vp5/run1_2018-05-22-15-10-41.ids_4,81,13,talking_on_phone,phone,train,test,33806
a_column_co_driver__run1_2018-05-29-15-21-10.ids_2__vp13__ann47__ch0.jpg,a_column_co_driver,13,vp13/run1_2018-05-29-15-21-10.ids_2,47,0,closing_bottle,bottle,train,test,25355
a_column_co_driver__run2_2018-05-30-11-34-54.ids_2__vp13__ann55__ch0.jpg,a_column_co_driver,13,vp13/run2_2018-05-30-11-34-54.ids_2,55,0,opening_bottle,bottle,train,test,24037
a_column_co_driver__run1_2018-05-30-10-11-09.ids_2__vp14__ann52__ch1.jpg,a_column_co_driver,14,vp14/run1_2018-05-30-10-11-09.ids_2,52,1,opening_bottle,bottle,test,val,23761
a_column_co_driver__run1_2018-05-24-13-44-01.ids_2__vp11__ann43__ch2.jpg,a_column_co_driver,11,vp11/run1_2018-05-24-13-44-01.ids_2,43,2,opening_bottle,bottle,train,test,20178
a_column_co_driver__run2_2018-05-29-14-33-44.ids_2__vp1__ann47__ch0.jpg,a_column_co_driver,1,vp1/run2_2018-05-29-14-33-44.ids_2,47,0,closing_bottle,bottle,train,train,21503
a_column_co_driver__run1_2018-05-24-15-44-28.ids_2__vp12__ann69__ch0.jpg,a_column_co_driver,12,vp12/run1_2018-05-24-15-44-28.ids_2,69,0,opening_bottle,bottle,train,train,30953
a_column_co_driver__run1_2018-05-24-13-44-01.ids_2__vp11__ann48__ch0.jpg,a_column_co_driver,11,vp11/run1_2018-05-24-13-44-01.ids_2,48,0,closing_bottle,bottle,train,test,20643
a_column_co_driver__run1d_2018-05-23-14-54-38.ids_2__vp8__ann66__ch0.jpg,a_column_co_driver,8,vp8/run1d_2018-05-23-14-54-38.ids_2,66,0,closing_bottle,bottle,val,train,33285
a_column_co_driver__run1_2018-05-29-15-21-10.ids_2__vp13__ann47__ch1.jpg,a_column_co_driver,13,vp13/run1_2018-05-29-15-21-10.ids_2,47,1,closing_bottle,bottle,train,test,25432
a_column_co_driver__run1_2018-05-30-10-11-09.ids_2__vp14__ann54__ch0.jpg,a_column_co_driver,14,vp14/run1_2018-05-30-10-11-09.ids_2,54,0,closing_bottle,bottle,test,val,23916
a_column_co_driver__run1_2018-05-30-13-05-35.ids_2__vp15__ann79__ch2.jpg,a_column_co_driver,15,vp15/run1_2018-05-30-13-05-35.ids_2,79,2,closing_bottle,bottle,train,val,20570
a_column_co_driver__run1b_2018-05-08-08-46-01.ids_2__vp3__ann103__ch0.jpg,a_column_co_driver,3,vp3/run1b_2018-05-08-08-46-01.ids_2,103,0,opening_bottle,bottle,train,train,38134
a_column_co_driver__run2_2018-05-24-14-35-56.ids_2__vp11__ann15__ch1.jpg,a_column_co_driver,11,vp11/run2_2018-05-24-14-35-56.ids_2,15,1,closing_bottle,bottle,train,test,6633
a_column_co_driver__run1b_2018-05-29-14-02-47.ids_2__vp1__ann100__ch0.jpg,a_column_co_driver,1,vp1/run1b_2018-05-29-14-02-47.ids_2,100,0,closing_bottle,bottle,train,train,26879
a_column_co_driver__run1_2018-05-23-13-16-52.ids_2__vp7__ann85__ch1.jpg,a_column_co_driver,7,vp7/run1_2018-05-23-13-16-52.ids_2,85,1,closing_bottle,bottle,val,train,27278
a_column_co_driver__run1_2018-05-24-13-44-01.ids_2__vp11__ann43__ch1.jpg,a_column_co_driver,11,vp11/run1_2018-05-24-13-44-01.ids_2,43,1,opening_bottle,bottle,train,test,20090
a_column_co_driver__run2b_2018-05-22-15-50-07.ids_2__vp5__ann73__ch0.jpg,a_column_co_driver,5,vp5/run2b_2018-05-22-15-50-07.ids_2,73,0,closing_bottle,bottle,train,test,27499
a_column_co_driver__run1_2018-05-03-14-08-31.ids_2__vp2__ann74__ch0.jpg,a_column_co_driver,2,vp2/run1_2018-05-03-14-08-31.ids_2,74,0,opening_bottle,bottle,train,train,40401
a_column_co_driver__run1_2018-05-30-13-05-35.ids_2__vp15__ann21__ch1.jpg,a_column_co_driver,15,vp15/run1_2018-05-30-13-05-35.ids_2,21,1,closing_bottle,bottle,train,val,10068
a_column_co_driver__run1_2018-05-23-13-16-52.ids_2__vp7__ann85__ch0.jpg,a_column_co_driver,7,vp7/run1_2018-05-23-13-16-52.ids_2,85,0,closing_bottle,bottle,val,train,27189
a_column_co_driver__run1_2018-05-24-13-44-01.ids_2__vp11__ann78__ch0.jpg,a_column_co_driver,11,vp11/run1_2018-05-24-13-44-01.ids_2,78,0,closing_bottle,bottle,train,test,30178
a_column_co_driver__run2_2018-05-30-10-42-33.ids_2__vp14__ann12__ch0.jpg,a_column_co_driver,14,vp14/run2_2018-05-30-10-42-33.ids_2,12,0,closing_bottle,bottle,test,val,7635
a_column_co_driver__run1b_2018-05-23-16-19-17.ids_2__vp9__ann12__ch0.jpg,a_column_co_driver,9,vp9/run1b_2018-05-23-16-19-17.ids_2,12,0,opening_bottle,bottle,test,train,8128
a_column_co_driver__run1b_2018-05-08-08-46-01.ids_2__vp3__ann83__ch0.jpg,a_column_co_driver,3,vp3/run1b_2018-05-08-08-46-01.ids_2,83,0,opening_bottle,bottle,train,train,33344
a_column_co_driver__run1_2018-05-24-13-14-41.ids_2__vp10__ann104__ch1.jpg,a_column_co_driver,10,vp10/run1_2018-05-24-13-14-41.ids_2,104,1,closing_bottle,bottle,train,train,36893
a_column_co_driver__run2_2018-05-30-10-42-33.ids_2__vp14__ann83__ch0.jpg,a_column_co_driver,14,vp14/run2_2018-05-30-10-42-33.ids_2,83,0,closing_bottle,bottle,test,val,32225
a_column_co_driver__run2_2018-05-30-13-34-33.ids_2__vp15__ann22__ch1.jpg,a_column_co_driver,15,vp15/run2_2018-05-30-13-34-33.ids_2,22,1,opening_bottle,bottle,train,val,11294
a_column_co_driver__run2_2018-05-29-14-33-44.ids_2__vp1__ann47__ch1.jpg,a_column_co_driver,1,vp1/run2_2018-05-29-14-33-44.ids_2,47,1,closing_bottle,bottle,train,train,21553
a_column_co_driver__run1_2018-05-23-10-21-45.ids_2__vp6__ann89__ch1.jpg,a_column_co_driver,6,vp6/run1_2018-05-23-10-21-45.ids_2,89,1,opening_bottle,bottle,train,train,46281
a_column_co_driver__run1_2018-05-29-15-21-10.ids_2__vp13__ann45__ch1.jpg,a_column_co_driver,13,vp13/run1_2018-05-29-15-21-10.ids_2,45,1,opening_bottle,bottle,train,test,24606
a_column_co_driver__run2_2018-05-24-14-08-46.ids_2__vp10__ann96__ch2.jpg,a_column_co_driver,10,vp10/run2_2018-05-24-14-08-46.ids_2,96,2,closing_bottle,bottle,train,train,34150
a_column_co_driver__run1_2018-05-23-13-16-52.ids_2__vp7__ann13__ch1.jpg,a_column_co_driver,7,vp7/run1_2018-05-23-13-16-52.ids_2,13,1,opening_bottle,bottle,val,train,9650
a_column_co_driver__run1_2018-05-24-15-44-28.ids_2__vp12__ann71__ch0.jpg,a_column_co_driver,12,vp12/run1_2018-05-24-15-44-28.ids_2,71,0,closing_bottle,bottle,train,train,31253
a_column_co_driver__run2_2018-05-24-14-35-56.ids_2__vp11__ann46__ch0.jpg,a_column_co_driver,11,vp11/run2_2018-05-24-14-35-56.ids_2,46,0,closing_bottle,bottle,train,test,12721
a_column_co_driver__run2_2018-05-24-16-21-35.ids_2__vp12__ann87__ch0.jpg,a_column_co_driver,12,vp12/run2_2018-05-24-16-21-35.ids_2,87,0,opening_bottle,bottle,train,train,35063
a_column_co_driver__run2_2018-05-24-16-21-35.ids_2__vp12__ann89__ch2.jpg,a_column_co_driver,12,vp12/run2_2018-05-24-16-21-35.ids_2,89,2,closing_bottle,bottle,train,train,35742
a_column_co_driver__run1d_2018-05-23-14-54-38.ids_2__vp8__ann87__ch0.jpg,a_column_co_driver,8,vp8/run1d_2018-05-23-14-54-38.ids_2,87,0,closing_bottle,bottle,val,train,41348
a_column_co_driver__run1_2018-05-30-10-11-09.ids_2__vp14__ann21__ch0.jpg,a_column_co_driver,14,vp14/run1_2018-05-30-10-11-09.ids_2,21,0,closing_bottle,bottle,test,val,11881
a_column_co_driver__run2_2018-05-24-16-21-35.ids_2__vp12__ann26__ch0.jpg,a_column_co_driver,12,vp12/run2_2018-05-24-16-21-35.ids_2,26,0,opening_bottle,bottle,train,train,12266
a_column_co_driver__run1_2018-05-24-13-14-41.ids_2__vp10__ann30__ch1.jpg,a_column_co_driver,10,vp10/run1_2018-05-24-13-14-41.ids_2,30,1,closing_bottle,bottle,train,train,12067
a_column_co_driver__run1_2018-05-24-13-14-41.ids_2__vp10__ann28__ch1.jpg,a_column_co_driver,10,vp10/run1_2018-05-24-13-14-41.ids_2,28,1,opening_bottle,bottle,train,train,11888
a_column_co_driver__run1_2018-05-24-13-44-01.ids_2__vp11__ann76__ch0.jpg,a_column_co_driver,11,vp11/run1_2018-05-24-13-44-01.ids_2,76,0,opening_bottle,bottle,train,test,29974
a_column_co_driver__run2_2018-05-24-16-21-35.ids_2__vp12__ann8__ch1.jpg,a_column_co_driver,12,vp12/run2_2018-05-24-16-21-35.ids_2,8,1,closing_bottle,bottle,train,train,7939
a_column_co_driver__run1_2018-05-24-13-14-41.ids_2__vp10__ann13__ch0.jpg,a_column_co_driver,10,vp10/run1_2018-05-24-13-14-41.ids_2,13,0,closing_bottle,bottle,train,train,9278
a_column_co_driver__run1b_2018-05-23-16-19-17.ids_2__vp9__ann17__ch1.jpg,a_column_co_driver,9,vp9/run1b_2018-05-23-16-19-17.ids_2,17,1,opening_bottle,bottle,test,train,9063
a_column_co_driver__run1_2018-05-24-13-14-41.ids_2__vp10__ann28__ch0.jpg,a_column_co_driver,10,vp10/run1_2018-05-24-13-14-41.ids_2,28,0,opening_bottle,bottle,train,train,11834
a_column_co_driver__run1_2018-05-30-10-11-09.ids_2__vp14__ann52__ch0.jpg,a_column_co_driver,14,vp14/run1_2018-05-30-10-11-09.ids_2,52,0,opening_bottle,bottle,test,val,23707
a_column_co_driver__run2_2018-05-30-11-34-54.ids_2__vp13__ann50__ch5.jpg,a_column_co_driver,13,vp13/run2_2018-05-30-11-34-54.ids_2,50,5,opening_bottle,bottle,train,test,23259
a_column_co_driver__run1b_2018-05-23-16-19-17.ids_2__vp9__ann19__ch1.jpg,a_column_co_driver,9,vp9/run1b_2018-05-23-16-19-17.ids_2,19,1,closing_bottle,bottle,test,train,9299
a_column_co_driver__run2_2018-05-30-13-34-33.ids_2__vp15__ann33__ch0.jpg,a_column_co_driver,15,vp15/run2_2018-05-30-13-34-33.ids_2,33,0,opening_bottle,bottle,train,val,12688
a_column_co_driver__run1_2018-05-30-13-05-35.ids_2__vp15__ann21__ch0.jpg,a_column_co_driver,15,vp15/run1_2018-05-30-13-05-35.ids_2,21,0,closing_bottle,bottle,train,val,10019
a_column_co_driver__run1_2018-05-22-13-28-51.ids_2__vp4__ann28__ch3.jpg,a_column_co_driver,4,vp4/run1_2018-05-22-13-28-51.ids_2,28,3,opening_bottle,bottle,train,train,17651
a_column_co_driver__run1b_2018-05-08-08-46-01.ids_2__vp3__ann77__ch0.jpg,a_column_co_driver,3,vp3/run1b_2018-05-08-08-46-01.ids_2,77,0,closing_bottle,bottle,train,train,31856
a_column_co_driver__run1_2018-05-22-15-10-41.ids_2__vp5__ann36__ch1.jpg,a_column_co_driver,5,vp5/run1_2018-05-22-15-10-41.ids_2,36,1,closing_bottle,bottle,train,test,19073
a_column_co_driver__run2_2018-05-24-16-21-35.ids_2__vp12__ann28__ch0.jpg,a_column_co_driver,12,vp12/run2_2018-05-24-16-21-35.ids_2,28,0,closing_bottle,bottle,train,train,12955
a_column_co_driver__run1b_2018-05-08-08-46-01.ids_2__vp3__ann97__ch0.jpg,a_column_co_driver,3,vp3/run1b_2018-05-08-08-46-01.ids_2,97,0,closing_bottle,bottle,train,train,36800
a_column_co_driver__run1_2018-05-03-14-08-31.ids_2__vp2__ann76__ch0.jpg,a_column_co_driver,2,vp2/run1_2018-05-03-14-08-31.ids_2,76,0,closing_bottle,bottle,train,train,40681
a_column_co_driver__run2b_2018-05-23-13-54-07.ids_2__vp7__ann36__ch0.jpg,a_column_co_driver,7,vp7/run2b_2018-05-23-13-54-07.ids_2,36,0,opening_bottle,bottle,val,train,14227
a_column_co_driver__run1_2018-05-24-13-14-41.ids_2__vp10__ann30__ch0.jpg,a_column_co_driver,10,vp10/run1_2018-05-24-13-14-41.ids_2,30,0,closing_bottle,bottle,train,train,12018
a_column_co_driver__run1_2018-05-23-13-16-52.ids_2__vp7__ann83__ch0.jpg,a_column_co_driver,7,vp7/run1_2018-05-23-13-16-52.ids_2,83,0,opening_bottle,bottle,val,train,26338
a_column_co_driver__run1_2018-05-23-13-16-52.ids_2__vp7__ann85__ch2.jpg,a_column_co_driver,7,vp7/run1_2018-05-23-13-16-52.ids_2,85,2,closing_bottle,bottle,val,train,27363
a_column_co_driver__run1b_2018-05-29-14-02-47.ids_2__vp1__ann54__ch1.jpg,a_column_co_driver,1,vp1/run1b_2018-05-29-14-02-47.ids_2,54,1,opening_bottle,bottle,train,train,16667
a_column_co_driver__run1_2018-05-30-10-11-09.ids_2__vp14__ann21__ch1.jpg,a_column_co_driver,14,vp14/run1_2018-05-30-10-11-09.ids_2,21,1,closing_bottle,bottle,test,val,11947
a_column_co_driver__run1_2018-05-23-13-16-52.ids_2__vp7__ann13__ch2.jpg,a_column_co_driver,7,vp7/run1_2018-05-23-13-16-52.ids_2,13,2,opening_bottle,bottle,val,train,9697
a_column_co_driver__run1_2018-05-24-13-14-41.ids_2__vp10__ann47__ch0.jpg,a_column_co_driver,10,vp10/run1_2018-05-24-13-14-41.ids_2,47,0,closing_bottle,bottle,train,train,15441
a_column_co_driver__run1_2018-05-30-13-05-35.ids_2__vp15__ann15__ch1.jpg,a_column_co_driver,15,vp15/run1_2018-05-30-13-05-35.ids_2,15,1,opening_bottle,bottle,train,val,8895
a_column_co_driver__run1b_2018-05-23-16-19-17.ids_2__vp9__ann14__ch1.jpg,a_column_co_driver,9,vp9/run1b_2018-05-23-16-19-17.ids_2,14,1,closing_bottle,bottle,test,train,8430
a_column_co_driver__run1_2018-05-23-13-16-52.ids_2__vp7__ann83__ch5.jpg,a_column_co_driver,7,vp7/run1_2018-05-23-13-16-52.ids_2,83,5,opening_bottle,bottle,val,train,26746
a_column_co_driver__run1_2018-05-24-15-44-28.ids_2__vp12__ann35__ch0.jpg,a_column_co_driver,12,vp12/run1_2018-05-24-15-44-28.ids_2,35,0,opening_bottle,bottle,train,train,17279
a_column_co_driver__run1_2018-05-24-13-44-01.ids_2__vp11__ann48__ch1.jpg,a_column_co_driver,11,vp11/run1_2018-05-24-13-44-01.ids_2,48,1,closing_bottle,bottle,train,test,20709
a_column_co_driver__run1b_2018-05-08-08-46-01.ids_2__vp3__ann106__ch0.jpg,a_column_co_driver,3,vp3/run1b_2018-05-08-08-46-01.ids_2,106,0,closing_bottle,bottle,train,train,38337
a_column_co_driver__run1b_2018-05-29-14-02-47.ids_2__vp1__ann115__ch0.jpg,a_column_co_driver,1,vp1/run1b_2018-05-29-14-02-47.ids_2,115,0,closing_bottle,bottle,train,train,29191
a_column_co_driver__run1_2018-05-22-13-28-51.ids_2__vp4__ann28__ch0.jpg,a_column_co_driver,4,vp4/run1_2018-05-22-13-28-51.ids_2,28,0,opening_bottle,bottle,train,train,17381
a_column_co_driver__run1b_2018-05-08-08-46-01.ids_2__vp3__ann87__ch0.jpg,a_column_co_driver,3,vp3/run1b_2018-05-08-08-46-01.ids_2,87,0,opening_bottle,bottle,train,train,34468
a_column_co_driver__run2_2018-05-22-14-25-04.ids_2__vp4__ann20__ch0.jpg,a_column_co_driver,4,vp4/run2_2018-05-22-14-25-04.ids_2,20,0,closing_bottle,bottle,train,train,17746
a_column_co_driver__run2_2018-05-30-11-34-54.ids_2__vp13__ann50__ch3.jpg,a_column_co_driver,13,vp13/run2_2018-05-30-11-34-54.ids_2,50,3,opening_bottle,bottle,train,test,23117
a_column_co_driver__run1_2018-05-24-13-14-41.ids_2__vp10__ann47__ch1.jpg,a_column_co_driver,10,vp10/run1_2018-05-24-13-14-41.ids_2,47,1,closing_bottle,bottle,train,train,15489
a_column_co_driver__run2_2018-05-30-10-42-33.ids_2__vp14__ann99__ch0.jpg,a_column_co_driver,14,vp14/run2_2018-05-30-10-42-33.ids_2,99,0,opening_bottle,bottle,test,val,39721
a_column_co_driver__run2_2018-05-23-11-05-00.ids_2__vp6__ann35__ch1.jpg,a_column_co_driver,6,vp6/run2_2018-05-23-11-05-00.ids_2,35,1,closing_bottle,bottle,train,train,17758
a_column_co_driver__run2_2018-05-30-11-34-54.ids_2__vp13__ann50__ch0.jpg,a_column_co_driver,13,vp13/run2_2018-05-30-11-34-54.ids_2,50,0,opening_bottle,bottle,train,test,22847
a_column_co_driver__run1_2018-05-24-13-44-01.ids_2__vp11__ann45__ch0.jpg,a_column_co_driver,11,vp11/run1_2018-05-24-13-44-01.ids_2,45,0,closing_bottle,bottle,train,test,20457
a_column_co_driver__run2_2018-05-23-15-30-27.ids_2__vp8__ann20__ch0.jpg,a_column_co_driver,8,vp8/run2_2018-05-23-15-30-27.ids_2,20,0,opening_bottle,bottle,val,train,8962
a_column_co_driver__run2_2018-05-22-14-25-04.ids_2__vp4__ann18__ch0.jpg,a_column_co_driver,4,vp4/run2_2018-05-22-14-25-04.ids_2,18,0,opening_bottle,bottle,train,train,17430
a_column_co_driver__run1_2018-05-30-10-11-09.ids_2__vp14__ann19__ch0.jpg,a_column_co_driver,14,vp14/run1_2018-05-30-10-11-09.ids_2,19,0,opening_bottle,bottle,test,val,11481
a_column_co_driver__run2_2018-05-23-15-30-27.ids_2__vp8__ann78__ch0.jpg,a_column_co_driver,8,vp8/run2_2018-05-23-15-30-27.ids_2,78,0,opening_bottle,bottle,val,train,24212
a_column_co_driver__run2_2018-05-24-16-21-35.ids_2__vp12__ann89__ch1.jpg,a_column_co_driver,12,vp12/run2_2018-05-24-16-21-35.ids_2,89,1,closing_bottle,bottle,train,train,35653
a_column_co_driver__run1b_2018-05-08-08-46-01.ids_2__vp3__ann83__ch1.jpg,a_column_co_driver,3,vp3/run1b_2018-05-08-08-46-01.ids_2,83,1,opening_bottle,bottle,train,train,33410
a_column_co_driver__run2_2018-05-30-10-42-33.ids_2__vp14__ann12__ch1.jpg,a_column_co_driver,14,vp14/run2_2018-05-30-10-42-33.ids_2,12,1,closing_bottle,bottle,test,val,7709
a_column_co_driver__run1_2018-05-24-15-44-28.ids_2__vp12__ann71__ch1.jpg,a_column_co_driver,12,vp12/run1_2018-05-24-15-44-28.ids_2,71,1,closing_bottle,bottle,train,train,31305
a_column_co_driver__run2_2018-05-24-16-21-35.ids_2__vp12__ann87__ch1.jpg,a_column_co_driver,12,vp12/run2_2018-05-24-16-21-35.ids_2,87,1,opening_bottle,bottle,train,train,35149
a_column_co_driver__run1b_2018-05-29-14-02-47.ids_2__vp1__ann39__ch0.jpg,a_column_co_driver,1,vp1/run1b_2018-05-29-14-02-47.ids_2,39,0,closing_bottle,bottle,train,train,12643
a_column_co_driver__run2_2018-05-23-15-30-27.ids_2__vp8__ann22__ch0.jpg,a_column_co_driver,8,vp8/run2_2018-05-23-15-30-27.ids_2,22,0,closing_bottle,bottle,val,train,9226
a_column_co_driver__run1_2018-05-23-10-21-45.ids_2__vp6__ann91__ch0.jpg,a_column_co_driver,6,vp6/run1_2018-05-23-10-21-45.ids_2,91,0,closing_bottle,bottle,train,train,46512
a_column_co_driver__run1_2018-05-24-13-44-01.ids_2__vp11__ann43__ch0.jpg,a_column_co_driver,11,vp11/run1_2018-05-24-13-44-01.ids_2,43,0,opening_bottle,bottle,train,test,20000
a_column_co_driver__run2_2018-05-24-16-21-35.ids_2__vp12__ann6__ch1.jpg,a_column_co_driver,12,vp12/run2_2018-05-24-16-21-35.ids_2,6,1,opening_bottle,bottle,train,train,7549
a_column_co_driver__run1b_2018-05-23-16-19-17.ids_2__vp9__ann92__ch1.jpg,a_column_co_driver,9,vp9/run1b_2018-05-23-16-19-17.ids_2,92,1,closing_bottle,bottle,test,train,23621
a_column_co_driver__run1b_2018-05-23-16-19-17.ids_2__vp9__ann19__ch0.jpg,a_column_co_driver,9,vp9/run1b_2018-05-23-16-19-17.ids_2,19,0,closing_bottle,bottle,test,train,9247
a_column_co_driver__run2_2018-05-30-10-42-33.ids_2__vp14__ann81__ch0.jpg,a_column_co_driver,14,vp14/run2_2018-05-30-10-42-33.ids_2,81,0,opening_bottle,bottle,test,val,31942
a_column_co_driver__run1_2018-05-22-13-28-51.ids_2__vp4__ann28__ch1.jpg,a_column_co_driver,4,vp4/run1_2018-05-22-13-28-51.ids_2,28,1,opening_bottle,bottle,train,train,17470
a_column_co_driver__run2_2018-05-24-16-21-35.ids_2__vp12__ann80__ch0.jpg,a_column_co_driver,12,vp12/run2_2018-05-24-16-21-35.ids_2,80,0,closing_bottle,bottle,train,train,32360
a_column_driver__run1b_2018-05-23-16-19-17.ids_5__vp9__ann19__ch0.jpg,a_column_driver,9,vp9/run1b_2018-05-23-16-19-17.ids_5,19,0,closing_bottle,bottle,test,train,9267
a_column_driver__run1_2018-05-30-13-05-35.ids_5__vp15__ann21__ch0.jpg,a_column_driver,15,vp15/run1_2018-05-30-13-05-35.ids_5,21,0,closing_bottle,bottle,train,val,10061
a_column_driver__run1d_2018-05-23-14-54-38.ids_5__vp8__ann64__ch0.jpg,a_column_driver,8,vp8/run1d_2018-05-23-14-54-38.ids_5,64,0,opening_bottle,bottle,val,train,33067
a_column_driver__run2_2018-05-24-14-35-56.ids_5__vp11__ann67__ch0.jpg,a_column_driver,11,vp11/run2_2018-05-24-14-35-56.ids_5,67,0,closing_bottle,bottle,train,test,17040
a_column_driver__run1d_2018-05-23-14-54-38.ids_5__vp8__ann66__ch0.jpg,a_column_driver,8,vp8/run1d_2018-05-23-14-54-38.ids_5,66,0,closing_bottle,bottle,val,train,33405
a_column_driver__run1b_2018-05-08-08-46-01.ids_5__vp3__ann87__ch0.jpg,a_column_driver,3,vp3/run1b_2018-05-08-08-46-01.ids_5,87,0,opening_bottle,bottle,train,train,34466
a_column_driver__run2_2018-05-24-14-35-56.ids_5__vp11__ann13__ch0.jpg,a_column_driver,11,vp11/run2_2018-05-24-14-35-56.ids_5,13,0,opening_bottle,bottle,train,test,6383
a_column_driver__run2_2018-05-30-11-34-54.ids_5__vp13__ann50__ch2.jpg,a_column_driver,13,vp13/run2_2018-05-30-11-34-54.ids_5,50,2,opening_bottle,bottle,train,test,23101
a_column_driver__run1_2018-05-30-10-11-09.ids_5__vp14__ann19__ch0.jpg,a_column_driver,14,vp14/run1_2018-05-30-10-11-09.ids_5,19,0,opening_bottle,bottle,test,val,11494
a_column_driver__run2_2018-05-30-13-34-33.ids_5__vp15__ann35__ch0.jpg,a_column_driver,15,vp15/run2_2018-05-30-13-34-33.ids_5,35,0,closing_bottle,bottle,train,val,12891
a_column_driver__run1b_2018-05-23-16-19-17.ids_5__vp9__ann90__ch0.jpg,a_column_driver,9,vp9/run1b_2018-05-23-16-19-17.ids_5,90,0,opening_bottle,bottle,test,train,23160
a_column_driver__run2_2018-05-23-15-30-27.ids_5__vp8__ann78__ch0.jpg,a_column_driver,8,vp8/run2_2018-05-23-15-30-27.ids_5,78,0,opening_bottle,bottle,val,train,24290
a_column_driver__run2_2018-05-24-16-21-35.ids_5__vp12__ann87__ch1.jpg,a_column_driver,12,vp12/run2_2018-05-24-16-21-35.ids_5,87,1,opening_bottle,bottle,train,train,35282
a_column_driver__run1_2018-05-30-13-05-35.ids_5__vp15__ann77__ch1.jpg,a_column_driver,15,vp15/run1_2018-05-30-13-05-35.ids_5,77,1,opening_bottle,bottle,train,val,20271
a_column_driver__run1_2018-05-22-13-28-51.ids_5__vp4__ann30__ch1.jpg,a_column_driver,4,vp4/run1_2018-05-22-13-28-51.ids_5,30,1,closing_bottle,bottle,train,train,18074
a_column_driver__run1_2018-05-30-13-05-35.ids_5__vp15__ann77__ch0.jpg,a_column_driver,15,vp15/run1_2018-05-30-13-05-35.ids_5,77,0,opening_bottle,bottle,train,val,20203
a_column_driver__run1_2018-05-30-13-05-35.ids_5__vp15__ann79__ch0.jpg,a_column_driver,15,vp15/run1_2018-05-30-13-05-35.ids_5,79,0,closing_bottle,bottle,train,val,20494
a_column_driver__run1_2018-05-24-15-44-28.ids_5__vp12__ann71__ch1.jpg,a_column_driver,12,vp12/run1_2018-05-24-15-44-28.ids_5,71,1,closing_bottle,bottle,train,train,31441
a_column_driver__run2_2018-05-23-15-30-27.ids_5__vp8__ann20__ch0.jpg,a_column_driver,8,vp8/run2_2018-05-23-15-30-27.ids_5,20,0,opening_bottle,bottle,val,train,8989
a_column_driver__run2_2018-05-24-14-35-56.ids_5__vp11__ann11__ch0.jpg,a_column_driver,11,vp11/run2_2018-05-24-14-35-56.ids_5,11,0,opening_bottle,bottle,train,test,6253
a_column_driver__run1b_2018-05-29-14-02-47.ids_5__vp1__ann100__ch0.jpg,a_column_driver,1,vp1/run1b_2018-05-29-14-02-47.ids_5,100,0,closing_bottle,bottle,train,train,27006
a_column_driver__run1_2018-05-24-13-44-01.ids_5__vp11__ann43__ch4.jpg,a_column_driver,11,vp11/run1_2018-05-24-13-44-01.ids_5,43,4,opening_bottle,bottle,train,test,20388
a_column_driver__run1_2018-05-23-13-16-52.ids_5__vp7__ann13__ch1.jpg,a_column_driver,7,vp7/run1_2018-05-23-13-16-52.ids_5,13,1,opening_bottle,bottle,val,train,9890
a_column_driver__run1_2018-05-23-13-16-52.ids_5__vp7__ann13__ch0.jpg,a_column_driver,7,vp7/run1_2018-05-23-13-16-52.ids_5,13,0,opening_bottle,bottle,val,train,9801
a_column_driver__run1b_2018-05-08-08-46-01.ids_5__vp3__ann103__ch0.jpg,a_column_driver,3,vp3/run1b_2018-05-08-08-46-01.ids_5,103,0,opening_bottle,bottle,train,train,38138
a_column_driver__run2_2018-05-24-16-21-35.ids_5__vp12__ann8__ch1.jpg,a_column_driver,12,vp12/run2_2018-05-24-16-21-35.ids_5,8,1,closing_bottle,bottle,train,train,7972
a_column_driver__run1_2018-05-23-13-16-52.ids_5__vp7__ann83__ch4.jpg,a_column_driver,7,vp7/run1_2018-05-23-13-16-52.ids_5,83,4,opening_bottle,bottle,val,train,27431
a_column_driver__run1_2018-05-29-15-21-10.ids_5__vp13__ann47__ch1.jpg,a_column_driver,13,vp13/run1_2018-05-29-15-21-10.ids_5,47,1,closing_bottle,bottle,train,test,25548
a_column_driver__run2b_2018-05-23-13-54-07.ids_5__vp7__ann38__ch1.jpg,a_column_driver,7,vp7/run2b_2018-05-23-13-54-07.ids_5,38,1,closing_bottle,bottle,val,train,15199
a_column_driver__run2_2018-05-24-14-08-46.ids_5__vp10__ann96__ch1.jpg,a_column_driver,10,vp10/run2_2018-05-24-14-08-46.ids_5,96,1,closing_bottle,bottle,train,train,34187
a_column_driver__run1_2018-05-23-13-16-52.ids_5__vp7__ann15__ch1.jpg,a_column_driver,7,vp7/run1_2018-05-23-13-16-52.ids_5,15,1,opening_bottle,bottle,val,train,10148
a_column_driver__run1b_2018-05-23-16-19-17.ids_5__vp9__ann12__ch0.jpg,a_column_driver,9,vp9/run1b_2018-05-23-16-19-17.ids_5,12,0,opening_bottle,bottle,test,train,8143
a_column_driver__run1_2018-05-22-13-28-51.ids_5__vp4__ann30__ch0.jpg,a_column_driver,4,vp4/run1_2018-05-22-13-28-51.ids_5,30,0,closing_bottle,bottle,train,train,18018
a_column_driver__run2b_2018-05-22-15-50-07.ids_5__vp5__ann73__ch0.jpg,a_column_driver,5,vp5/run2b_2018-05-22-15-50-07.ids_5,73,0,closing_bottle,bottle,train,test,27565
a_column_driver__run1b_2018-05-29-14-02-47.ids_5__vp1__ann54__ch0.jpg,a_column_driver,1,vp1/run1b_2018-05-29-14-02-47.ids_5,54,0,opening_bottle,bottle,train,train,16679
a_column_driver__run1_2018-05-23-13-16-52.ids_5__vp7__ann83__ch1.jpg,a_column_driver,7,vp7/run1_2018-05-23-13-16-52.ids_5,83,1,opening_bottle,bottle,val,train,27156
a_column_driver__run1d_2018-05-23-14-54-38.ids_5__vp8__ann87__ch0.jpg,a_column_driver,8,vp8/run1d_2018-05-23-14-54-38.ids_5,87,0,closing_bottle,bottle,val,train,41499
a_column_driver__run1_2018-05-24-13-14-41.ids_5__vp10__ann102__ch0.jpg,a_column_driver,10,vp10/run1_2018-05-24-13-14-41.ids_5,102,0,opening_bottle,bottle,train,train,36797
a_column_driver__run2_2018-05-30-11-34-54.ids_5__vp13__ann57__ch0.jpg,a_column_driver,13,vp13/run2_2018-05-30-11-34-54.ids_5,57,0,closing_bottle,bottle,train,test,24527
a_column_driver__run1_2018-05-24-13-14-41.ids_5__vp10__ann104__ch1.jpg,a_column_driver,10,vp10/run1_2018-05-24-13-14-41.ids_5,104,1,closing_bottle,bottle,train,train,37030
a_column_driver__run2b_2018-05-23-13-54-07.ids_5__vp7__ann38__ch0.jpg,a_column_driver,7,vp7/run2b_2018-05-23-13-54-07.ids_5,38,0,closing_bottle,bottle,val,train,15129
a_column_driver__run2_2018-05-30-10-42-33.ids_5__vp14__ann99__ch1.jpg,a_column_driver,14,vp14/run2_2018-05-30-10-42-33.ids_5,99,1,opening_bottle,bottle,test,val,39932
a_column_driver__run1_2018-05-24-13-44-01.ids_5__vp11__ann76__ch1.jpg,a_column_driver,11,vp11/run1_2018-05-24-13-44-01.ids_5,76,1,opening_bottle,bottle,train,test,30110
a_column_driver__run1_2018-05-30-10-11-09.ids_5__vp14__ann19__ch1.jpg,a_column_driver,14,vp14/run1_2018-05-30-10-11-09.ids_5,19,1,opening_bottle,bottle,test,val,11584
a_column_driver__run2_2018-05-24-14-35-56.ids_5__vp11__ann65__ch1.jpg,a_column_driver,11,vp11/run2_2018-05-24-14-35-56.ids_5,65,1,opening_bottle,bottle,train,test,16878
a_column_driver__run1b_2018-05-23-16-19-17.ids_5__vp9__ann14__ch1.jpg,a_column_driver,9,vp9/run1b_2018-05-23-16-19-17.ids_5,14,1,closing_bottle,bottle,test,train,8445
a_column_driver__run2_2018-05-23-15-30-27.ids_5__vp8__ann22__ch0.jpg,a_column_driver,8,vp8/run2_2018-05-23-15-30-27.ids_5,22,0,closing_bottle,bottle,val,train,9252
a_column_driver__run2_2018-05-29-16-03-37.ids_5__vp3__ann81__ch1.jpg,a_column_driver,3,vp3/run2_2018-05-29-16-03-37.ids_5,81,1,opening_bottle,bottle,train,train,30773
a_column_driver__run2_2018-05-24-16-21-35.ids_5__vp12__ann80__ch0.jpg,a_column_driver,12,vp12/run2_2018-05-24-16-21-35.ids_5,80,0,closing_bottle,bottle,train,train,32481
a_column_driver__run2_2018-05-29-14-33-44.ids_5__vp1__ann45__ch1.jpg,a_column_driver,1,vp1/run2_2018-05-29-14-33-44.ids_5,45,1,opening_bottle,bottle,train,train,21120
a_column_driver__run1b_2018-05-23-16-19-17.ids_5__vp9__ann12__ch1.jpg,a_column_driver,9,vp9/run1b_2018-05-23-16-19-17.ids_5,12,1,opening_bottle,bottle,test,train,8215
a_column_driver__run1_2018-05-22-15-10-41.ids_5__vp5__ann33__ch0.jpg,a_column_driver,5,vp5/run1_2018-05-22-15-10-41.ids_5,33,0,opening_bottle,bottle,train,test,17939
a_column_driver__run1b_2018-05-29-14-02-47.ids_5__vp1__ann113__ch0.jpg,a_column_driver,1,vp1/run1b_2018-05-29-14-02-47.ids_5,113,0,opening_bottle,bottle,train,train,29112
a_column_driver__run2_2018-05-29-14-33-44.ids_5__vp1__ann45__ch0.jpg,a_column_driver,1,vp1/run2_2018-05-29-14-33-44.ids_5,45,0,opening_bottle,bottle,train,train,21071
a_column_driver__run2_2018-05-29-14-33-44.ids_5__vp1__ann47__ch0.jpg,a_column_driver,1,vp1/run2_2018-05-29-14-33-44.ids_5,47,0,closing_bottle,bottle,train,train,21613
a_column_driver__run2_2018-05-24-16-21-35.ids_5__vp12__ann89__ch0.jpg,a_column_driver,12,vp12/run2_2018-05-24-16-21-35.ids_5,89,0,closing_bottle,bottle,train,train,35696
a_column_driver__run2_2018-05-24-16-21-35.ids_5__vp12__ann102__ch0.jpg,a_column_driver,12,vp12/run2_2018-05-24-16-21-35.ids_5,102,0,opening_bottle,bottle,train,train,41195
a_column_driver__run1b_2018-05-29-14-02-47.ids_5__vp1__ann35__ch0.jpg,a_column_driver,1,vp1/run1b_2018-05-29-14-02-47.ids_5,35,0,opening_bottle,bottle,train,train,12148
a_column_driver__run1_2018-05-03-14-08-31.ids_5__vp2__ann76__ch0.jpg,a_column_driver,2,vp2/run1_2018-05-03-14-08-31.ids_5,76,0,closing_bottle,bottle,train,train,40735
a_column_driver__run1_2018-05-23-10-21-45.ids_5__vp6__ann89__ch0.jpg,a_column_driver,6,vp6/run1_2018-05-23-10-21-45.ids_5,89,0,opening_bottle,bottle,train,train,46341
a_column_driver__run1_2018-05-22-13-28-51.ids_5__vp4__ann28__ch0.jpg,a_column_driver,4,vp4/run1_2018-05-22-13-28-51.ids_5,28,0,opening_bottle,bottle,train,train,17390
a_column_driver__run1_2018-05-23-13-16-52.ids_5__vp7__ann13__ch2.jpg,a_column_driver,7,vp7/run1_2018-05-23-13-16-52.ids_5,13,2,opening_bottle,bottle,val,train,9940
a_column_driver__run1_2018-05-24-13-44-01.ids_5__vp11__ann46__ch0.jpg,a_column_driver,11,vp11/run1_2018-05-24-13-44-01.ids_5,46,0,opening_bottle,bottle,train,test,20566
a_column_driver__run1_2018-05-24-13-14-41.ids_5__vp10__ann47__ch0.jpg,a_column_driver,10,vp10/run1_2018-05-24-13-14-41.ids_5,47,0,closing_bottle,bottle,train,train,15497
a_column_driver__run2_2018-05-30-13-34-33.ids_5__vp15__ann22__ch1.jpg,a_column_driver,15,vp15/run2_2018-05-30-13-34-33.ids_5,22,1,opening_bottle,bottle,train,val,11339
a_column_driver__run1b_2018-05-29-14-02-47.ids_5__vp1__ann115__ch0.jpg,a_column_driver,1,vp1/run1b_2018-05-29-14-02-47.ids_5,115,0,closing_bottle,bottle,train,train,29327
a_column_driver__run1_2018-05-30-13-05-35.ids_5__vp15__ann21__ch1.jpg,a_column_driver,15,vp15/run1_2018-05-30-13-05-35.ids_5,21,1,closing_bottle,bottle,train,val,10110
a_column_driver__run1b_2018-05-23-16-19-17.ids_5__vp9__ann90__ch1.jpg,a_column_driver,9,vp9/run1b_2018-05-23-16-19-17.ids_5,90,1,opening_bottle,bottle,test,train,23221
a_column_driver__run2_2018-05-23-11-05-00.ids_5__vp6__ann33__ch1.jpg,a_column_driver,6,vp6/run2_2018-05-23-11-05-00.ids_5,33,1,opening_bottle,bottle,train,train,17490
a_column_driver__run1b_2018-05-08-08-46-01.ids_5__vp3__ann83__ch0.jpg,a_column_driver,3,vp3/run1b_2018-05-08-08-46-01.ids_5,83,0,opening_bottle,bottle,train,train,33344
a_column_driver__run1_2018-05-24-13-44-01.ids_5__vp11__ann48__ch1.jpg,a_column_driver,11,vp11/run1_2018-05-24-13-44-01.ids_5,48,1,closing_bottle,bottle,train,test,20776
a_column_driver__run2_2018-05-24-14-35-56.ids_5__vp11__ann44__ch0.jpg,a_column_driver,11,vp11/run2_2018-05-24-14-35-56.ids_5,44,0,opening_bottle,bottle,train,test,12587
a_column_driver__run2_2018-05-24-16-21-35.ids_5__vp12__ann8__ch0.jpg,a_column_driver,12,vp12/run2_2018-05-24-16-21-35.ids_5,8,0,closing_bottle,bottle,train,train,7886
a_column_driver__run2_2018-05-22-14-25-04.ids_5__vp4__ann20__ch0.jpg,a_column_driver,4,vp4/run2_2018-05-22-14-25-04.ids_5,20,0,closing_bottle,bottle,train,train,17751
a_column_driver__run1_2018-05-22-15-10-41.ids_5__vp5__ann36__ch0.jpg,a_column_driver,5,vp5/run1_2018-05-22-15-10-41.ids_5,36,0,closing_bottle,bottle,train,test,19031
a_column_driver__run2_2018-05-24-16-21-35.ids_5__vp12__ann104__ch0.jpg,a_column_driver,12,vp12/run2_2018-05-24-16-21-35.ids_5,104,0,closing_bottle,bottle,train,train,41468
a_column_driver__run2_2018-05-24-16-21-35.ids_5__vp12__ann78__ch0.jpg,a_column_driver,12,vp12/run2_2018-05-24-16-21-35.ids_5,78,0,opening_bottle,bottle,train,train,32140
a_column_driver__run1_2018-05-24-13-44-01.ids_5__vp11__ann43__ch0.jpg,a_column_driver,11,vp11/run1_2018-05-24-13-44-01.ids_5,43,0,opening_bottle,bottle,train,test,20056
a_column_driver__run1_2018-05-30-10-11-09.ids_5__vp14__ann52__ch0.jpg,a_column_driver,14,vp14/run1_2018-05-30-10-11-09.ids_5,52,0,opening_bottle,bottle,test,val,23734
a_column_driver__run1_2018-05-23-13-16-52.ids_5__vp7__ann83__ch5.jpg,a_column_driver,7,vp7/run1_2018-05-23-13-16-52.ids_5,83,5,opening_bottle,bottle,val,train,27484
a_column_driver__run2_2018-05-24-17-22-26.ids_5__vp2__ann43__ch0.jpg,a_column_driver,2,vp2/run2_2018-05-24-17-22-26.ids_5,43,0,closing_bottle,bottle,train,train,21496
a_column_driver__run1_2018-05-23-10-21-45.ids_5__vp6__ann91__ch0.jpg,a_column_driver,6,vp6/run1_2018-05-23-10-21-45.ids_5,91,0,closing_bottle,bottle,train,train,46644
a_column_driver__run1_2018-05-24-13-14-41.ids_5__vp10__ann13__ch0.jpg,a_column_driver,10,vp10/run1_2018-05-24-13-14-41.ids_5,13,0,closing_bottle,bottle,train,train,9304
a_column_driver__run1_2018-05-24-13-14-41.ids_5__vp10__ann47__ch1.jpg,a_column_driver,10,vp10/run1_2018-05-24-13-14-41.ids_5,47,1,closing_bottle,bottle,train,train,15546
a_column_driver__run1_2018-05-24-13-14-41.ids_5__vp10__ann45__ch0.jpg,a_column_driver,10,vp10/run1_2018-05-24-13-14-41.ids_5,45,0,opening_bottle,bottle,train,train,15331
a_column_driver__run1b_2018-05-23-16-19-17.ids_5__vp9__ann92__ch1.jpg,a_column_driver,9,vp9/run1b_2018-05-23-16-19-17.ids_5,92,1,closing_bottle,bottle,test,train,23693
a_column_driver__run1_2018-05-23-13-16-52.ids_5__vp7__ann15__ch0.jpg,a_column_driver,7,vp7/run1_2018-05-23-13-16-52.ids_5,15,0,opening_bottle,bottle,val,train,10082
a_column_driver__run2_2018-05-30-11-34-54.ids_5__vp13__ann50__ch5.jpg,a_column_driver,13,vp13/run2_2018-05-30-11-34-54.ids_5,50,5,opening_bottle,bottle,train,test,23335
a_column_driver__run1b_2018-05-08-08-46-01.ids_5__vp3__ann77__ch0.jpg,a_column_driver,3,vp3/run1b_2018-05-08-08-46-01.ids_5,77,0,closing_bottle,bottle,train,train,31858
a_column_driver__run1_2018-05-03-14-08-31.ids_5__vp2__ann72__ch0.jpg,a_column_driver,2,vp2/run1_2018-05-03-14-08-31.ids_5,72,0,opening_bottle,bottle,train,train,39884
a_column_driver__run1_2018-05-23-13-16-52.ids_5__vp7__ann85__ch0.jpg,a_column_driver,7,vp7/run1_2018-05-23-13-16-52.ids_5,85,0,closing_bottle,bottle,val,train,27939
a_column_driver__run1_2018-05-30-10-11-09.ids_5__vp14__ann21__ch1.jpg,a_column_driver,14,vp14/run1_2018-05-30-10-11-09.ids_5,21,1,closing_bottle,bottle,test,val,11964
a_column_driver__run1b_2018-05-23-16-19-17.ids_5__vp9__ann19__ch1.jpg,a_column_driver,9,vp9/run1b_2018-05-23-16-19-17.ids_5,19,1,closing_bottle,bottle,test,train,9319
a_column_driver__run1b_2018-05-08-08-46-01.ids_5__vp3__ann106__ch0.jpg,a_column_driver,3,vp3/run1b_2018-05-08-08-46-01.ids_5,106,0,closing_bottle,bottle,train,train,38343
a_column_driver__run1b_2018-05-23-16-19-17.ids_5__vp9__ann17__ch1.jpg,a_column_driver,9,vp9/run1b_2018-05-23-16-19-17.ids_5,17,1,opening_bottle,bottle,test,train,9082
a_column_driver__run1_2018-05-23-13-16-52.ids_5__vp7__ann83__ch2.jpg,a_column_driver,7,vp7/run1_2018-05-23-13-16-52.ids_5,83,2,opening_bottle,bottle,val,train,27249
a_column_driver__run1_2018-05-29-15-21-10.ids_5__vp13__ann45__ch5.jpg,a_column_driver,13,vp13/run1_2018-05-29-15-21-10.ids_5,45,5,opening_bottle,bottle,train,test,25050
a_column_driver__run1_2018-05-24-13-14-41.ids_5__vp10__ann13__ch1.jpg,a_column_driver,10,vp10/run1_2018-05-24-13-14-41.ids_5,13,1,closing_bottle,bottle,train,train,9352
a_column_driver__run2_2018-05-23-11-05-00.ids_5__vp6__ann48__ch0.jpg,a_column_driver,6,vp6/run2_2018-05-23-11-05-00.ids_5,48,0,opening_bottle,bottle,train,train,26302
a_column_driver__run2_2018-05-24-14-08-46.ids_5__vp10__ann94__ch0.jpg,a_column_driver,10,vp10/run2_2018-05-24-14-08-46.ids_5,94,0,opening_bottle,bottle,train,train,33778
ceiling__run1b_2018-05-23-16-19-17.ids_3__vp9__ann14__ch0.jpg,ceiling,9,vp9/run1b_2018-05-23-16-19-17.ids_3,14,0,closing_bottle,bottle,test,train,8365
ceiling__run1_2018-05-23-13-16-52.ids_3__vp7__ann13__ch0.jpg,ceiling,7,vp7/run1_2018-05-23-13-16-52.ids_3,13,0,opening_bottle,bottle,val,train,9599
ceiling__run2_2018-05-30-10-42-33.ids_3__vp14__ann99__ch0.jpg,ceiling,14,vp14/run2_2018-05-30-10-42-33.ids_3,99,0,opening_bottle,bottle,test,val,39771
ceiling__run2_2018-05-24-16-21-35.ids_3__vp12__ann80__ch0.jpg,ceiling,12,vp12/run2_2018-05-24-16-21-35.ids_3,80,0,closing_bottle,bottle,train,train,32372
ceiling__run1_2018-05-24-13-44-01.ids_3__vp11__ann43__ch1.jpg,ceiling,11,vp11/run1_2018-05-24-13-44-01.ids_3,43,1,opening_bottle,bottle,train,test,20115
ceiling__run1_2018-05-22-15-10-41.ids_3__vp5__ann36__ch1.jpg,ceiling,5,vp5/run1_2018-05-22-15-10-41.ids_3,36,1,closing_bottle,bottle,train,test,19120
ceiling__run1_2018-05-29-15-21-10.ids_3__vp13__ann45__ch3.jpg,ceiling,13,vp13/run1_2018-05-29-15-21-10.ids_3,45,3,opening_bottle,bottle,train,test,24840
ceiling__run2_2018-05-24-14-08-46.ids_3__vp10__ann96__ch1.jpg,ceiling,10,vp10/run2_2018-05-24-14-08-46.ids_3,96,1,closing_bottle,bottle,train,train,34127
ceiling__run1_2018-05-22-15-10-41.ids_3__vp5__ann33__ch3.jpg,ceiling,5,vp5/run1_2018-05-22-15-10-41.ids_3,33,3,opening_bottle,bottle,train,test,18206
ceiling__run1_2018-05-24-13-14-41.ids_3__vp10__ann11__ch0.jpg,ceiling,10,vp10/run1_2018-05-24-13-14-41.ids_3,11,0,opening_bottle,bottle,train,train,9050
ceiling__run1_2018-05-30-13-05-35.ids_3__vp15__ann79__ch0.jpg,ceiling,15,vp15/run1_2018-05-30-13-05-35.ids_3,79,0,closing_bottle,bottle,train,val,20446
ceiling__run2_2018-05-30-13-34-33.ids_3__vp15__ann33__ch0.jpg,ceiling,15,vp15/run2_2018-05-30-13-34-33.ids_3,33,0,opening_bottle,bottle,train,val,12703
ceiling__run1b_2018-05-29-14-02-47.ids_3__vp1__ann100__ch1.jpg,ceiling,1,vp1/run1b_2018-05-29-14-02-47.ids_3,100,1,closing_bottle,bottle,train,train,26990
ceiling__run2_2018-05-30-10-42-33.ids_3__vp14__ann99__ch1.jpg,ceiling,14,vp14/run2_2018-05-30-10-42-33.ids_3,99,1,opening_bottle,bottle,test,val,39831
ceiling__run2_2018-05-24-14-08-46.ids_3__vp10__ann94__ch0.jpg,ceiling,10,vp10/run2_2018-05-24-14-08-46.ids_3,94,0,opening_bottle,bottle,train,train,33717
ceiling__run2_2018-05-30-13-34-33.ids_3__vp15__ann35__ch0.jpg,ceiling,15,vp15/run2_2018-05-30-13-34-33.ids_3,35,0,closing_bottle,bottle,train,val,12846
ceiling__run2_2018-05-29-14-33-44.ids_3__vp1__ann45__ch1.jpg,ceiling,1,vp1/run2_2018-05-29-14-33-44.ids_3,45,1,opening_bottle,bottle,train,train,21060
ceiling__run2b_2018-05-23-13-54-07.ids_3__vp7__ann38__ch1.jpg,ceiling,7,vp7/run2b_2018-05-23-13-54-07.ids_3,38,1,closing_bottle,bottle,val,train,14990
ceiling__run1b_2018-05-08-08-46-01.ids_3__vp3__ann106__ch0.jpg,ceiling,3,vp3/run1b_2018-05-08-08-46-01.ids_3,106,0,closing_bottle,bottle,train,train,38376
ceiling__run1_2018-05-29-15-21-10.ids_3__vp13__ann47__ch0.jpg,ceiling,13,vp13/run1_2018-05-29-15-21-10.ids_3,47,0,closing_bottle,bottle,train,test,25405
ceiling__run1_2018-05-29-15-21-10.ids_3__vp13__ann45__ch2.jpg,ceiling,13,vp13/run1_2018-05-29-15-21-10.ids_3,45,2,opening_bottle,bottle,train,test,24750
ceiling__run2b_2018-05-22-15-50-07.ids_3__vp5__ann71__ch0.jpg,ceiling,5,vp5/run2b_2018-05-22-15-50-07.ids_3,71,0,opening_bottle,bottle,train,test,27268
ceiling__run2b_2018-05-23-13-54-07.ids_3__vp7__ann36__ch0.jpg,ceiling,7,vp7/run2b_2018-05-23-13-54-07.ids_3,36,0,opening_bottle,bottle,val,train,14410
ceiling__run2_2018-05-24-14-35-56.ids_3__vp11__ann11__ch0.jpg,ceiling,11,vp11/run2_2018-05-24-14-35-56.ids_3,11,0,opening_bottle,bottle,train,test,6242
ceiling__run2_2018-05-30-11-34-54.ids_3__vp13__ann50__ch0.jpg,ceiling,13,vp13/run2_2018-05-30-11-34-54.ids_3,50,0,opening_bottle,bottle,train,test,22861
ceiling__run1_2018-05-23-13-16-52.ids_3__vp7__ann85__ch1.jpg,ceiling,7,vp7/run1_2018-05-23-13-16-52.ids_3,85,1,closing_bottle,bottle,val,train,27501
ceiling__run1_2018-05-23-13-16-52.ids_3__vp7__ann13__ch1.jpg,ceiling,7,vp7/run1_2018-05-23-13-16-52.ids_3,13,1,opening_bottle,bottle,val,train,9688
ceiling__run2_2018-05-24-16-21-35.ids_3__vp12__ann6__ch1.jpg,ceiling,12,vp12/run2_2018-05-24-16-21-35.ids_3,6,1,opening_bottle,bottle,train,train,7566
ceiling__run2_2018-05-23-11-05-00.ids_3__vp6__ann50__ch0.jpg,ceiling,6,vp6/run2_2018-05-23-11-05-00.ids_3,50,0,closing_bottle,bottle,train,train,26431
ceiling__run2_2018-05-24-16-21-35.ids_3__vp12__ann89__ch0.jpg,ceiling,12,vp12/run2_2018-05-24-16-21-35.ids_3,89,0,closing_bottle,bottle,train,train,35574
ceiling__run2_2018-05-23-11-05-00.ids_3__vp6__ann35__ch0.jpg,ceiling,6,vp6/run2_2018-05-23-11-05-00.ids_3,35,0,closing_bottle,bottle,train,train,17718
ceiling__run1_2018-05-22-13-28-51.ids_3__vp4__ann30__ch1.jpg,ceiling,4,vp4/run1_2018-05-22-13-28-51.ids_3,30,1,closing_bottle,bottle,train,train,18071
ceiling__run1d_2018-05-23-14-54-38.ids_3__vp8__ann64__ch0.jpg,ceiling,8,vp8/run1d_2018-05-23-14-54-38.ids_3,64,0,opening_bottle,bottle,val,train,32997
ceiling__run2_2018-05-24-16-21-35.ids_3__vp12__ann8__ch1.jpg,ceiling,12,vp12/run2_2018-05-24-16-21-35.ids_3,8,1,closing_bottle,bottle,train,train,7961
ceiling__run1_2018-05-22-15-10-41.ids_3__vp5__ann36__ch0.jpg,ceiling,5,vp5/run1_2018-05-22-15-10-41.ids_3,36,0,closing_bottle,bottle,train,test,19032
ceiling__run1_2018-05-23-13-16-52.ids_3__vp7__ann83__ch3.jpg,ceiling,7,vp7/run1_2018-05-23-13-16-52.ids_3,83,3,opening_bottle,bottle,val,train,26828
ceiling__run1_2018-05-03-14-08-31.ids_3__vp2__ann76__ch0.jpg,ceiling,2,vp2/run1_2018-05-03-14-08-31.ids_3,76,0,closing_bottle,bottle,train,train,40759
ceiling__run2_2018-05-24-14-08-46.ids_3__vp10__ann96__ch0.jpg,ceiling,10,vp10/run2_2018-05-24-14-08-46.ids_3,96,0,closing_bottle,bottle,train,train,34037
ceiling__run2_2018-05-23-15-30-27.ids_3__vp8__ann78__ch0.jpg,ceiling,8,vp8/run2_2018-05-23-15-30-27.ids_3,78,0,opening_bottle,bottle,val,train,24247
ceiling__run1b_2018-05-29-14-02-47.ids_3__vp1__ann39__ch0.jpg,ceiling,1,vp1/run1b_2018-05-29-14-02-47.ids_3,39,0,closing_bottle,bottle,train,train,12648
ceiling__run1_2018-05-24-13-14-41.ids_3__vp10__ann102__ch0.jpg,ceiling,10,vp10/run1_2018-05-24-13-14-41.ids_3,102,0,opening_bottle,bottle,train,train,36723
ceiling__run2_2018-05-24-16-21-35.ids_3__vp12__ann87__ch0.jpg,ceiling,12,vp12/run2_2018-05-24-16-21-35.ids_3,87,0,opening_bottle,bottle,train,train,35071
ceiling__run1b_2018-05-08-08-46-01.ids_3__vp3__ann83__ch0.jpg,ceiling,3,vp3/run1b_2018-05-08-08-46-01.ids_3,83,0,opening_bottle,bottle,train,train,33368
ceiling__run2_2018-05-30-11-34-54.ids_3__vp13__ann57__ch0.jpg,ceiling,13,vp13/run2_2018-05-30-11-34-54.ids_3,57,0,closing_bottle,bottle,train,test,24462
ceiling__run1_2018-05-30-10-11-09.ids_3__vp14__ann52__ch1.jpg,ceiling,14,vp14/run1_2018-05-30-10-11-09.ids_3,52,1,opening_bottle,bottle,test,val,23785
ceiling__run1b_2018-05-23-16-19-17.ids_3__vp9__ann19__ch1.jpg,ceiling,9,vp9/run1b_2018-05-23-16-19-17.ids_3,19,1,closing_bottle,bottle,test,train,9299
ceiling__run2b_2018-05-22-15-50-07.ids_3__vp5__ann80__ch0.jpg,ceiling,5,vp5/run2b_2018-05-22-15-50-07.ids_3,80,0,closing_bottle,bottle,train,test,29228
ceiling__run1_2018-05-23-13-16-52.ids_3__vp7__ann83__ch2.jpg,ceiling,7,vp7/run1_2018-05-23-13-16-52.ids_3,83,2,opening_bottle,bottle,val,train,26735
ceiling__run1b_2018-05-08-08-46-01.ids_3__vp3__ann103__ch0.jpg,ceiling,3,vp3/run1b_2018-05-08-08-46-01.ids_3,103,0,opening_bottle,bottle,train,train,38170
ceiling__run1b_2018-05-29-14-02-47.ids_3__vp1__ann54__ch1.jpg,ceiling,1,vp1/run1b_2018-05-29-14-02-47.ids_3,54,1,opening_bottle,bottle,train,train,16669
ceiling__run1_2018-05-30-10-11-09.ids_3__vp14__ann21__ch0.jpg,ceiling,14,vp14/run1_2018-05-30-10-11-09.ids_3,21,0,closing_bottle,bottle,test,val,11885
ceiling__run1_2018-05-24-13-44-01.ids_3__vp11__ann45__ch0.jpg,ceiling,11,vp11/run1_2018-05-24-13-44-01.ids_3,45,0,closing_bottle,bottle,train,test,20488
ceiling__run1_2018-05-23-13-16-52.ids_3__vp7__ann17__ch0.jpg,ceiling,7,vp7/run1_2018-05-23-13-16-52.ids_3,17,0,closing_bottle,bottle,val,train,10342
ceiling__run1_2018-05-24-13-14-41.ids_3__vp10__ann30__ch0.jpg,ceiling,10,vp10/run1_2018-05-24-13-14-41.ids_3,30,0,closing_bottle,bottle,train,train,12033
ceiling__run2b_2018-05-22-15-50-07.ids_3__vp5__ann73__ch0.jpg,ceiling,5,vp5/run2b_2018-05-22-15-50-07.ids_3,73,0,closing_bottle,bottle,train,test,27576
ceiling__run2_2018-05-23-15-30-27.ids_3__vp8__ann20__ch0.jpg,ceiling,8,vp8/run2_2018-05-23-15-30-27.ids_3,20,0,opening_bottle,bottle,val,train,8963
ceiling__run1_2018-05-24-13-14-41.ids_3__vp10__ann28__ch1.jpg,ceiling,10,vp10/run1_2018-05-24-13-14-41.ids_3,28,1,opening_bottle,bottle,train,train,11903
ceiling__run2_2018-05-30-11-34-54.ids_3__vp13__ann51__ch0.jpg,ceiling,13,vp13/run2_2018-05-30-11-34-54.ids_3,51,0,closing_bottle,bottle,train,test,23297
ceiling__run1_2018-05-24-13-44-01.ids_3__vp11__ann48__ch0.jpg,ceiling,11,vp11/run1_2018-05-24-13-44-01.ids_3,48,0,closing_bottle,bottle,train,test,20673
ceiling__run1_2018-05-23-10-21-45.ids_3__vp6__ann89__ch0.jpg,ceiling,6,vp6/run1_2018-05-23-10-21-45.ids_3,89,0,opening_bottle,bottle,train,train,46226
ceiling__run1_2018-05-23-10-21-45.ids_3__vp6__ann91__ch1.jpg,ceiling,6,vp6/run1_2018-05-23-10-21-45.ids_3,91,1,closing_bottle,bottle,train,train,46581
ceiling__run2_2018-05-30-10-42-33.ids_3__vp14__ann101__ch0.jpg,ceiling,14,vp14/run2_2018-05-30-10-42-33.ids_3,101,0,closing_bottle,bottle,test,val,40203
ceiling__run1_2018-05-24-15-44-28.ids_3__vp12__ann37__ch0.jpg,ceiling,12,vp12/run1_2018-05-24-15-44-28.ids_3,37,0,closing_bottle,bottle,train,train,17616
ceiling__run1_2018-05-22-13-28-51.ids_3__vp4__ann28__ch2.jpg,ceiling,4,vp4/run1_2018-05-22-13-28-51.ids_3,28,2,opening_bottle,bottle,train,train,17564
ceiling__run1_2018-05-30-10-11-09.ids_3__vp14__ann19__ch1.jpg,ceiling,14,vp14/run1_2018-05-30-10-11-09.ids_3,19,1,opening_bottle,bottle,test,val,11573
ceiling__run1_2018-05-30-13-05-35.ids_3__vp15__ann79__ch1.jpg,ceiling,15,vp15/run1_2018-05-30-13-05-35.ids_3,79,1,closing_bottle,bottle,train,val,20539
ceiling__run2_2018-05-30-10-42-33.ids_3__vp14__ann81__ch0.jpg,ceiling,14,vp14/run2_2018-05-30-10-42-33.ids_3,81,0,opening_bottle,bottle,test,val,31990
ceiling__run1_2018-05-23-13-16-52.ids_3__vp7__ann83__ch5.jpg,ceiling,7,vp7/run1_2018-05-23-13-16-52.ids_3,83,5,opening_bottle,bottle,val,train,26972
ceiling__run1b_2018-05-08-08-46-01.ids_3__vp3__ann83__ch1.jpg,ceiling,3,vp3/run1b_2018-05-08-08-46-01.ids_3,83,1,opening_bottle,bottle,train,train,33434
ceiling__run2_2018-05-23-11-05-00.ids_3__vp6__ann33__ch1.jpg,ceiling,6,vp6/run2_2018-05-23-11-05-00.ids_3,33,1,opening_bottle,bottle,train,train,17430
ceiling__run1_2018-05-24-13-44-01.ids_3__vp11__ann43__ch2.jpg,ceiling,11,vp11/run1_2018-05-24-13-44-01.ids_3,43,2,opening_bottle,bottle,train,test,20205
ceiling__run2_2018-05-24-16-21-35.ids_3__vp12__ann28__ch0.jpg,ceiling,12,vp12/run2_2018-05-24-16-21-35.ids_3,28,0,closing_bottle,bottle,train,train,12969
ceiling__run1_2018-05-22-13-28-51.ids_3__vp4__ann30__ch0.jpg,ceiling,4,vp4/run1_2018-05-22-13-28-51.ids_3,30,0,closing_bottle,bottle,train,train,18015
ceiling__run2_2018-05-24-16-21-35.ids_3__vp12__ann26__ch0.jpg,ceiling,12,vp12/run2_2018-05-24-16-21-35.ids_3,26,0,opening_bottle,bottle,train,train,12286
ceiling__run1_2018-05-30-13-05-35.ids_3__vp15__ann21__ch1.jpg,ceiling,15,vp15/run1_2018-05-30-13-05-35.ids_3,21,1,closing_bottle,bottle,train,val,10080
ceiling__run1b_2018-05-29-14-02-47.ids_3__vp1__ann56__ch0.jpg,ceiling,1,vp1/run1b_2018-05-29-14-02-47.ids_3,56,0,closing_bottle,bottle,train,train,16976
ceiling__run2_2018-05-24-16-21-35.ids_3__vp12__ann87__ch1.jpg,ceiling,12,vp12/run2_2018-05-24-16-21-35.ids_3,87,1,opening_bottle,bottle,train,train,35156
ceiling__run1b_2018-05-23-16-19-17.ids_3__vp9__ann90__ch0.jpg,ceiling,9,vp9/run1b_2018-05-23-16-19-17.ids_3,90,0,opening_bottle,bottle,test,train,23107
ceiling__run2_2018-05-30-13-34-33.ids_3__vp15__ann22__ch1.jpg,ceiling,15,vp15/run2_2018-05-30-13-34-33.ids_3,22,1,opening_bottle,bottle,train,val,11307
ceiling__run2_2018-05-24-14-08-46.ids_3__vp10__ann96__ch2.jpg,ceiling,10,vp10/run2_2018-05-24-14-08-46.ids_3,96,2,closing_bottle,bottle,train,train,34202
ceiling__run1_2018-05-24-15-44-28.ids_3__vp12__ann35__ch0.jpg,ceiling,12,vp12/run1_2018-05-24-15-44-28.ids_3,35,0,opening_bottle,bottle,train,train,17288
ceiling__run1_2018-05-03-14-08-31.ids_3__vp2__ann72__ch0.jpg,ceiling,2,vp2/run1_2018-05-03-14-08-31.ids_3,72,0,opening_bottle,bottle,train,train,39909
ceiling__run2_2018-05-30-10-42-33.ids_3__vp14__ann10__ch1.jpg,ceiling,14,vp14/run2_2018-05-30-10-42-33.ids_3,10,1,opening_bottle,bottle,test,val,7439
ceiling__run1_2018-05-30-13-05-35.ids_3__vp15__ann15__ch1.jpg,ceiling,15,vp15/run1_2018-05-30-13-05-35.ids_3,15,1,opening_bottle,bottle,train,val,8917
ceiling__run1b_2018-05-29-14-02-47.ids_3__vp1__ann54__ch0.jpg,ceiling,1,vp1/run1b_2018-05-29-14-02-47.ids_3,54,0,opening_bottle,bottle,train,train,16618
ceiling__run2_2018-05-29-14-33-44.ids_3__vp1__ann45__ch0.jpg,ceiling,1,vp1/run2_2018-05-29-14-33-44.ids_3,45,0,opening_bottle,bottle,train,train,21011
ceiling__run1b_2018-05-23-16-19-17.ids_3__vp9__ann92__ch1.jpg,ceiling,9,vp9/run1b_2018-05-23-16-19-17.ids_3,92,1,closing_bottle,bottle,test,train,23633
ceiling__run2_2018-05-24-14-35-56.ids_3__vp11__ann67__ch1.jpg,ceiling,11,vp11/run2_2018-05-24-14-35-56.ids_3,67,1,closing_bottle,bottle,train,test,17038
ceiling__run2_2018-05-22-14-25-04.ids_3__vp4__ann18__ch0.jpg,ceiling,4,vp4/run2_2018-05-22-14-25-04.ids_3,18,0,opening_bottle,bottle,train,train,17464
ceiling__run2_2018-05-24-16-21-35.ids_3__vp12__ann78__ch0.jpg,ceiling,12,vp12/run2_2018-05-24-16-21-35.ids_3,78,0,opening_bottle,bottle,train,train,32031
ceiling__run2_2018-05-24-14-35-56.ids_3__vp11__ann65__ch0.jpg,ceiling,11,vp11/run2_2018-05-24-14-35-56.ids_3,65,0,opening_bottle,bottle,train,test,16766
ceiling__run1_2018-05-23-13-16-52.ids_3__vp7__ann13__ch2.jpg,ceiling,7,vp7/run1_2018-05-23-13-16-52.ids_3,13,2,opening_bottle,bottle,val,train,9735
ceiling__run1_2018-05-24-13-14-41.ids_3__vp10__ann47__ch1.jpg,ceiling,10,vp10/run1_2018-05-24-13-14-41.ids_3,47,1,closing_bottle,bottle,train,train,15520
ceiling__run2_2018-05-30-11-34-54.ids_3__vp13__ann50__ch2.jpg,ceiling,13,vp13/run2_2018-05-30-11-34-54.ids_3,50,2,opening_bottle,bottle,train,test,23042
ceiling__run2_2018-05-23-11-05-00.ids_3__vp6__ann48__ch0.jpg,ceiling,6,vp6/run2_2018-05-23-11-05-00.ids_3,48,0,opening_bottle,bottle,train,train,26236
ceiling__run1_2018-05-29-15-21-10.ids_3__vp13__ann45__ch0.jpg,ceiling,13,vp13/run1_2018-05-29-15-21-10.ids_3,45,0,opening_bottle,bottle,train,test,24569
ceiling__run1_2018-05-24-13-14-41.ids_3__vp10__ann104__ch0.jpg,ceiling,10,vp10/run1_2018-05-24-13-14-41.ids_3,104,0,closing_bottle,bottle,train,train,36904
ceiling__run1b_2018-05-08-08-46-01.ids_3__vp3__ann77__ch0.jpg,ceiling,3,vp3/run1b_2018-05-08-08-46-01.ids_3,77,0,closing_bottle,bottle,train,train,31885
ceiling__run2_2018-05-30-10-42-33.ids_3__vp14__ann12__ch0.jpg,ceiling,14,vp14/run2_2018-05-30-10-42-33.ids_3,12,0,closing_bottle,bottle,test,val,7664
ceiling__run2_2018-05-24-16-21-35.ids_3__vp12__ann89__ch2.jpg,ceiling,12,vp12/run2_2018-05-24-16-21-35.ids_3,89,2,closing_bottle,bottle,train,train,35751
inner_mirror__run2b_2018-05-23-13-54-07.ids_1__vp7__ann38__ch0.jpg,inner_mirror,7,vp7/run2b_2018-05-23-13-54-07.ids_1,38,0,closing_bottle,bottle,val,train,14836
inner_mirror__run1_2018-05-22-13-28-51.ids_1__vp4__ann30__ch0.jpg,inner_mirror,4,vp4/run1_2018-05-22-13-28-51.ids_1,30,0,closing_bottle,bottle,train,train,18038
inner_mirror__run1_2018-05-22-13-28-51.ids_1__vp4__ann28__ch1.jpg,inner_mirror,4,vp4/run1_2018-05-22-13-28-51.ids_1,28,1,opening_bottle,bottle,train,train,17498
inner_mirror__run1_2018-05-23-13-16-52.ids_1__vp7__ann85__ch1.jpg,inner_mirror,7,vp7/run1_2018-05-23-13-16-52.ids_1,85,1,closing_bottle,bottle,val,train,27507
inner_mirror__run1_2018-05-23-10-21-45.ids_1__vp6__ann91__ch1.jpg,inner_mirror,6,vp6/run1_2018-05-23-10-21-45.ids_1,91,1,closing_bottle,bottle,train,train,46599
inner_mirror__run2_2018-05-22-14-25-04.ids_1__vp4__ann20__ch1.jpg,inner_mirror,4,vp4/run2_2018-05-22-14-25-04.ids_1,20,1,closing_bottle,bottle,train,train,17848
inner_mirror__run1_2018-05-22-15-10-41.ids_1__vp5__ann33__ch2.jpg,inner_mirror,5,vp5/run1_2018-05-22-15-10-41.ids_1,33,2,opening_bottle,bottle,train,test,18114
inner_mirror__run2b_2018-05-22-15-50-07.ids_1__vp5__ann80__ch0.jpg,inner_mirror,5,vp5/run2b_2018-05-22-15-50-07.ids_1,80,0,closing_bottle,bottle,train,test,29230
inner_mirror__run1_2018-05-23-13-16-52.ids_1__vp7__ann83__ch1.jpg,inner_mirror,7,vp7/run1_2018-05-23-13-16-52.ids_1,83,1,opening_bottle,bottle,val,train,26655
inner_mirror__run1b_2018-05-23-16-19-17.ids_1__vp9__ann17__ch0.jpg,inner_mirror,9,vp9/run1b_2018-05-23-16-19-17.ids_1,17,0,opening_bottle,bottle,test,train,8974
inner_mirror__run2_2018-05-30-11-34-54.ids_1__vp13__ann55__ch0.jpg,inner_mirror,13,vp13/run2_2018-05-30-11-34-54.ids_1,55,0,opening_bottle,bottle,train,test,24061
inner_mirror__run1_2018-05-24-13-44-01.ids_1__vp11__ann45__ch0.jpg,inner_mirror,11,vp11/run1_2018-05-24-13-44-01.ids_1,45,0,closing_bottle,bottle,train,test,20484
inner_mirror__run2_2018-05-24-14-35-56.ids_1__vp11__ann46__ch1.jpg,inner_mirror,11,vp11/run2_2018-05-24-14-35-56.ids_1,46,1,closing_bottle,bottle,train,test,12766
inner_mirror__run2_2018-05-24-14-35-56.ids_1__vp11__ann15__ch1.jpg,inner_mirror,11,vp11/run2_2018-05-24-14-35-56.ids_1,15,1,closing_bottle,bottle,train,test,6617
inner_mirror__run2_2018-05-24-16-21-35.ids_1__vp12__ann104__ch0.jpg,inner_mirror,12,vp12/run2_2018-05-24-16-21-35.ids_1,104,0,closing_bottle,bottle,train,train,41376
inner_mirror__run2_2018-05-24-16-21-35.ids_1__vp12__ann6__ch1.jpg,inner_mirror,12,vp12/run2_2018-05-24-16-21-35.ids_1,6,1,opening_bottle,bottle,train,train,7564
inner_mirror__run1b_2018-05-08-08-46-01.ids_1__vp3__ann103__ch0.jpg,inner_mirror,3,vp3/run1b_2018-05-08-08-46-01.ids_1,103,0,opening_bottle,bottle,train,train,38147
inner_mirror__run1b_2018-05-29-14-02-47.ids_1__vp1__ann56__ch0.jpg,inner_mirror,1,vp1/run1b_2018-05-29-14-02-47.ids_1,56,0,closing_bottle,bottle,train,train,17003
inner_mirror__run1_2018-05-22-15-10-41.ids_1__vp5__ann36__ch1.jpg,inner_mirror,5,vp5/run1_2018-05-22-15-10-41.ids_1,36,1,closing_bottle,bottle,train,test,19110
inner_mirror__run1b_2018-05-29-14-02-47.ids_1__vp1__ann115__ch0.jpg,inner_mirror,1,vp1/run1b_2018-05-29-14-02-47.ids_1,115,0,closing_bottle,bottle,train,train,29275
inner_mirror__run1b_2018-05-29-14-02-47.ids_1__vp1__ann37__ch0.jpg,inner_mirror,1,vp1/run1b_2018-05-29-14-02-47.ids_1,37,0,opening_bottle,bottle,train,train,12397
inner_mirror__run1_2018-05-24-13-44-01.ids_1__vp11__ann43__ch4.jpg,inner_mirror,11,vp11/run1_2018-05-24-13-44-01.ids_1,43,4,opening_bottle,bottle,train,test,20350
inner_mirror__run1d_2018-05-23-14-54-38.ids_1__vp8__ann64__ch0.jpg,inner_mirror,8,vp8/run1d_2018-05-23-14-54-38.ids_1,64,0,opening_bottle,bottle,val,train,32969
inner_mirror__run1_2018-05-24-13-44-01.ids_1__vp11__ann43__ch3.jpg,inner_mirror,11,vp11/run1_2018-05-24-13-44-01.ids_1,43,3,opening_bottle,bottle,train,test,20290
inner_mirror__run1_2018-05-24-13-14-41.ids_1__vp10__ann11__ch1.jpg,inner_mirror,10,vp10/run1_2018-05-24-13-14-41.ids_1,11,1,opening_bottle,bottle,train,train,9127
inner_mirror__run1b_2018-05-08-08-46-01.ids_1__vp3__ann75__ch0.jpg,inner_mirror,3,vp3/run1b_2018-05-08-08-46-01.ids_1,75,0,opening_bottle,bottle,train,train,31627
inner_mirror__run2_2018-05-24-16-21-35.ids_1__vp12__ann80__ch1.jpg,inner_mirror,12,vp12/run2_2018-05-24-16-21-35.ids_1,80,1,closing_bottle,bottle,train,train,32483
inner_mirror__run2_2018-05-29-14-33-44.ids_1__vp1__ann45__ch1.jpg,inner_mirror,1,vp1/run2_2018-05-29-14-33-44.ids_1,45,1,opening_bottle,bottle,train,train,21077
inner_mirror__run1_2018-05-03-14-08-31.ids_1__vp2__ann76__ch0.jpg,inner_mirror,2,vp2/run1_2018-05-03-14-08-31.ids_1,76,0,closing_bottle,bottle,train,train,40735
inner_mirror__run1_2018-05-29-15-21-10.ids_1__vp13__ann47__ch1.jpg,inner_mirror,13,vp13/run1_2018-05-29-15-21-10.ids_1,47,1,closing_bottle,bottle,train,test,25461
inner_mirror__run1_2018-05-30-13-05-35.ids_1__vp15__ann21__ch0.jpg,inner_mirror,15,vp15/run1_2018-05-30-13-05-35.ids_1,21,0,closing_bottle,bottle,train,val,10024
inner_mirror__run1_2018-05-22-13-28-51.ids_1__vp4__ann28__ch0.jpg,inner_mirror,4,vp4/run1_2018-05-22-13-28-51.ids_1,28,0,opening_bottle,bottle,train,train,17408
inner_mirror__run2b_2018-05-23-13-54-07.ids_1__vp7__ann36__ch0.jpg,inner_mirror,7,vp7/run2b_2018-05-23-13-54-07.ids_1,36,0,opening_bottle,bottle,val,train,14333
inner_mirror__run2_2018-05-23-11-05-00.ids_1__vp6__ann33__ch0.jpg,inner_mirror,6,vp6/run2_2018-05-23-11-05-00.ids_1,33,0,opening_bottle,bottle,train,train,17342
inner_mirror__run2_2018-05-24-16-21-35.ids_1__vp12__ann102__ch1.jpg,inner_mirror,12,vp12/run2_2018-05-24-16-21-35.ids_1,102,1,opening_bottle,bottle,train,train,41170
inner_mirror__run1b_2018-05-23-16-19-17.ids_1__vp9__ann12__ch0.jpg,inner_mirror,9,vp9/run1b_2018-05-23-16-19-17.ids_1,12,0,opening_bottle,bottle,test,train,8118
inner_mirror__run2_2018-05-24-14-35-56.ids_1__vp11__ann46__ch0.jpg,inner_mirror,11,vp11/run2_2018-05-24-14-35-56.ids_1,46,0,closing_bottle,bottle,train,test,12718
inner_mirror__run2_2018-05-24-16-21-35.ids_1__vp12__ann26__ch1.jpg,inner_mirror,12,vp12/run2_2018-05-24-16-21-35.ids_1,26,1,opening_bottle,bottle,train,train,12335
inner_mirror__run1d_2018-05-23-14-54-38.ids_1__vp8__ann87__ch0.jpg,inner_mirror,8,vp8/run1d_2018-05-23-14-54-38.ids_1,87,0,closing_bottle,bottle,val,train,41387
inner_mirror__run1b_2018-05-29-14-02-47.ids_1__vp1__ann98__ch0.jpg,inner_mirror,1,vp1/run1b_2018-05-29-14-02-47.ids_1,98,0,opening_bottle,bottle,train,train,26727
inner_mirror__run2_2018-05-24-16-21-35.ids_1__vp12__ann87__ch0.jpg,inner_mirror,12,vp12/run2_2018-05-24-16-21-35.ids_1,87,0,opening_bottle,bottle,train,train,35118
inner_mirror__run1_2018-05-23-10-21-45.ids_1__vp6__ann89__ch0.jpg,inner_mirror,6,vp6/run1_2018-05-23-10-21-45.ids_1,89,0,opening_bottle,bottle,train,train,46248
inner_mirror__run1_2018-05-24-15-44-28.ids_1__vp12__ann37__ch0.jpg,inner_mirror,12,vp12/run1_2018-05-24-15-44-28.ids_1,37,0,closing_bottle,bottle,train,train,17650
inner_mirror__run2_2018-05-30-10-42-33.ids_1__vp14__ann10__ch1.jpg,inner_mirror,14,vp14/run2_2018-05-30-10-42-33.ids_1,10,1,opening_bottle,bottle,test,val,7432
inner_mirror__run2_2018-05-30-13-34-33.ids_1__vp15__ann22__ch1.jpg,inner_mirror,15,vp15/run2_2018-05-30-13-34-33.ids_1,22,1,opening_bottle,bottle,train,val,11320
inner_mirror__run2_2018-05-24-16-21-35.ids_1__vp12__ann87__ch1.jpg,inner_mirror,12,vp12/run2_2018-05-24-16-21-35.ids_1,87,1,opening_bottle,bottle,train,train,35205
inner_mirror__run1_2018-05-24-13-44-01.ids_1__vp11__ann78__ch0.jpg,inner_mirror,11,vp11/run1_2018-05-24-13-44-01.ids_1,78,0,closing_bottle,bottle,train,test,30202
inner_mirror__run1_2018-05-23-13-16-52.ids_1__vp7__ann85__ch0.jpg,inner_mirror,7,vp7/run1_2018-05-23-13-16-52.ids_1,85,0,closing_bottle,bottle,val,train,27417
inner_mirror__run1_2018-05-30-10-11-09.ids_1__vp14__ann54__ch0.jpg,inner_mirror,14,vp14/run1_2018-05-30-10-11-09.ids_1,54,0,closing_bottle,bottle,test,val,23932
inner_mirror__run2_2018-05-23-15-30-27.ids_1__vp8__ann20__ch0.jpg,inner_mirror,8,vp8/run2_2018-05-23-15-30-27.ids_1,20,0,opening_bottle,bottle,val,train,8975
inner_mirror__run1_2018-05-22-15-10-41.ids_1__vp5__ann33__ch3.jpg,inner_mirror,5,vp5/run1_2018-05-22-15-10-41.ids_1,33,3,opening_bottle,bottle,train,test,18198
inner_mirror__run2_2018-05-24-17-22-26.ids_1__vp2__ann41__ch1.jpg,inner_mirror,2,vp2/run2_2018-05-24-17-22-26.ids_1,41,1,opening_bottle,bottle,train,train,21172
inner_mirror__run2_2018-05-22-14-25-04.ids_1__vp4__ann18__ch0.jpg,inner_mirror,4,vp4/run2_2018-05-22-14-25-04.ids_1,18,0,opening_bottle,bottle,train,train,17473
inner_mirror__run2_2018-05-24-14-35-56.ids_1__vp11__ann13__ch0.jpg,inner_mirror,11,vp11/run2_2018-05-24-14-35-56.ids_1,13,0,opening_bottle,bottle,train,test,6357
inner_mirror__run1_2018-05-03-14-08-31.ids_1__vp2__ann72__ch0.jpg,inner_mirror,2,vp2/run1_2018-05-03-14-08-31.ids_1,72,0,opening_bottle,bottle,train,train,39886
inner_mirror__run1b_2018-05-23-16-19-17.ids_1__vp9__ann19__ch1.jpg,inner_mirror,9,vp9/run1b_2018-05-23-16-19-17.ids_1,19,1,closing_bottle,bottle,test,train,9292
inner_mirror__run2_2018-05-24-17-22-26.ids_1__vp2__ann41__ch0.jpg,inner_mirror,2,vp2/run2_2018-05-24-17-22-26.ids_1,41,0,opening_bottle,bottle,train,train,21096
inner_mirror__run1_2018-05-03-14-08-31.ids_1__vp2__ann74__ch0.jpg,inner_mirror,2,vp2/run1_2018-05-03-14-08-31.ids_1,74,0,opening_bottle,bottle,train,train,40454
inner_mirror__run1b_2018-05-23-16-19-17.ids_1__vp9__ann90__ch1.jpg,inner_mirror,9,vp9/run1b_2018-05-23-16-19-17.ids_1,90,1,opening_bottle,bottle,test,train,23188
inner_mirror__run1_2018-05-23-13-16-52.ids_1__vp7__ann15__ch0.jpg,inner_mirror,7,vp7/run1_2018-05-23-13-16-52.ids_1,15,0,opening_bottle,bottle,val,train,9908
inner_mirror__run1_2018-05-23-13-16-52.ids_1__vp7__ann83__ch0.jpg,inner_mirror,7,vp7/run1_2018-05-23-13-16-52.ids_1,83,0,opening_bottle,bottle,val,train,26565
inner_mirror__run2_2018-05-30-10-42-33.ids_1__vp14__ann99__ch0.jpg,inner_mirror,14,vp14/run2_2018-05-30-10-42-33.ids_1,99,0,opening_bottle,bottle,test,val,39751
inner_mirror__run2_2018-05-24-14-35-56.ids_1__vp11__ann44__ch0.jpg,inner_mirror,11,vp11/run2_2018-05-24-14-35-56.ids_1,44,0,opening_bottle,bottle,train,test,12543
inner_mirror__run1_2018-05-30-13-05-35.ids_1__vp15__ann79__ch2.jpg,inner_mirror,15,vp15/run1_2018-05-30-13-05-35.ids_1,79,2,closing_bottle,bottle,train,val,20587
inner_mirror__run1_2018-05-30-13-05-35.ids_1__vp15__ann79__ch0.jpg,inner_mirror,15,vp15/run1_2018-05-30-13-05-35.ids_1,79,0,closing_bottle,bottle,train,val,20432
inner_mirror__run1b_2018-05-08-08-46-01.ids_1__vp3__ann77__ch0.jpg,inner_mirror,3,vp3/run1b_2018-05-08-08-46-01.ids_1,77,0,closing_bottle,bottle,train,train,31872
inner_mirror__run2_2018-05-30-11-34-54.ids_1__vp13__ann50__ch1.jpg,inner_mirror,13,vp13/run2_2018-05-30-11-34-54.ids_1,50,1,opening_bottle,bottle,train,test,22972
inner_mirror__run1_2018-05-24-13-14-41.ids_1__vp10__ann28__ch1.jpg,inner_mirror,10,vp10/run1_2018-05-24-13-14-41.ids_1,28,1,opening_bottle,bottle,train,train,11905
inner_mirror__run2_2018-05-24-14-35-56.ids_1__vp11__ann67__ch1.jpg,inner_mirror,11,vp11/run2_2018-05-24-14-35-56.ids_1,67,1,closing_bottle,bottle,train,test,17036
inner_mirror__run2_2018-05-24-14-35-56.ids_1__vp11__ann67__ch0.jpg,inner_mirror,11,vp11/run2_2018-05-24-14-35-56.ids_1,67,0,closing_bottle,bottle,train,test,16986
inner_mirror__run1_2018-05-29-15-21-10.ids_1__vp13__ann45__ch4.jpg,inner_mirror,13,vp13/run1_2018-05-29-15-21-10.ids_1,45,4,opening_bottle,bottle,train,test,24908
inner_mirror__run1_2018-05-29-15-21-10.ids_1__vp13__ann45__ch1.jpg,inner_mirror,13,vp13/run1_2018-05-29-15-21-10.ids_1,45,1,opening_bottle,bottle,train,test,24638
inner_mirror__run1_2018-05-24-13-44-01.ids_1__vp11__ann43__ch1.jpg,inner_mirror,11,vp11/run1_2018-05-24-13-44-01.ids_1,43,1,opening_bottle,bottle,train,test,20110
inner_mirror__run2_2018-05-22-14-25-04.ids_1__vp4__ann20__ch0.jpg,inner_mirror,4,vp4/run2_2018-05-22-14-25-04.ids_1,20,0,closing_bottle,bottle,train,train,17791
inner_mirror__run1_2018-05-24-13-44-01.ids_1__vp11__ann46__ch0.jpg,inner_mirror,11,vp11/run1_2018-05-24-13-44-01.ids_1,46,0,opening_bottle,bottle,train,test,20528
inner_mirror__run2_2018-05-30-11-34-54.ids_1__vp13__ann50__ch0.jpg,inner_mirror,13,vp13/run2_2018-05-30-11-34-54.ids_1,50,0,opening_bottle,bottle,train,test,22882
inner_mirror__run2_2018-05-30-10-42-33.ids_1__vp14__ann101__ch1.jpg,inner_mirror,14,vp14/run2_2018-05-30-10-42-33.ids_1,101,1,closing_bottle,bottle,test,val,40233
inner_mirror__run1_2018-05-30-10-11-09.ids_1__vp14__ann19__ch2.jpg,inner_mirror,14,vp14/run1_2018-05-30-10-11-09.ids_1,19,2,opening_bottle,bottle,test,val,11624
inner_mirror__run1_2018-05-23-13-16-52.ids_1__vp7__ann85__ch2.jpg,inner_mirror,7,vp7/run1_2018-05-23-13-16-52.ids_1,85,2,closing_bottle,bottle,val,train,27592
inner_mirror__run1_2018-05-24-13-14-41.ids_1__vp10__ann45__ch0.jpg,inner_mirror,10,vp10/run1_2018-05-24-13-14-41.ids_1,45,0,opening_bottle,bottle,train,train,15296
inner_mirror__run1_2018-05-29-15-21-10.ids_1__vp13__ann45__ch5.jpg,inner_mirror,13,vp13/run1_2018-05-29-15-21-10.ids_1,45,5,opening_bottle,bottle,train,test,24963
inner_mirror__run2_2018-05-24-16-21-35.ids_1__vp12__ann102__ch0.jpg,inner_mirror,12,vp12/run2_2018-05-24-16-21-35.ids_1,102,0,opening_bottle,bottle,train,train,41104
inner_mirror__run2b_2018-05-22-15-50-07.ids_1__vp5__ann73__ch0.jpg,inner_mirror,5,vp5/run2b_2018-05-22-15-50-07.ids_1,73,0,closing_bottle,bottle,train,test,27579
inner_mirror__run2b_2018-05-22-15-50-07.ids_1__vp5__ann78__ch0.jpg,inner_mirror,5,vp5/run2b_2018-05-22-15-50-07.ids_1,78,0,opening_bottle,bottle,train,test,28952
inner_mirror__run1_2018-05-30-10-11-09.ids_1__vp14__ann52__ch0.jpg,inner_mirror,14,vp14/run1_2018-05-30-10-11-09.ids_1,52,0,opening_bottle,bottle,test,val,23722
inner_mirror__run1b_2018-05-08-08-46-01.ids_1__vp3__ann87__ch0.jpg,inner_mirror,3,vp3/run1b_2018-05-08-08-46-01.ids_1,87,0,opening_bottle,bottle,train,train,34480
inner_mirror__run2_2018-05-24-14-35-56.ids_1__vp11__ann65__ch1.jpg,inner_mirror,11,vp11/run2_2018-05-24-14-35-56.ids_1,65,1,opening_bottle,bottle,train,test,16826
inner_mirror__run1b_2018-05-23-16-19-17.ids_1__vp9__ann12__ch1.jpg,inner_mirror,9,vp9/run1b_2018-05-23-16-19-17.ids_1,12,1,opening_bottle,bottle,test,train,8190
inner_mirror__run1_2018-05-24-13-14-41.ids_1__vp10__ann28__ch0.jpg,inner_mirror,10,vp10/run1_2018-05-24-13-14-41.ids_1,28,0,opening_bottle,bottle,train,train,11853
inner_mirror__run2_2018-05-24-14-35-56.ids_1__vp11__ann15__ch2.jpg,inner_mirror,11,vp11/run2_2018-05-24-14-35-56.ids_1,15,2,closing_bottle,bottle,train,test,6689
inner_mirror__run1_2018-05-30-10-11-09.ids_1__vp14__ann21__ch1.jpg,inner_mirror,14,vp14/run1_2018-05-30-10-11-09.ids_1,21,1,closing_bottle,bottle,test,val,11939
inner_mirror__run1b_2018-05-23-16-19-17.ids_1__vp9__ann90__ch0.jpg,inner_mirror,9,vp9/run1b_2018-05-23-16-19-17.ids_1,90,0,opening_bottle,bottle,test,train,23127
inner_mirror__run2_2018-05-24-14-08-46.ids_1__vp10__ann96__ch0.jpg,inner_mirror,10,vp10/run2_2018-05-24-14-08-46.ids_1,96,0,closing_bottle,bottle,train,train,34059
inner_mirror__run2_2018-05-23-11-05-00.ids_1__vp6__ann35__ch1.jpg,inner_mirror,6,vp6/run2_2018-05-23-11-05-00.ids_1,35,1,closing_bottle,bottle,train,train,17739
inner_mirror__run1_2018-05-24-13-44-01.ids_1__vp11__ann48__ch1.jpg,inner_mirror,11,vp11/run1_2018-05-24-13-44-01.ids_1,48,1,closing_bottle,bottle,train,test,20738
inner_mirror__run2_2018-05-24-16-21-35.ids_1__vp12__ann89__ch1.jpg,inner_mirror,12,vp12/run2_2018-05-24-16-21-35.ids_1,89,1,closing_bottle,bottle,train,train,35712
inner_mirror__run1b_2018-05-23-16-19-17.ids_1__vp9__ann92__ch1.jpg,inner_mirror,9,vp9/run1b_2018-05-23-16-19-17.ids_1,92,1,closing_bottle,bottle,test,train,23660
inner_mirror__run1_2018-05-24-15-44-28.ids_1__vp12__ann71__ch1.jpg,inner_mirror,12,vp12/run1_2018-05-24-15-44-28.ids_1,71,1,closing_bottle,bottle,train,train,31387
inner_mirror__run2b_2018-05-22-15-50-07.ids_1__vp5__ann71__ch0.jpg,inner_mirror,5,vp5/run2b_2018-05-22-15-50-07.ids_1,71,0,opening_bottle,bottle,train,test,27272
inner_mirror__run2_2018-05-24-14-35-56.ids_1__vp11__ann15__ch0.jpg,inner_mirror,11,vp11/run2_2018-05-24-14-35-56.ids_1,15,0,closing_bottle,bottle,train,test,6527
steering_wheel__run2_2018-05-24-14-08-46.ids_4__vp10__ann96__ch0.jpg,steering_wheel,10,vp10/run2_2018-05-24-14-08-46.ids_4,96,0,closing_bottle,bottle,train,train,34213
steering_wheel__run2_2018-05-30-13-34-33.ids_4__vp15__ann22__ch1.jpg,steering_wheel,15,vp15/run2_2018-05-30-13-34-33.ids_4,22,1,opening_bottle,bottle,train,val,11381
steering_wheel__run1_2018-05-23-13-16-52.ids_4__vp7__ann13__ch2.jpg,steering_wheel,7,vp7/run1_2018-05-23-13-16-52.ids_4,13,2,opening_bottle,bottle,val,train,10094
steering_wheel__run2_2018-05-24-16-21-35.ids_4__vp12__ann87__ch0.jpg,steering_wheel,12,vp12/run2_2018-05-24-16-21-35.ids_4,87,0,opening_bottle,bottle,train,train,35302
steering_wheel__run1_2018-05-24-13-14-41.ids_4__vp10__ann104__ch0.jpg,steering_wheel,10,vp10/run1_2018-05-24-13-14-41.ids_4,104,0,closing_bottle,bottle,train,train,37049
steering_wheel__run2_2018-05-29-14-33-44.ids_4__vp1__ann47__ch0.jpg,steering_wheel,1,vp1/run2_2018-05-29-14-33-44.ids_4,47,0,closing_bottle,bottle,train,train,21667
steering_wheel__run2_2018-05-30-10-42-33.ids_4__vp14__ann99__ch1.jpg,steering_wheel,14,vp14/run2_2018-05-30-10-42-33.ids_4,99,1,opening_bottle,bottle,test,val,40037
steering_wheel__run1b_2018-05-23-16-19-17.ids_4__vp9__ann90__ch1.jpg,steering_wheel,9,vp9/run1b_2018-05-23-16-19-17.ids_4,90,1,opening_bottle,bottle,test,train,23296
steering_wheel__run1b_2018-05-08-08-46-01.ids_4__vp3__ann86__ch0.jpg,steering_wheel,3,vp3/run1b_2018-05-08-08-46-01.ids_4,86,0,closing_bottle,bottle,train,train,34453
steering_wheel__run2_2018-05-23-11-05-00.ids_4__vp6__ann50__ch0.jpg,steering_wheel,6,vp6/run2_2018-05-23-11-05-00.ids_4,50,0,closing_bottle,bottle,train,train,26518
steering_wheel__run1b_2018-05-23-16-19-17.ids_4__vp9__ann92__ch1.jpg,steering_wheel,9,vp9/run1b_2018-05-23-16-19-17.ids_4,92,1,closing_bottle,bottle,test,train,23768
steering_wheel__run1_2018-05-24-13-14-41.ids_4__vp10__ann104__ch1.jpg,steering_wheel,10,vp10/run1_2018-05-24-13-14-41.ids_4,104,1,closing_bottle,bottle,train,train,37101
steering_wheel__run1b_2018-05-29-14-02-47.ids_4__vp1__ann113__ch0.jpg,steering_wheel,1,vp1/run1b_2018-05-29-14-02-47.ids_4,113,0,opening_bottle,bottle,train,train,29192
steering_wheel__run1b_2018-05-23-16-19-17.ids_4__vp9__ann12__ch1.jpg,steering_wheel,9,vp9/run1b_2018-05-23-16-19-17.ids_4,12,1,opening_bottle,bottle,test,train,8239
steering_wheel__run2_2018-05-30-11-34-54.ids_4__vp13__ann50__ch3.jpg,steering_wheel,13,vp13/run2_2018-05-30-11-34-54.ids_4,50,3,opening_bottle,bottle,train,test,23276
steering_wheel__run2_2018-05-24-14-35-56.ids_4__vp11__ann15__ch1.jpg,steering_wheel,11,vp11/run2_2018-05-24-14-35-56.ids_4,15,1,closing_bottle,bottle,train,test,6670
steering_wheel__run1_2018-05-24-13-44-01.ids_4__vp11__ann46__ch0.jpg,steering_wheel,11,vp11/run1_2018-05-24-13-44-01.ids_4,46,0,opening_bottle,bottle,train,test,20652
steering_wheel__run1_2018-05-24-13-44-01.ids_4__vp11__ann43__ch2.jpg,steering_wheel,11,vp11/run1_2018-05-24-13-44-01.ids_4,43,2,opening_bottle,bottle,train,test,20323
steering_wheel__run1_2018-05-29-15-21-10.ids_4__vp13__ann45__ch0.jpg,steering_wheel,13,vp13/run1_2018-05-29-15-21-10.ids_4,45,0,opening_bottle,bottle,train,test,24706
steering_wheel__run2_2018-05-30-10-42-33.ids_4__vp14__ann12__ch1.jpg,steering_wheel,14,vp14/run2_2018-05-30-10-42-33.ids_4,12,1,closing_bottle,bottle,test,val,7765
steering_wheel__run2_2018-05-24-16-21-35.ids_4__vp12__ann8__ch0.jpg,steering_wheel,12,vp12/run2_2018-05-24-16-21-35.ids_4,8,0,closing_bottle,bottle,train,train,7907
steering_wheel__run1_2018-05-24-13-14-41.ids_4__vp10__ann102__ch0.jpg,steering_wheel,10,vp10/run1_2018-05-24-13-14-41.ids_4,102,0,opening_bottle,bottle,train,train,36868
steering_wheel__run1_2018-05-29-15-21-10.ids_4__vp13__ann45__ch4.jpg,steering_wheel,13,vp13/run1_2018-05-29-15-21-10.ids_4,45,4,opening_bottle,bottle,train,test,25068
steering_wheel__run2_2018-05-24-16-21-35.ids_4__vp12__ann89__ch2.jpg,steering_wheel,12,vp12/run2_2018-05-24-16-21-35.ids_4,89,2,closing_bottle,bottle,train,train,35984
steering_wheel__run2_2018-05-23-11-05-00.ids_4__vp6__ann35__ch1.jpg,steering_wheel,6,vp6/run2_2018-05-23-11-05-00.ids_4,35,1,closing_bottle,bottle,train,train,17832
steering_wheel__run1b_2018-05-23-16-19-17.ids_4__vp9__ann19__ch1.jpg,steering_wheel,9,vp9/run1b_2018-05-23-16-19-17.ids_4,19,1,closing_bottle,bottle,test,train,9348
steering_wheel__run2_2018-05-24-16-21-35.ids_4__vp12__ann80__ch0.jpg,steering_wheel,12,vp12/run2_2018-05-24-16-21-35.ids_4,80,0,closing_bottle,bottle,train,train,32588
steering_wheel__run1_2018-05-22-15-10-41.ids_4__vp5__ann33__ch1.jpg,steering_wheel,5,vp5/run1_2018-05-22-15-10-41.ids_4,33,1,opening_bottle,bottle,train,test,18032
steering_wheel__run1_2018-05-22-13-28-51.ids_4__vp4__ann30__ch1.jpg,steering_wheel,4,vp4/run1_2018-05-22-13-28-51.ids_4,30,1,closing_bottle,bottle,train,train,18079
steering_wheel__run1_2018-05-30-10-11-09.ids_4__vp14__ann19__ch2.jpg,steering_wheel,14,vp14/run1_2018-05-30-10-11-09.ids_4,19,2,opening_bottle,bottle,test,val,11680
steering_wheel__run2_2018-05-24-14-35-56.ids_4__vp11__ann67__ch0.jpg,steering_wheel,11,vp11/run2_2018-05-24-14-35-56.ids_4,67,0,closing_bottle,bottle,train,test,17105
steering_wheel__run1_2018-05-23-13-16-52.ids_4__vp7__ann83__ch0.jpg,steering_wheel,7,vp7/run1_2018-05-23-13-16-52.ids_4,83,0,opening_bottle,bottle,val,train,27452
steering_wheel__run1_2018-05-24-13-14-41.ids_4__vp10__ann28__ch0.jpg,steering_wheel,10,vp10/run1_2018-05-24-13-14-41.ids_4,28,0,opening_bottle,bottle,train,train,11893
steering_wheel__run1_2018-05-30-13-05-35.ids_4__vp15__ann15__ch1.jpg,steering_wheel,15,vp15/run1_2018-05-30-13-05-35.ids_4,15,1,opening_bottle,bottle,train,val,8952
steering_wheel__run2_2018-05-22-14-25-04.ids_4__vp4__ann20__ch0.jpg,steering_wheel,4,vp4/run2_2018-05-22-14-25-04.ids_4,20,0,closing_bottle,bottle,train,train,17789
steering_wheel__run1_2018-05-23-10-21-45.ids_4__vp6__ann91__ch1.jpg,steering_wheel,6,vp6/run1_2018-05-23-10-21-45.ids_4,91,1,closing_bottle,bottle,train,train,46820
steering_wheel__run2_2018-05-30-11-34-54.ids_4__vp13__ann55__ch0.jpg,steering_wheel,13,vp13/run2_2018-05-30-11-34-54.ids_4,55,0,opening_bottle,bottle,train,test,24193
steering_wheel__run1_2018-05-23-10-21-45.ids_4__vp6__ann89__ch0.jpg,steering_wheel,6,vp6/run1_2018-05-23-10-21-45.ids_4,89,0,opening_bottle,bottle,train,train,46464
steering_wheel__run2_2018-05-30-10-42-33.ids_4__vp14__ann99__ch0.jpg,steering_wheel,14,vp14/run2_2018-05-30-10-42-33.ids_4,99,0,opening_bottle,bottle,test,val,39977
steering_wheel__run1_2018-05-23-10-21-45.ids_4__vp6__ann89__ch1.jpg,steering_wheel,6,vp6/run1_2018-05-23-10-21-45.ids_4,89,1,opening_bottle,bottle,train,train,46537
steering_wheel__run2_2018-05-30-13-34-33.ids_4__vp15__ann35__ch0.jpg,steering_wheel,15,vp15/run2_2018-05-30-13-34-33.ids_4,35,0,closing_bottle,bottle,train,val,12931
steering_wheel__run1b_2018-05-08-08-46-01.ids_4__vp3__ann83__ch1.jpg,steering_wheel,3,vp3/run1b_2018-05-08-08-46-01.ids_4,83,1,opening_bottle,bottle,train,train,33462
steering_wheel__run1b_2018-05-23-16-19-17.ids_4__vp9__ann12__ch0.jpg,steering_wheel,9,vp9/run1b_2018-05-23-16-19-17.ids_4,12,0,opening_bottle,bottle,test,train,8168
steering_wheel__run1b_2018-05-23-16-19-17.ids_4__vp9__ann90__ch0.jpg,steering_wheel,9,vp9/run1b_2018-05-23-16-19-17.ids_4,90,0,opening_bottle,bottle,test,train,23233
steering_wheel__run1_2018-05-24-15-44-28.ids_4__vp12__ann71__ch1.jpg,steering_wheel,12,vp12/run1_2018-05-24-15-44-28.ids_4,71,1,closing_bottle,bottle,train,train,31530
steering_wheel__run1b_2018-05-08-08-46-01.ids_4__vp3__ann87__ch0.jpg,steering_wheel,3,vp3/run1b_2018-05-08-08-46-01.ids_4,87,0,opening_bottle,bottle,train,train,34519
steering_wheel__run1_2018-05-29-15-21-10.ids_4__vp13__ann47__ch0.jpg,steering_wheel,13,vp13/run1_2018-05-29-15-21-10.ids_4,47,0,closing_bottle,bottle,train,test,25546
steering_wheel__run1b_2018-05-23-16-19-17.ids_4__vp9__ann14__ch0.jpg,steering_wheel,9,vp9/run1b_2018-05-23-16-19-17.ids_4,14,0,closing_bottle,bottle,test,train,8409
steering_wheel__run2_2018-05-24-14-35-56.ids_4__vp11__ann67__ch1.jpg,steering_wheel,11,vp11/run2_2018-05-24-14-35-56.ids_4,67,1,closing_bottle,bottle,train,test,17155
steering_wheel__run1b_2018-05-29-14-02-47.ids_4__vp1__ann56__ch0.jpg,steering_wheel,1,vp1/run1b_2018-05-29-14-02-47.ids_4,56,0,closing_bottle,bottle,train,train,17080
steering_wheel__run2_2018-05-24-16-21-35.ids_4__vp12__ann104__ch0.jpg,steering_wheel,12,vp12/run2_2018-05-24-16-21-35.ids_4,104,0,closing_bottle,bottle,train,train,41592
steering_wheel__run1_2018-05-24-13-44-01.ids_4__vp11__ann76__ch1.jpg,steering_wheel,11,vp11/run1_2018-05-24-13-44-01.ids_4,76,1,opening_bottle,bottle,train,test,30229
steering_wheel__run2_2018-05-30-13-34-33.ids_4__vp15__ann24__ch0.jpg,steering_wheel,15,vp15/run2_2018-05-30-13-34-33.ids_4,24,0,closing_bottle,bottle,train,val,11527
steering_wheel__run1_2018-05-23-13-16-52.ids_4__vp7__ann13__ch1.jpg,steering_wheel,7,vp7/run1_2018-05-23-13-16-52.ids_4,13,1,opening_bottle,bottle,val,train,10045
steering_wheel__run1d_2018-05-23-14-54-38.ids_4__vp8__ann66__ch0.jpg,steering_wheel,8,vp8/run1d_2018-05-23-14-54-38.ids_4,66,0,closing_bottle,bottle,val,train,33479
steering_wheel__run2b_2018-05-23-13-54-07.ids_4__vp7__ann38__ch0.jpg,steering_wheel,7,vp7/run2b_2018-05-23-13-54-07.ids_4,38,0,closing_bottle,bottle,val,train,15377
steering_wheel__run1_2018-05-23-13-16-52.ids_4__vp7__ann15__ch0.jpg,steering_wheel,7,vp7/run1_2018-05-23-13-16-52.ids_4,15,0,opening_bottle,bottle,val,train,10243
steering_wheel__run1_2018-05-24-13-14-41.ids_4__vp10__ann47__ch1.jpg,steering_wheel,10,vp10/run1_2018-05-24-13-14-41.ids_4,47,1,closing_bottle,bottle,train,train,15577
steering_wheel__run2_2018-05-23-11-05-00.ids_4__vp6__ann48__ch0.jpg,steering_wheel,6,vp6/run2_2018-05-23-11-05-00.ids_4,48,0,opening_bottle,bottle,train,train,26323
steering_wheel__run2_2018-05-24-16-21-35.ids_4__vp12__ann78__ch0.jpg,steering_wheel,12,vp12/run2_2018-05-24-16-21-35.ids_4,78,0,opening_bottle,bottle,train,train,32244
steering_wheel__run2_2018-05-24-16-21-35.ids_4__vp12__ann89__ch0.jpg,steering_wheel,12,vp12/run2_2018-05-24-16-21-35.ids_4,89,0,closing_bottle,bottle,train,train,35805
steering_wheel__run1_2018-05-22-15-10-41.ids_4__vp5__ann36__ch0.jpg,steering_wheel,5,vp5/run1_2018-05-22-15-10-41.ids_4,36,0,closing_bottle,bottle,train,test,19032
steering_wheel__run2_2018-05-30-10-42-33.ids_4__vp14__ann10__ch0.jpg,steering_wheel,14,vp14/run2_2018-05-30-10-42-33.ids_4,10,0,opening_bottle,bottle,test,val,7381
steering_wheel__run1_2018-05-24-13-44-01.ids_4__vp11__ann48__ch0.jpg,steering_wheel,11,vp11/run1_2018-05-24-13-44-01.ids_4,48,0,closing_bottle,bottle,train,test,20795
steering_wheel__run2_2018-05-24-14-35-56.ids_4__vp11__ann11__ch0.jpg,steering_wheel,11,vp11/run2_2018-05-24-14-35-56.ids_4,11,0,opening_bottle,bottle,train,test,6276
steering_wheel__run2_2018-05-30-11-34-54.ids_4__vp13__ann50__ch1.jpg,steering_wheel,13,vp13/run2_2018-05-30-11-34-54.ids_4,50,1,opening_bottle,bottle,train,test,23093
steering_wheel__run2_2018-05-30-10-42-33.ids_4__vp14__ann83__ch0.jpg,steering_wheel,14,vp14/run2_2018-05-30-10-42-33.ids_4,83,0,closing_bottle,bottle,test,val,32436
steering_wheel__run2_2018-05-24-16-21-35.ids_4__vp12__ann80__ch1.jpg,steering_wheel,12,vp12/run2_2018-05-24-16-21-35.ids_4,80,1,closing_bottle,bottle,train,train,32659
steering_wheel__run2_2018-05-24-17-22-26.ids_4__vp2__ann43__ch0.jpg,steering_wheel,2,vp2/run2_2018-05-24-17-22-26.ids_4,43,0,closing_bottle,bottle,train,train,21555
steering_wheel__run2_2018-05-24-16-21-35.ids_4__vp12__ann6__ch1.jpg,steering_wheel,12,vp12/run2_2018-05-24-16-21-35.ids_4,6,1,opening_bottle,bottle,train,train,7597
steering_wheel__run2_2018-05-23-11-05-00.ids_4__vp6__ann35__ch0.jpg,steering_wheel,6,vp6/run2_2018-05-23-11-05-00.ids_4,35,0,closing_bottle,bottle,train,train,17779
steering_wheel__run1b_2018-05-08-08-46-01.ids_4__vp3__ann106__ch0.jpg,steering_wheel,3,vp3/run1b_2018-05-08-08-46-01.ids_4,106,0,closing_bottle,bottle,train,train,38400
steering_wheel__run1_2018-05-30-10-11-09.ids_4__vp14__ann52__ch1.jpg,steering_wheel,14,vp14/run1_2018-05-30-10-11-09.ids_4,52,1,opening_bottle,bottle,test,val,23886
steering_wheel__run1_2018-05-22-13-28-51.ids_4__vp4__ann28__ch3.jpg,steering_wheel,4,vp4/run1_2018-05-22-13-28-51.ids_4,28,3,opening_bottle,bottle,train,train,17665
steering_wheel__run1_2018-05-24-13-14-41.ids_4__vp10__ann11__ch0.jpg,steering_wheel,10,vp10/run1_2018-05-24-13-14-41.ids_4,11,0,opening_bottle,bottle,train,train,9086
steering_wheel__run1_2018-05-24-13-14-41.ids_4__vp10__ann30__ch0.jpg,steering_wheel,10,vp10/run1_2018-05-24-13-14-41.ids_4,30,0,closing_bottle,bottle,train,train,12078
steering_wheel__run1_2018-05-03-14-08-31.ids_4__vp2__ann72__ch0.jpg,steering_wheel,2,vp2/run1_2018-05-03-14-08-31.ids_4,72,0,opening_bottle,bottle,train,train,39919
steering_wheel__run2_2018-05-24-14-35-56.ids_4__vp11__ann46__ch1.jpg,steering_wheel,11,vp11/run2_2018-05-24-14-35-56.ids_4,46,1,closing_bottle,bottle,train,test,12856
steering_wheel__run1_2018-05-30-13-05-35.ids_4__vp15__ann79__ch2.jpg,steering_wheel,15,vp15/run1_2018-05-30-13-05-35.ids_4,79,2,closing_bottle,bottle,train,val,20691
steering_wheel__run1_2018-05-24-15-44-28.ids_4__vp12__ann35__ch0.jpg,steering_wheel,12,vp12/run1_2018-05-24-15-44-28.ids_4,35,0,opening_bottle,bottle,train,train,17401
steering_wheel__run2_2018-05-30-10-42-33.ids_4__vp14__ann101__ch1.jpg,steering_wheel,14,vp14/run2_2018-05-30-10-42-33.ids_4,101,1,closing_bottle,bottle,test,val,40461
steering_wheel__run2_2018-05-24-14-08-46.ids_4__vp10__ann94__ch0.jpg,steering_wheel,10,vp10/run2_2018-05-24-14-08-46.ids_4,94,0,opening_bottle,bottle,train,train,33894
steering_wheel__run2_2018-05-24-14-35-56.ids_4__vp11__ann65__ch0.jpg,steering_wheel,11,vp11/run2_2018-05-24-14-35-56.ids_4,65,0,opening_bottle,bottle,train,test,16881
steering_wheel__run2_2018-05-24-16-21-35.ids_4__vp12__ann102__ch0.jpg,steering_wheel,12,vp12/run2_2018-05-24-16-21-35.ids_4,102,0,opening_bottle,bottle,train,train,41317
steering_wheel__run2_2018-05-30-13-34-33.ids_4__vp15__ann33__ch0.jpg,steering_wheel,15,vp15/run2_2018-05-30-13-34-33.ids_4,33,0,opening_bottle,bottle,train,val,12788
steering_wheel__run1b_2018-05-23-16-19-17.ids_4__vp9__ann17__ch1.jpg,steering_wheel,9,vp9/run1b_2018-05-23-16-19-17.ids_4,17,1,opening_bottle,bottle,test,train,9109
steering_wheel__run1_2018-05-30-13-05-35.ids_4__vp15__ann79__ch0.jpg,steering_wheel,15,vp15/run1_2018-05-30-13-05-35.ids_4,79,0,closing_bottle,bottle,train,val,20530
steering_wheel__run1b_2018-05-08-08-46-01.ids_4__vp3__ann97__ch0.jpg,steering_wheel,3,vp3/run1b_2018-05-08-08-46-01.ids_4,97,0,closing_bottle,bottle,train,train,36858
steering_wheel__run2_2018-05-30-10-42-33.ids_4__vp14__ann12__ch0.jpg,steering_wheel,14,vp14/run2_2018-05-30-10-42-33.ids_4,12,0,closing_bottle,bottle,test,val,7692
steering_wheel__run2_2018-05-29-14-33-44.ids_4__vp1__ann45__ch0.jpg,steering_wheel,1,vp1/run2_2018-05-29-14-33-44.ids_4,45,0,opening_bottle,bottle,train,train,21125
steering_wheel__run1b_2018-05-29-14-02-47.ids_4__vp1__ann100__ch1.jpg,steering_wheel,1,vp1/run1b_2018-05-29-14-02-47.ids_4,100,1,closing_bottle,bottle,train,train,27175
steering_wheel__run2b_2018-05-23-13-54-07.ids_4__vp7__ann38__ch1.jpg,steering_wheel,7,vp7/run2b_2018-05-23-13-54-07.ids_4,38,1,closing_bottle,bottle,val,train,15448
steering_wheel__run1_2018-05-24-13-14-41.ids_4__vp10__ann11__ch1.jpg,steering_wheel,10,vp10/run1_2018-05-24-13-14-41.ids_4,11,1,opening_bottle,bottle,train,train,9158
steering_wheel__run1_2018-05-24-13-14-41.ids_4__vp10__ann28__ch1.jpg,steering_wheel,10,vp10/run1_2018-05-24-13-14-41.ids_4,28,1,opening_bottle,bottle,train,train,11946
steering_wheel__run2_2018-05-30-11-34-54.ids_4__vp13__ann57__ch1.jpg,steering_wheel,13,vp13/run2_2018-05-30-11-34-54.ids_4,57,1,closing_bottle,bottle,train,test,24666
steering_wheel__run2_2018-05-24-17-22-26.ids_4__vp2__ann41__ch1.jpg,steering_wheel,2,vp2/run2_2018-05-24-17-22-26.ids_4,41,1,opening_bottle,bottle,train,train,21304
steering_wheel__run1_2018-05-29-15-21-10.ids_4__vp13__ann47__ch1.jpg,steering_wheel,13,vp13/run1_2018-05-29-15-21-10.ids_4,47,1,closing_bottle,bottle,train,test,25624
steering_wheel__run2_2018-05-24-16-21-35.ids_4__vp12__ann89__ch1.jpg,steering_wheel,12,vp12/run2_2018-05-24-16-21-35.ids_4,89,1,closing_bottle,bottle,train,train,35895
steering_wheel__run2_2018-05-30-10-42-33.ids_4__vp14__ann10__ch1.jpg,steering_wheel,14,vp14/run2_2018-05-30-10-42-33.ids_4,10,1,opening_bottle,bottle,test,val,7466
steering_wheel__run2_2018-05-24-16-21-35.ids_4__vp12__ann6__ch0.jpg,steering_wheel,12,vp12/run2_2018-05-24-16-21-35.ids_4,6,0,opening_bottle,bottle,train,train,7521
a_column_co_driver__run1b_2018-05-08-08-46-01.ids_2__vp3__ann80__ch1.jpg,a_column_co_driver,3,vp3/run1b_2018-05-08-08-46-01.ids_2,80,1,eating,food,train,train,32141
a_column_co_driver__run1b_2018-05-23-16-19-17.ids_2__vp9__ann28__ch6.jpg,a_column_co_driver,9,vp9/run1b_2018-05-23-16-19-17.ids_2,28,6,eating,food,test,train,10920
a_column_co_driver__run1_2018-05-24-13-44-01.ids_2__vp11__ann85__ch0.jpg,a_column_co_driver,11,vp11/run1_2018-05-24-13-44-01.ids_2,85,0,eating,food,train,test,31275
a_column_co_driver__run2_2018-05-24-16-21-35.ids_2__vp12__ann64__ch5.jpg,a_column_co_driver,12,vp12/run2_2018-05-24-16-21-35.ids_2,64,5,eating,food,train,train,24698
a_column_co_driver__run1_2018-05-23-13-16-52.ids_2__vp7__ann81__ch7.jpg,a_column_co_driver,7,vp7/run1_2018-05-23-13-16-52.ids_2,81,7,eating,food,val,train,25095
a_column_co_driver__run1_2018-05-24-13-44-01.ids_2__vp11__ann94__ch0.jpg,a_column_co_driver,11,vp11/run1_2018-05-24-13-44-01.ids_2,94,0,preparing_food,food,train,test,32575
a_column_co_driver__run2_2018-05-29-14-33-44.ids_2__vp1__ann41__ch5.jpg,a_column_co_driver,1,vp1/run2_2018-05-29-14-33-44.ids_2,41,5,eating,food,train,train,20234
a_column_co_driver__run2_2018-05-24-14-35-56.ids_2__vp11__ann77__ch0.jpg,a_column_co_driver,11,vp11/run2_2018-05-24-14-35-56.ids_2,77,0,eating,food,train,test,18763
a_column_co_driver__run1d_2018-05-23-14-54-38.ids_2__vp8__ann58__ch28.jpg,a_column_co_driver,8,vp8/run1d_2018-05-23-14-54-38.ids_2,58,28,eating,food,val,train,31562
a_column_co_driver__run1_2018-05-30-10-11-09.ids_2__vp14__ann28__ch3.jpg,a_column_co_driver,14,vp14/run1_2018-05-30-10-11-09.ids_2,28,3,eating,food,test,val,13703
a_column_co_driver__run1_2018-05-22-15-10-41.ids_2__vp5__ann32__ch0.jpg,a_column_co_driver,5,vp5/run1_2018-05-22-15-10-41.ids_2,32,0,eating,food,train,test,17765
a_column_co_driver__run2_2018-05-29-16-03-37.ids_2__vp3__ann78__ch3.jpg,a_column_co_driver,3,vp3/run2_2018-05-29-16-03-37.ids_2,78,3,eating,food,train,train,29916
a_column_co_driver__run1_2018-05-22-15-10-41.ids_2__vp5__ann49__ch2.jpg,a_column_co_driver,5,vp5/run1_2018-05-22-15-10-41.ids_2,49,2,eating,food,train,test,21115
a_column_co_driver__run2_2018-05-22-14-25-04.ids_2__vp4__ann104__ch9.jpg,a_column_co_driver,4,vp4/run2_2018-05-22-14-25-04.ids_2,104,9,eating,food,train,train,49086
a_column_co_driver__run2_2018-05-24-17-22-26.ids_2__vp2__ann38__ch3.jpg,a_column_co_driver,2,vp2/run2_2018-05-24-17-22-26.ids_2,38,3,eating,food,train,train,20108
a_column_co_driver__run1b_2018-05-23-16-19-17.ids_2__vp9__ann75__ch2.jpg,a_column_co_driver,9,vp9/run1b_2018-05-23-16-19-17.ids_2,75,2,eating,food,test,train,19554
a_column_co_driver__run2_2018-05-22-14-25-04.ids_2__vp4__ann106__ch0.jpg,a_column_co_driver,4,vp4/run2_2018-05-22-14-25-04.ids_2,106,0,eating,food,train,train,49175
a_column_co_driver__run1_2018-05-22-15-10-41.ids_2__vp5__ann34__ch2.jpg,a_column_co_driver,5,vp5/run1_2018-05-22-15-10-41.ids_2,34,2,eating,food,train,test,18423
a_column_co_driver__run1_2018-05-24-15-44-28.ids_2__vp12__ann42__ch14.jpg,a_column_co_driver,12,vp12/run1_2018-05-24-15-44-28.ids_2,42,14,eating,food,train,train,19650
a_column_co_driver__run1_2018-05-22-15-10-41.ids_2__vp5__ann53__ch3.jpg,a_column_co_driver,5,vp5/run1_2018-05-22-15-10-41.ids_2,53,3,eating,food,train,test,25293
a_column_co_driver__run1_2018-05-22-15-10-41.ids_2__vp5__ann49__ch14.jpg,a_column_co_driver,5,vp5/run1_2018-05-22-15-10-41.ids_2,49,14,eating,food,train,test,22188
a_column_co_driver__run1d_2018-05-23-14-54-38.ids_2__vp8__ann58__ch25.jpg,a_column_co_driver,8,vp8/run1d_2018-05-23-14-54-38.ids_2,58,25,eating,food,val,train,31293
a_column_co_driver__run1d_2018-05-23-14-54-38.ids_2__vp8__ann58__ch17.jpg,a_column_co_driver,8,vp8/run1d_2018-05-23-14-54-38.ids_2,58,17,eating,food,val,train,30574
a_column_co_driver__run1_2018-05-24-13-44-01.ids_2__vp11__ann82__ch2.jpg,a_column_co_driver,11,vp11/run1_2018-05-24-13-44-01.ids_2,82,2,eating,food,train,test,31095
a_column_co_driver__run2_2018-05-24-14-35-56.ids_2__vp11__ann70__ch5.jpg,a_column_co_driver,11,vp11/run2_2018-05-24-14-35-56.ids_2,70,5,eating,food,train,test,17678
a_column_co_driver__run1_2018-05-29-15-21-10.ids_2__vp13__ann39__ch9.jpg,a_column_co_driver,13,vp13/run1_2018-05-29-15-21-10.ids_2,39,9,eating,food,train,test,22480
a_column_co_driver__run1_2018-05-24-15-44-28.ids_2__vp12__ann42__ch9.jpg,a_column_co_driver,12,vp12/run1_2018-05-24-15-44-28.ids_2,42,9,eating,food,train,train,19202
a_column_co_driver__run1_2018-05-30-13-05-35.ids_2__vp15__ann18__ch2.jpg,a_column_co_driver,15,vp15/run1_2018-05-30-13-05-35.ids_2,18,2,eating,food,train,val,9335
a_column_co_driver__run1_2018-05-22-15-10-41.ids_2__vp5__ann105__ch0.jpg,a_column_co_driver,5,vp5/run1_2018-05-22-15-10-41.ids_2,105,0,eating,food,train,test,40975
a_column_co_driver__run2_2018-05-23-15-30-27.ids_2__vp8__ann69__ch5.jpg,a_column_co_driver,8,vp8/run2_2018-05-23-15-30-27.ids_2,69,5,eating,food,val,train,20988
a_column_co_driver__run2_2018-05-23-15-30-27.ids_2__vp8__ann15__ch0.jpg,a_column_co_driver,8,vp8/run2_2018-05-23-15-30-27.ids_2,15,0,preparing_food,food,val,train,7302
a_column_co_driver__run1_2018-05-22-15-10-41.ids_2__vp5__ann49__ch11.jpg,a_column_co_driver,5,vp5/run1_2018-05-22-15-10-41.ids_2,49,11,eating,food,train,test,21920
a_column_co_driver__run1_2018-05-24-13-14-41.ids_2__vp10__ann90__ch1.jpg,a_column_co_driver,10,vp10/run1_2018-05-24-13-14-41.ids_2,90,1,eating,food,train,train,28999
a_column_co_driver__run1_2018-05-30-13-05-35.ids_2__vp15__ann12__ch2.jpg,a_column_co_driver,15,vp15/run1_2018-05-30-13-05-35.ids_2,12,2,eating,food,train,val,8670
a_column_co_driver__run1_2018-05-29-15-21-10.ids_2__vp13__ann39__ch5.jpg,a_column_co_driver,13,vp13/run1_2018-05-29-15-21-10.ids_2,39,5,eating,food,train,test,22121
a_column_co_driver__run2_2018-05-30-10-42-33.ids_2__vp14__ann93__ch33.jpg,a_column_co_driver,14,vp14/run2_2018-05-30-10-42-33.ids_2,93,33,eating,food,test,val,37285
a_column_co_driver__run2_2018-05-24-16-21-35.ids_2__vp12__ann85__ch16.jpg,a_column_co_driver,12,vp12/run2_2018-05-24-16-21-35.ids_2,85,16,eating,food,train,train,34684
a_column_co_driver__run2_2018-05-24-16-21-35.ids_2__vp12__ann99__ch8.jpg,a_column_co_driver,12,vp12/run2_2018-05-24-16-21-35.ids_2,99,8,eating,food,train,train,39955
a_column_co_driver__run2_2018-05-30-13-34-33.ids_2__vp15__ann20__ch2.jpg,a_column_co_driver,15,vp15/run2_2018-05-30-13-34-33.ids_2,20,2,eating,food,train,val,11077
a_column_co_driver__run2_2018-05-22-14-25-04.ids_2__vp4__ann11__ch4.jpg,a_column_co_driver,4,vp4/run2_2018-05-22-14-25-04.ids_2,11,4,eating,food,train,train,12095
a_column_co_driver__run2_2018-05-30-10-42-33.ids_2__vp14__ann78__ch3.jpg,a_column_co_driver,14,vp14/run2_2018-05-30-10-42-33.ids_2,78,3,eating,food,test,val,30720
a_column_co_driver__run1_2018-05-22-13-28-51.ids_2__vp4__ann100__ch0.jpg,a_column_co_driver,4,vp4/run1_2018-05-22-13-28-51.ids_2,100,0,eating,food,train,train,45225
a_column_co_driver__run1_2018-05-22-15-10-41.ids_2__vp5__ann105__ch15.jpg,a_column_co_driver,5,vp5/run1_2018-05-22-15-10-41.ids_2,105,15,eating,food,train,test,42287
a_column_co_driver__run2_2018-05-24-16-21-35.ids_2__vp12__ann64__ch0.jpg,a_column_co_driver,12,vp12/run2_2018-05-24-16-21-35.ids_2,64,0,eating,food,train,train,24252
a_column_co_driver__run1d_2018-05-23-14-54-38.ids_2__vp8__ann58__ch9.jpg,a_column_co_driver,8,vp8/run1d_2018-05-23-14-54-38.ids_2,58,9,eating,food,val,train,29853
a_column_co_driver__run2_2018-05-24-14-35-56.ids_2__vp11__ann77__ch7.jpg,a_column_co_driver,11,vp11/run2_2018-05-24-14-35-56.ids_2,77,7,eating,food,train,test,19393
a_column_co_driver__run2_2018-05-23-15-30-27.ids_2__vp8__ann15__ch1.jpg,a_column_co_driver,8,vp8/run2_2018-05-23-15-30-27.ids_2,15,1,preparing_food,food,val,train,7359
a_column_co_driver__run1b_2018-05-08-08-46-01.ids_2__vp3__ann70__ch7.jpg,a_column_co_driver,3,vp3/run1b_2018-05-08-08-46-01.ids_2,70,7,eating,food,train,train,30878
a_column_co_driver__run1_2018-05-30-13-05-35.ids_2__vp15__ann12__ch0.jpg,a_column_co_driver,15,vp15/run1_2018-05-30-13-05-35.ids_2,12,0,eating,food,train,val,8488
a_column_co_driver__run1_2018-05-24-15-44-28.ids_2__vp12__ann42__ch10.jpg,a_column_co_driver,12,vp12/run1_2018-05-24-15-44-28.ids_2,42,10,eating,food,train,train,19291
a_column_co_driver__run1_2018-05-24-13-14-41.ids_2__vp10__ann16__ch3.jpg,a_column_co_driver,10,vp10/run1_2018-05-24-13-14-41.ids_2,16,3,eating,food,train,train,9758
a_column_co_driver__run1_2018-05-23-13-16-52.ids_2__vp7__ann60__ch5.jpg,a_column_co_driver,7,vp7/run1_2018-05-23-13-16-52.ids_2,60,5,eating,food,val,train,19923
a_column_co_driver__run2_2018-05-23-15-30-27.ids_2__vp8__ann26__ch9.jpg,a_column_co_driver,8,vp8/run2_2018-05-23-15-30-27.ids_2,26,9,eating,food,val,train,10249
a_column_co_driver__run1_2018-05-30-10-11-09.ids_2__vp14__ann86__ch0.jpg,a_column_co_driver,14,vp14/run1_2018-05-30-10-11-09.ids_2,86,0,eating,food,test,val,34510
a_column_co_driver__run1_2018-05-23-13-16-52.ids_2__vp7__ann60__ch4.jpg,a_column_co_driver,7,vp7/run1_2018-05-23-13-16-52.ids_2,60,4,eating,food,val,train,19833
a_column_co_driver__run2_2018-05-30-10-42-33.ids_2__vp14__ann78__ch7.jpg,a_column_co_driver,14,vp14/run2_2018-05-30-10-42-33.ids_2,78,7,eating,food,test,val,31044
a_column_co_driver__run1b_2018-05-08-08-46-01.ids_2__vp3__ann70__ch3.jpg,a_column_co_driver,3,vp3/run1b_2018-05-08-08-46-01.ids_2,70,3,eating,food,train,train,30518
a_column_co_driver__run1_2018-05-22-15-10-41.ids_2__vp5__ann127__ch2.jpg,a_column_co_driver,5,vp5/run1_2018-05-22-15-10-41.ids_2,127,2,eating,food,train,test,47893
a_column_co_driver__run2_2018-05-30-10-42-33.ids_2__vp14__ann93__ch26.jpg,a_column_co_driver,14,vp14/run2_2018-05-30-10-42-33.ids_2,93,26,eating,food,test,val,36656
a_column_co_driver__run2_2018-05-29-14-33-44.ids_2__vp1__ann40__ch0.jpg,a_column_co_driver,1,vp1/run2_2018-05-29-14-33-44.ids_2,40,0,preparing_food,food,train,train,19671
a_column_co_driver__run1_2018-05-24-13-14-41.ids_2__vp10__ann92__ch10.jpg,a_column_co_driver,10,vp10/run1_2018-05-24-13-14-41.ids_2,92,10,eating,food,train,train,32386
a_column_co_driver__run1_2018-05-23-13-16-52.ids_2__vp7__ann81__ch13.jpg,a_column_co_driver,7,vp7/run1_2018-05-23-13-16-52.ids_2,81,13,eating,food,val,train,25639
a_column_co_driver__run1_2018-05-24-15-44-28.ids_2__vp12__ann65__ch1.jpg,a_column_co_driver,12,vp12/run1_2018-05-24-15-44-28.ids_2,65,1,eating,food,train,train,29518
a_column_co_driver__run1_2018-05-30-10-11-09.ids_2__vp14__ann90__ch19.jpg,a_column_co_driver,14,vp14/run1_2018-05-30-10-11-09.ids_2,90,19,eating,food,test,val,39851
a_column_co_driver__run1_2018-05-30-10-11-09.ids_2__vp14__ann16__ch4.jpg,a_column_co_driver,14,vp14/run1_2018-05-30-10-11-09.ids_2,16,4,eating,food,test,val,10901
a_column_co_driver__run1_2018-05-30-13-05-35.ids_2__vp15__ann11__ch1.jpg,a_column_co_driver,15,vp15/run1_2018-05-30-13-05-35.ids_2,11,1,preparing_food,food,train,val,8377
a_column_co_driver__run2_2018-05-30-10-42-33.ids_2__vp14__ann93__ch2.jpg,a_column_co_driver,14,vp14/run2_2018-05-30-10-42-33.ids_2,93,2,eating,food,test,val,34499
a_column_co_driver__run1d_2018-05-23-14-54-38.ids_2__vp8__ann78__ch2.jpg,a_column_co_driver,8,vp8/run1d_2018-05-23-14-54-38.ids_2,78,2,eating,food,val,train,37367
a_column_co_driver__run2_2018-05-24-14-35-56.ids_2__vp11__ann62__ch0.jpg,a_column_co_driver,11,vp11/run2_2018-05-24-14-35-56.ids_2,62,0,preparing_food,food,train,test,16357
a_column_co_driver__run2_2018-05-30-11-34-54.ids_2__vp13__ann48__ch1.jpg,a_column_co_driver,13,vp13/run2_2018-05-30-11-34-54.ids_2,48,1,eating,food,train,test,21364
a_column_co_driver__run1_2018-05-24-13-14-41.ids_2__vp10__ann90__ch11.jpg,a_column_co_driver,10,vp10/run1_2018-05-24-13-14-41.ids_2,90,11,eating,food,train,train,29895
a_column_co_driver__run1_2018-05-30-10-11-09.ids_2__vp14__ann90__ch4.jpg,a_column_co_driver,14,vp14/run1_2018-05-30-10-11-09.ids_2,90,4,eating,food,test,val,38500
a_column_co_driver__run2_2018-05-30-10-42-33.ids_2__vp14__ann78__ch4.jpg,a_column_co_driver,14,vp14/run2_2018-05-30-10-42-33.ids_2,78,4,eating,food,test,val,30810
a_column_co_driver__run2_2018-05-24-14-35-56.ids_2__vp11__ann77__ch9.jpg,a_column_co_driver,11,vp11/run2_2018-05-24-14-35-56.ids_2,77,9,eating,food,train,test,19551
a_column_co_driver__run1_2018-05-24-13-44-01.ids_2__vp11__ann85__ch4.jpg,a_column_co_driver,11,vp11/run1_2018-05-24-13-44-01.ids_2,85,4,eating,food,train,test,31607
a_column_co_driver__run1_2018-05-30-13-05-35.ids_2__vp15__ann11__ch0.jpg,a_column_co_driver,15,vp15/run1_2018-05-30-13-05-35.ids_2,11,0,preparing_food,food,train,val,8287
a_column_co_driver__run1_2018-05-30-10-11-09.ids_2__vp14__ann90__ch17.jpg,a_column_co_driver,14,vp14/run1_2018-05-30-10-11-09.ids_2,90,17,eating,food,test,val,39668
a_column_co_driver__run2_2018-05-30-10-42-33.ids_2__vp14__ann93__ch17.jpg,a_column_co_driver,14,vp14/run2_2018-05-30-10-42-33.ids_2,93,17,eating,food,test,val,35850
a_column_co_driver__run1b_2018-05-08-08-46-01.ids_2__vp3__ann80__ch3.jpg,a_column_co_driver,3,vp3/run1b_2018-05-08-08-46-01.ids_2,80,3,eating,food,train,train,32322
a_column_co_driver__run2_2018-05-24-16-21-35.ids_2__vp12__ann85__ch14.jpg,a_column_co_driver,12,vp12/run2_2018-05-24-16-21-35.ids_2,85,14,eating,food,train,train,34504
a_column_co_driver__run2_2018-05-24-17-22-26.ids_2__vp2__ann38__ch8.jpg,a_column_co_driver,2,vp2/run2_2018-05-24-17-22-26.ids_2,38,8,eating,food,train,train,20563
a_column_co_driver__run1_2018-05-24-13-14-41.ids_2__vp10__ann90__ch2.jpg,a_column_co_driver,10,vp10/run1_2018-05-24-13-14-41.ids_2,90,2,eating,food,train,train,29088
a_column_co_driver__run1_2018-05-30-10-11-09.ids_2__vp14__ann90__ch22.jpg,a_column_co_driver,14,vp14/run1_2018-05-30-10-11-09.ids_2,90,22,eating,food,test,val,40122
a_column_co_driver__run2_2018-05-30-10-42-33.ids_2__vp14__ann93__ch16.jpg,a_column_co_driver,14,vp14/run2_2018-05-30-10-42-33.ids_2,93,16,eating,food,test,val,35762
a_column_co_driver__run1b_2018-05-23-16-19-17.ids_2__vp9__ann25__ch0.jpg,a_column_co_driver,9,vp9/run1b_2018-05-23-16-19-17.ids_2,25,0,preparing_food,food,test,train,9988
a_column_co_driver__run1_2018-05-30-10-11-09.ids_2__vp14__ann90__ch35.jpg,a_column_co_driver,14,vp14/run1_2018-05-30-10-11-09.ids_2,90,35,eating,food,test,val,41254
a_column_co_driver__run1_2018-05-22-15-10-41.ids_2__vp5__ann49__ch31.jpg,a_column_co_driver,5,vp5/run1_2018-05-22-15-10-41.ids_2,49,31,eating,food,train,test,23717
a_column_co_driver__run1_2018-05-24-13-14-41.ids_2__vp10__ann21__ch0.jpg,a_column_co_driver,10,vp10/run1_2018-05-24-13-14-41.ids_2,21,0,eating,food,train,train,10941
a_column_co_driver__run2_2018-05-30-10-42-33.ids_2__vp14__ann93__ch25.jpg,a_column_co_driver,14,vp14/run2_2018-05-30-10-42-33.ids_2,93,25,eating,food,test,val,36565
a_column_co_driver__run1_2018-05-22-13-28-51.ids_2__vp4__ann24__ch3.jpg,a_column_co_driver,4,vp4/run1_2018-05-22-13-28-51.ids_2,24,3,eating,food,train,train,16390
a_column_co_driver__run2_2018-05-30-10-42-33.ids_2__vp14__ann78__ch2.jpg,a_column_co_driver,14,vp14/run2_2018-05-30-10-42-33.ids_2,78,2,eating,food,test,val,30631
a_column_co_driver__run1_2018-05-30-10-11-09.ids_2__vp14__ann86__ch5.jpg,a_column_co_driver,14,vp14/run1_2018-05-30-10-11-09.ids_2,86,5,eating,food,test,val,34955
a_column_co_driver__run2_2018-05-30-10-42-33.ids_2__vp14__ann104__ch4.jpg,a_column_co_driver,14,vp14/run2_2018-05-30-10-42-33.ids_2,104,4,eating,food,test,val,40730
a_column_co_driver__run1b_2018-05-23-16-19-17.ids_2__vp9__ann23__ch1.jpg,a_column_co_driver,9,vp9/run1b_2018-05-23-16-19-17.ids_2,23,1,preparing_food,food,test,train,9760
a_column_co_driver__run1_2018-05-30-10-11-09.ids_2__vp14__ann86__ch16.jpg,a_column_co_driver,14,vp14/run1_2018-05-30-10-11-09.ids_2,86,16,eating,food,test,val,35952
a_column_co_driver__run2_2018-05-23-15-30-27.ids_2__vp8__ann69__ch6.jpg,a_column_co_driver,8,vp8/run2_2018-05-23-15-30-27.ids_2,69,6,eating,food,val,train,21078
a_column_co_driver__run2_2018-05-24-14-35-56.ids_2__vp11__ann63__ch0.jpg,a_column_co_driver,11,vp11/run2_2018-05-24-14-35-56.ids_2,63,0,eating,food,train,test,16541
a_column_co_driver__run2_2018-05-23-15-30-27.ids_2__vp8__ann26__ch6.jpg,a_column_co_driver,8,vp8/run2_2018-05-23-15-30-27.ids_2,26,6,eating,food,val,train,10006
a_column_co_driver__run2_2018-05-22-14-25-04.ids_2__vp4__ann106__ch2.jpg,a_column_co_driver,4,vp4/run2_2018-05-22-14-25-04.ids_2,106,2,eating,food,train,train,49330
a_column_co_driver__run1b_2018-05-08-08-46-01.ids_2__vp3__ann70__ch0.jpg,a_column_co_driver,3,vp3/run1b_2018-05-08-08-46-01.ids_2,70,0,eating,food,train,train,30247
a_column_driver__run2_2018-05-24-14-08-46.ids_5__vp10__ann100__ch0.jpg,a_column_driver,10,vp10/run2_2018-05-24-14-08-46.ids_5,100,0,preparing_food,food,train,train,34983
a_column_driver__run2_2018-05-30-10-42-33.ids_5__vp14__ann80__ch6.jpg,a_column_driver,14,vp14/run2_2018-05-30-10-42-33.ids_5,80,6,eating,food,test,val,31968
a_column_driver__run1b_2018-05-08-08-46-01.ids_5__vp3__ann70__ch6.jpg,a_column_driver,3,vp3/run1b_2018-05-08-08-46-01.ids_5,70,6,eating,food,train,train,30787
a_column_driver__run2_2018-05-30-11-34-54.ids_5__vp13__ann48__ch3.jpg,a_column_driver,13,vp13/run2_2018-05-30-11-34-54.ids_5,48,3,eating,food,train,test,21611
a_column_driver__run1_2018-05-24-15-44-28.ids_5__vp12__ann40__ch5.jpg,a_column_driver,12,vp12/run1_2018-05-24-15-44-28.ids_5,40,5,eating,food,train,train,18351
a_column_driver__run2_2018-05-24-17-22-26.ids_5__vp2__ann38__ch6.jpg,a_column_driver,2,vp2/run2_2018-05-24-17-22-26.ids_5,38,6,eating,food,train,train,20501
a_column_driver__run2_2018-05-24-16-21-35.ids_5__vp12__ann99__ch6.jpg,a_column_driver,12,vp12/run2_2018-05-24-16-21-35.ids_5,99,6,eating,food,train,train,39926
a_column_driver__run2b_2018-05-22-15-50-07.ids_5__vp5__ann76__ch0.jpg,a_column_driver,5,vp5/run2b_2018-05-22-15-50-07.ids_5,76,0,eating,food,train,test,27785
a_column_driver__run2_2018-05-23-15-30-27.ids_5__vp8__ann26__ch3.jpg,a_column_driver,8,vp8/run2_2018-05-23-15-30-27.ids_5,26,3,eating,food,val,train,9765
a_column_driver__run2_2018-05-30-10-42-33.ids_5__vp14__ann93__ch33.jpg,a_column_driver,14,vp14/run2_2018-05-30-10-42-33.ids_5,93,33,eating,food,test,val,37423
a_column_driver__run1_2018-05-24-13-44-01.ids_5__vp11__ann95__ch0.jpg,a_column_driver,11,vp11/run1_2018-05-24-13-44-01.ids_5,95,0,eating,food,train,test,32898
a_column_driver__run1_2018-05-22-15-10-41.ids_5__vp5__ann119__ch0.jpg,a_column_driver,5,vp5/run1_2018-05-22-15-10-41.ids_5,119,0,eating,food,train,test,44060
a_column_driver__run1_2018-05-22-13-28-51.ids_5__vp4__ann100__ch2.jpg,a_column_driver,4,vp4/run1_2018-05-22-13-28-51.ids_5,100,2,eating,food,train,train,45394
a_column_driver__run1_2018-05-24-13-14-41.ids_5__vp10__ann90__ch5.jpg,a_column_driver,10,vp10/run1_2018-05-24-13-14-41.ids_5,90,5,eating,food,train,train,29475
a_column_driver__run1_2018-05-22-15-10-41.ids_5__vp5__ann47__ch0.jpg,a_column_driver,5,vp5/run1_2018-05-22-15-10-41.ids_5,47,0,eating,food,train,test,20841
a_column_driver__run1b_2018-05-23-16-19-17.ids_5__vp9__ann54__ch3.jpg,a_column_driver,9,vp9/run1b_2018-05-23-16-19-17.ids_5,54,3,eating,food,test,train,17697
a_column_driver__run1b_2018-05-23-16-19-17.ids_5__vp9__ann36__ch0.jpg,a_column_driver,9,vp9/run1b_2018-05-23-16-19-17.ids_5,36,0,eating,food,test,train,12503
a_column_driver__run2_2018-05-24-14-35-56.ids_5__vp11__ann70__ch5.jpg,a_column_driver,11,vp11/run2_2018-05-24-14-35-56.ids_5,70,5,eating,food,train,test,17732
a_column_driver__run1b_2018-05-08-08-46-01.ids_5__vp3__ann80__ch1.jpg,a_column_driver,3,vp3/run1b_2018-05-08-08-46-01.ids_5,80,1,eating,food,train,train,32143
a_column_driver__run2_2018-05-29-14-33-44.ids_5__vp1__ann43__ch0.jpg,a_column_driver,1,vp1/run2_2018-05-29-14-33-44.ids_5,43,0,eating,food,train,train,20852
a_column_driver__run1b_2018-05-23-16-19-17.ids_5__vp9__ann26__ch1.jpg,a_column_driver,9,vp9/run1b_2018-05-23-16-19-17.ids_5,26,1,eating,food,test,train,10216
a_column_driver__run1d_2018-05-23-14-54-38.ids_5__vp8__ann78__ch7.jpg,a_column_driver,8,vp8/run1d_2018-05-23-14-54-38.ids_5,78,7,eating,food,val,train,37952
a_column_driver__run1b_2018-05-23-16-19-17.ids_5__vp9__ann75__ch2.jpg,a_column_driver,9,vp9/run1b_2018-05-23-16-19-17.ids_5,75,2,eating,food,test,train,19605
a_column_driver__run1_2018-05-24-13-44-01.ids_5__vp11__ann108__ch2.jpg,a_column_driver,11,vp11/run1_2018-05-24-13-44-01.ids_5,108,2,eating,food,train,test,35793
a_column_driver__run1d_2018-05-23-14-54-38.ids_5__vp8__ann78__ch18.jpg,a_column_driver,8,vp8/run1d_2018-05-23-14-54-38.ids_5,78,18,eating,food,val,train,38950
a_column_driver__run1_2018-05-30-10-11-09.ids_5__vp14__ann86__ch17.jpg,a_column_driver,14,vp14/run1_2018-05-30-10-11-09.ids_5,86,17,eating,food,test,val,36114
a_column_driver__run1_2018-05-22-15-10-41.ids_5__vp5__ann105__ch5.jpg,a_column_driver,5,vp5/run1_2018-05-22-15-10-41.ids_5,105,5,eating,food,train,test,41501
a_column_driver__run1_2018-05-03-14-08-31.ids_5__vp2__ann70__ch0.jpg,a_column_driver,2,vp2/run1_2018-05-03-14-08-31.ids_5,70,0,eating,food,train,train,39739
a_column_driver__run1_2018-05-24-15-44-28.ids_5__vp12__ann65__ch2.jpg,a_column_driver,12,vp12/run1_2018-05-24-15-44-28.ids_5,65,2,eating,food,train,train,29745
a_column_driver__run1_2018-05-30-10-11-09.ids_5__vp14__ann90__ch20.jpg,a_column_driver,14,vp14/run1_2018-05-30-10-11-09.ids_5,90,20,eating,food,test,val,40019
a_column_driver__run1_2018-05-24-13-44-01.ids_5__vp11__ann94__ch1.jpg,a_column_driver,11,vp11/run1_2018-05-24-13-44-01.ids_5,94,1,preparing_food,food,train,test,32746
a_column_driver__run1_2018-05-24-13-14-41.ids_5__vp10__ann92__ch5.jpg,a_column_driver,10,vp10/run1_2018-05-24-13-14-41.ids_5,92,5,eating,food,train,train,32068
a_column_driver__run1_2018-05-22-15-10-41.ids_5__vp5__ann105__ch11.jpg,a_column_driver,5,vp5/run1_2018-05-22-15-10-41.ids_5,105,11,eating,food,train,test,42041
a_column_driver__run1_2018-05-24-15-44-28.ids_5__vp12__ann42__ch3.jpg,a_column_driver,12,vp12/run1_2018-05-24-15-44-28.ids_5,42,3,eating,food,train,train,18744
a_column_driver__run1d_2018-05-23-14-54-38.ids_5__vp8__ann58__ch29.jpg,a_column_driver,8,vp8/run1d_2018-05-23-14-54-38.ids_5,58,29,eating,food,val,train,31762
a_column_driver__run1_2018-05-22-15-10-41.ids_5__vp5__ann123__ch4.jpg,a_column_driver,5,vp5/run1_2018-05-22-15-10-41.ids_5,123,4,eating,food,train,test,46063
a_column_driver__run2_2018-05-30-10-42-33.ids_5__vp14__ann93__ch34.jpg,a_column_driver,14,vp14/run2_2018-05-30-10-42-33.ids_5,93,34,eating,food,test,val,37513
a_column_driver__run2_2018-05-24-14-08-46.ids_5__vp10__ann89__ch0.jpg,a_column_driver,10,vp10/run2_2018-05-24-14-08-46.ids_5,89,0,preparing_food,food,train,train,32797
a_column_driver__run1_2018-05-29-15-21-10.ids_5__vp13__ann39__ch12.jpg,a_column_driver,13,vp13/run1_2018-05-29-15-21-10.ids_5,39,12,eating,food,train,test,22859
a_column_driver__run1_2018-05-23-13-16-52.ids_5__vp7__ann81__ch1.jpg,a_column_driver,7,vp7/run1_2018-05-23-13-16-52.ids_5,81,1,eating,food,val,train,25263
a_column_driver__run1_2018-05-24-13-44-01.ids_5__vp11__ann85__ch0.jpg,a_column_driver,11,vp11/run1_2018-05-24-13-44-01.ids_5,85,0,eating,food,train,test,31352
a_column_driver__run1_2018-05-23-13-16-52.ids_5__vp7__ann81__ch0.jpg,a_column_driver,7,vp7/run1_2018-05-23-13-16-52.ids_5,81,0,eating,food,val,train,25171
a_column_driver__run1_2018-05-24-13-14-41.ids_5__vp10__ann90__ch0.jpg,a_column_driver,10,vp10/run1_2018-05-24-13-14-41.ids_5,90,0,eating,food,train,train,29029
a_column_driver__run2_2018-05-22-14-25-04.ids_5__vp4__ann104__ch7.jpg,a_column_driver,4,vp4/run2_2018-05-22-14-25-04.ids_5,104,7,eating,food,train,train,48953
a_column_driver__run2_2018-05-23-11-05-00.ids_5__vp6__ann65__ch3.jpg,a_column_driver,6,vp6/run2_2018-05-23-11-05-00.ids_5,65,3,eating,food,train,train,29984
a_column_driver__run1_2018-05-22-15-10-41.ids_5__vp5__ann49__ch14.jpg,a_column_driver,5,vp5/run1_2018-05-22-15-10-41.ids_5,49,14,eating,food,train,test,22233
a_column_driver__run1_2018-05-24-13-14-41.ids_5__vp10__ann96__ch1.jpg,a_column_driver,10,vp10/run1_2018-05-24-13-14-41.ids_5,96,1,eating,food,train,train,34176
a_column_driver__run2_2018-05-30-10-42-33.ids_5__vp14__ann104__ch2.jpg,a_column_driver,14,vp14/run2_2018-05-30-10-42-33.ids_5,104,2,eating,food,test,val,40699
a_column_driver__run1_2018-05-23-13-16-52.ids_5__vp7__ann60__ch2.jpg,a_column_driver,7,vp7/run1_2018-05-23-13-16-52.ids_5,60,2,eating,food,val,train,20193
a_column_driver__run2_2018-05-30-10-42-33.ids_5__vp14__ann80__ch0.jpg,a_column_driver,14,vp14/run2_2018-05-30-10-42-33.ids_5,80,0,eating,food,test,val,31430
a_column_driver__run1b_2018-05-08-08-46-01.ids_5__vp3__ann100__ch1.jpg,a_column_driver,3,vp3/run1b_2018-05-08-08-46-01.ids_5,100,1,eating,food,train,train,38018
a_column_driver__run2_2018-05-29-14-33-44.ids_5__vp1__ann41__ch2.jpg,a_column_driver,1,vp1/run2_2018-05-29-14-33-44.ids_5,41,2,eating,food,train,train,20060
a_column_driver__run2_2018-05-24-16-21-35.ids_5__vp12__ann17__ch14.jpg,a_column_driver,12,vp12/run2_2018-05-24-16-21-35.ids_5,17,14,eating,food,train,train,10466
a_column_driver__run2_2018-05-24-16-21-35.ids_5__vp12__ann99__ch8.jpg,a_column_driver,12,vp12/run2_2018-05-24-16-21-35.ids_5,99,8,eating,food,train,train,40105
a_column_driver__run2_2018-05-24-16-21-35.ids_5__vp12__ann85__ch7.jpg,a_column_driver,12,vp12/run2_2018-05-24-16-21-35.ids_5,85,7,eating,food,train,train,33998
a_column_driver__run2_2018-05-30-10-42-33.ids_5__vp14__ann93__ch36.jpg,a_column_driver,14,vp14/run2_2018-05-30-10-42-33.ids_5,93,36,eating,food,test,val,37693
a_column_driver__run1_2018-05-24-13-14-41.ids_5__vp10__ann33__ch0.jpg,a_column_driver,10,vp10/run1_2018-05-24-13-14-41.ids_5,33,0,eating,food,train,train,12247
a_column_driver__run2_2018-05-29-16-03-37.ids_5__vp3__ann78__ch7.jpg,a_column_driver,3,vp3/run2_2018-05-29-16-03-37.ids_5,78,7,eating,food,train,train,30398
a_column_driver__run1b_2018-05-23-16-19-17.ids_5__vp9__ann54__ch1.jpg,a_column_driver,9,vp9/run1b_2018-05-23-16-19-17.ids_5,54,1,eating,food,test,train,17518
a_column_driver__run2_2018-05-30-10-42-33.ids_5__vp14__ann80__ch2.jpg,a_column_driver,14,vp14/run2_2018-05-30-10-42-33.ids_5,80,2,eating,food,test,val,31610
a_column_driver__run1_2018-05-24-13-14-41.ids_5__vp10__ann90__ch18.jpg,a_column_driver,10,vp10/run1_2018-05-24-13-14-41.ids_5,90,18,eating,food,train,train,30650
a_column_driver__run1_2018-05-22-15-10-41.ids_5__vp5__ann49__ch19.jpg,a_column_driver,5,vp5/run1_2018-05-22-15-10-41.ids_5,49,19,eating,food,train,test,22685
a_column_driver__run2_2018-05-30-10-42-33.ids_5__vp14__ann78__ch0.jpg,a_column_driver,14,vp14/run2_2018-05-30-10-42-33.ids_5,78,0,eating,food,test,val,30561
a_column_driver__run1_2018-05-22-15-10-41.ids_5__vp5__ann49__ch20.jpg,a_column_driver,5,vp5/run1_2018-05-22-15-10-41.ids_5,49,20,eating,food,train,test,22775
a_column_driver__run1_2018-05-22-15-10-41.ids_5__vp5__ann125__ch2.jpg,a_column_driver,5,vp5/run1_2018-05-22-15-10-41.ids_5,125,2,eating,food,train,test,46583
a_column_driver__run2_2018-05-24-14-35-56.ids_5__vp11__ann70__ch8.jpg,a_column_driver,11,vp11/run2_2018-05-24-14-35-56.ids_5,70,8,eating,food,train,test,18000
a_column_driver__run1_2018-05-24-13-44-01.ids_5__vp11__ann107__ch0.jpg,a_column_driver,11,vp11/run1_2018-05-24-13-44-01.ids_5,107,0,preparing_food,food,train,test,35518
a_column_driver__run2_2018-05-24-16-21-35.ids_5__vp12__ann62__ch1.jpg,a_column_driver,12,vp12/run2_2018-05-24-16-21-35.ids_5,62,1,preparing_food,food,train,train,24103
a_column_driver__run1_2018-05-22-15-10-41.ids_5__vp5__ann127__ch1.jpg,a_column_driver,5,vp5/run1_2018-05-22-15-10-41.ids_5,127,1,eating,food,train,test,47880
a_column_driver__run2_2018-05-23-11-05-00.ids_5__vp6__ann30__ch0.jpg,a_column_driver,6,vp6/run2_2018-05-23-11-05-00.ids_5,30,0,eating,food,train,train,14888
a_column_driver__run1_2018-05-24-15-44-28.ids_5__vp12__ann42__ch2.jpg,a_column_driver,12,vp12/run1_2018-05-24-15-44-28.ids_5,42,2,eating,food,train,train,18654
a_column_driver__run1b_2018-05-08-08-46-01.ids_5__vp3__ann70__ch5.jpg,a_column_driver,3,vp3/run1b_2018-05-08-08-46-01.ids_5,70,5,eating,food,train,train,30697
a_column_driver__run1_2018-05-22-15-10-41.ids_5__vp5__ann125__ch1.jpg,a_column_driver,5,vp5/run1_2018-05-22-15-10-41.ids_5,125,1,eating,food,train,test,46493
a_column_driver__run1_2018-05-24-13-14-41.ids_5__vp10__ann21__ch0.jpg,a_column_driver,10,vp10/run1_2018-05-24-13-14-41.ids_5,21,0,eating,food,train,train,10975
a_column_driver__run2_2018-05-22-14-25-04.ids_5__vp4__ann9__ch0.jpg,a_column_driver,4,vp4/run2_2018-05-22-14-25-04.ids_5,9,0,eating,food,train,train,11276
a_column_driver__run2_2018-05-29-14-33-44.ids_5__vp1__ann41__ch4.jpg,a_column_driver,1,vp1/run2_2018-05-29-14-33-44.ids_5,41,4,eating,food,train,train,20241
a_column_driver__run2_2018-05-24-16-21-35.ids_5__vp12__ann99__ch5.jpg,a_column_driver,12,vp12/run2_2018-05-24-16-21-35.ids_5,99,5,eating,food,train,train,39836
a_column_driver__run1_2018-05-22-15-10-41.ids_5__vp5__ann51__ch6.jpg,a_column_driver,5,vp5/run1_2018-05-22-15-10-41.ids_5,51,6,eating,food,train,test,24660
a_column_driver__run1_2018-05-22-15-10-41.ids_5__vp5__ann105__ch10.jpg,a_column_driver,5,vp5/run1_2018-05-22-15-10-41.ids_5,105,10,eating,food,train,test,41953
a_column_driver__run1_2018-05-24-15-44-28.ids_5__vp12__ann65__ch10.jpg,a_column_driver,12,vp12/run1_2018-05-24-15-44-28.ids_5,65,10,eating,food,train,train,30462
a_column_driver__run1_2018-05-30-10-11-09.ids_5__vp14__ann90__ch21.jpg,a_column_driver,14,vp14/run1_2018-05-30-10-11-09.ids_5,90,21,eating,food,test,val,40109
a_column_driver__run1_2018-05-30-10-11-09.ids_5__vp14__ann90__ch30.jpg,a_column_driver,14,vp14/run1_2018-05-30-10-11-09.ids_5,90,30,eating,food,test,val,40924
a_column_driver__run2b_2018-05-22-15-50-07.ids_5__vp5__ann70__ch4.jpg,a_column_driver,5,vp5/run2b_2018-05-22-15-50-07.ids_5,70,4,eating,food,train,test,26770
a_column_driver__run1_2018-05-24-13-44-01.ids_5__vp11__ann108__ch0.jpg,a_column_driver,11,vp11/run1_2018-05-24-13-44-01.ids_5,108,0,eating,food,train,test,35613
a_column_driver__run2_2018-05-24-16-21-35.ids_5__vp12__ann17__ch9.jpg,a_column_driver,12,vp12/run2_2018-05-24-16-21-35.ids_5,17,9,eating,food,train,train,10017
a_column_driver__run1_2018-05-30-10-11-09.ids_5__vp14__ann86__ch10.jpg,a_column_driver,14,vp14/run1_2018-05-30-10-11-09.ids_5,86,10,eating,food,test,val,35478
a_column_driver__run2_2018-05-24-16-21-35.ids_5__vp12__ann64__ch4.jpg,a_column_driver,12,vp12/run2_2018-05-24-16-21-35.ids_5,64,4,eating,food,train,train,24705
a_column_driver__run1_2018-05-24-13-14-41.ids_5__vp10__ann90__ch14.jpg,a_column_driver,10,vp10/run1_2018-05-24-13-14-41.ids_5,90,14,eating,food,train,train,30289
a_column_driver__run1b_2018-05-08-08-46-01.ids_5__vp3__ann80__ch6.jpg,a_column_driver,3,vp3/run1b_2018-05-08-08-46-01.ids_5,80,6,eating,food,train,train,32591
a_column_driver__run1_2018-05-23-13-16-52.ids_5__vp7__ann81__ch5.jpg,a_column_driver,7,vp7/run1_2018-05-23-13-16-52.ids_5,81,5,eating,food,val,train,25626
a_column_driver__run1_2018-05-22-15-10-41.ids_5__vp5__ann111__ch2.jpg,a_column_driver,5,vp5/run1_2018-05-22-15-10-41.ids_5,111,2,eating,food,train,test,43471
a_column_driver__run1_2018-05-22-15-10-41.ids_5__vp5__ann46__ch1.jpg,a_column_driver,5,vp5/run1_2018-05-22-15-10-41.ids_5,46,1,preparing_food,food,train,test,20708
a_column_driver__run2_2018-05-30-10-42-33.ids_5__vp14__ann93__ch2.jpg,a_column_driver,14,vp14/run2_2018-05-30-10-42-33.ids_5,93,2,eating,food,test,val,34630
a_column_driver__run1b_2018-05-23-16-19-17.ids_5__vp9__ann28__ch5.jpg,a_column_driver,9,vp9/run1b_2018-05-23-16-19-17.ids_5,28,5,eating,food,test,train,10877
a_column_driver__run1_2018-05-24-13-44-01.ids_5__vp11__ann73__ch0.jpg,a_column_driver,11,vp11/run1_2018-05-24-13-44-01.ids_5,73,0,preparing_food,food,train,test,29586
a_column_driver__run1_2018-05-30-10-11-09.ids_5__vp14__ann90__ch29.jpg,a_column_driver,14,vp14/run1_2018-05-30-10-11-09.ids_5,90,29,eating,food,test,val,40834
a_column_driver__run1_2018-05-30-10-11-09.ids_5__vp14__ann86__ch14.jpg,a_column_driver,14,vp14/run1_2018-05-30-10-11-09.ids_5,86,14,eating,food,test,val,35844
a_column_driver__run1d_2018-05-23-14-54-38.ids_5__vp8__ann78__ch5.jpg,a_column_driver,8,vp8/run1d_2018-05-23-14-54-38.ids_5,78,5,eating,food,val,train,37771
a_column_driver__run2_2018-05-23-15-30-27.ids_5__vp8__ann71__ch1.jpg,a_column_driver,8,vp8/run2_2018-05-23-15-30-27.ids_5,71,1,eating,food,val,train,21831
a_column_driver__run1_2018-05-30-10-11-09.ids_5__vp14__ann86__ch2.jpg,a_column_driver,14,vp14/run1_2018-05-30-10-11-09.ids_5,86,2,eating,food,test,val,34753
ceiling__run1_2018-05-22-15-10-41.ids_3__vp5__ann53__ch2.jpg,ceiling,5,vp5/run1_2018-05-22-15-10-41.ids_3,53,2,eating,food,train,test,25262
ceiling__run1_2018-05-24-13-14-41.ids_3__vp10__ann92__ch9.jpg,ceiling,10,vp10/run1_2018-05-24-13-14-41.ids_3,92,9,eating,food,train,train,32365
ceiling__run2_2018-05-29-16-03-37.ids_3__vp3__ann78__ch7.jpg,ceiling,3,vp3/run2_2018-05-29-16-03-37.ids_3,78,7,eating,food,train,train,28795
ceiling__run1_2018-05-22-15-10-41.ids_3__vp5__ann125__ch4.jpg,ceiling,5,vp5/run1_2018-05-22-15-10-41.ids_3,125,4,eating,food,train,test,46790
ceiling__run1_2018-05-22-15-10-41.ids_3__vp5__ann123__ch3.jpg,ceiling,5,vp5/run1_2018-05-22-15-10-41.ids_3,123,3,eating,food,train,test,45998
ceiling__run1_2018-05-23-13-16-52.ids_3__vp7__ann11__ch0.jpg,ceiling,7,vp7/run1_2018-05-23-13-16-52.ids_3,11,0,eating,food,val,train,8883
ceiling__run2_2018-05-30-10-42-33.ids_3__vp14__ann78__ch3.jpg,ceiling,14,vp14/run2_2018-05-30-10-42-33.ids_3,78,3,eating,food,test,val,30764
ceiling__run1_2018-05-29-15-21-10.ids_3__vp13__ann39__ch15.jpg,ceiling,13,vp13/run1_2018-05-29-15-21-10.ids_3,39,15,eating,food,train,test,23059
ceiling__run2_2018-05-24-14-35-56.ids_3__vp11__ann70__ch0.jpg,ceiling,11,vp11/run2_2018-05-24-14-35-56.ids_3,70,0,eating,food,train,test,17228
ceiling__run2_2018-05-23-15-30-27.ids_3__vp8__ann26__ch6.jpg,ceiling,8,vp8/run2_2018-05-23-15-30-27.ids_3,26,6,eating,food,val,train,10011
ceiling__run1_2018-05-22-15-10-41.ids_3__vp5__ann44__ch1.jpg,ceiling,5,vp5/run1_2018-05-22-15-10-41.ids_3,44,1,eating,food,train,test,20417
ceiling__run1_2018-05-24-15-44-28.ids_3__vp12__ann42__ch9.jpg,ceiling,12,vp12/run1_2018-05-24-15-44-28.ids_3,42,9,eating,food,train,train,19211
ceiling__run1b_2018-05-23-16-19-17.ids_3__vp9__ann23__ch0.jpg,ceiling,9,vp9/run1b_2018-05-23-16-19-17.ids_3,23,0,preparing_food,food,test,train,9668
ceiling__run1_2018-05-30-10-11-09.ids_3__vp14__ann86__ch4.jpg,ceiling,14,vp14/run1_2018-05-30-10-11-09.ids_3,86,4,eating,food,test,val,34921
ceiling__run1d_2018-05-23-14-54-38.ids_3__vp8__ann78__ch7.jpg,ceiling,8,vp8/run1d_2018-05-23-14-54-38.ids_3,78,7,eating,food,val,train,37869
ceiling__run2_2018-05-24-16-21-35.ids_3__vp12__ann17__ch4.jpg,ceiling,12,vp12/run2_2018-05-24-16-21-35.ids_3,17,4,eating,food,train,train,9546
ceiling__run1_2018-05-22-15-10-41.ids_3__vp5__ann46__ch0.jpg,ceiling,5,vp5/run1_2018-05-22-15-10-41.ids_3,46,0,preparing_food,food,train,test,20622
ceiling__run1_2018-05-22-15-10-41.ids_3__vp5__ann49__ch17.jpg,ceiling,5,vp5/run1_2018-05-22-15-10-41.ids_3,49,17,eating,food,train,test,22514
ceiling__run2_2018-05-23-11-05-00.ids_3__vp6__ann30__ch9.jpg,ceiling,6,vp6/run2_2018-05-23-11-05-00.ids_3,30,9,eating,food,train,train,15641
ceiling__run1_2018-05-23-10-21-45.ids_3__vp6__ann84__ch0.jpg,ceiling,6,vp6/run1_2018-05-23-10-21-45.ids_3,84,0,preparing_food,food,train,train,42013
ceiling__run1_2018-05-30-10-11-09.ids_3__vp14__ann28__ch1.jpg,ceiling,14,vp14/run1_2018-05-30-10-11-09.ids_3,28,1,eating,food,test,val,13559
ceiling__run2_2018-05-30-10-42-33.ids_3__vp14__ann93__ch15.jpg,ceiling,14,vp14/run2_2018-05-30-10-42-33.ids_3,93,15,eating,food,test,val,35733
ceiling__run1_2018-05-22-15-10-41.ids_3__vp5__ann49__ch32.jpg,ceiling,5,vp5/run1_2018-05-22-15-10-41.ids_3,49,32,eating,food,train,test,23867
ceiling__run1b_2018-05-23-16-19-17.ids_3__vp9__ann54__ch4.jpg,ceiling,9,vp9/run1b_2018-05-23-16-19-17.ids_3,54,4,eating,food,test,train,17715
ceiling__run2_2018-05-29-16-03-37.ids_3__vp3__ann78__ch9.jpg,ceiling,3,vp3/run2_2018-05-29-16-03-37.ids_3,78,9,eating,food,train,train,28795
ceiling__run2_2018-05-30-10-42-33.ids_3__vp14__ann93__ch26.jpg,ceiling,14,vp14/run2_2018-05-30-10-42-33.ids_3,93,26,eating,food,test,val,36716
ceiling__run2_2018-05-24-14-35-56.ids_3__vp11__ann77__ch0.jpg,ceiling,11,vp11/run2_2018-05-24-14-35-56.ids_3,77,0,eating,food,train,test,18766
ceiling__run1_2018-05-22-15-10-41.ids_3__vp5__ann49__ch15.jpg,ceiling,5,vp5/run1_2018-05-22-15-10-41.ids_3,49,15,eating,food,train,test,22334
ceiling__run2_2018-05-24-16-21-35.ids_3__vp12__ann64__ch0.jpg,ceiling,12,vp12/run2_2018-05-24-16-21-35.ids_3,64,0,eating,food,train,train,24275
ceiling__run2_2018-05-24-16-21-35.ids_3__vp12__ann85__ch3.jpg,ceiling,12,vp12/run2_2018-05-24-16-21-35.ids_3,85,3,eating,food,train,train,33522
ceiling__run1_2018-05-22-15-10-41.ids_3__vp5__ann123__ch0.jpg,ceiling,5,vp5/run1_2018-05-22-15-10-41.ids_3,123,0,eating,food,train,test,45732
ceiling__run1b_2018-05-08-08-46-01.ids_3__vp3__ann80__ch4.jpg,ceiling,3,vp3/run1b_2018-05-08-08-46-01.ids_3,80,4,eating,food,train,train,32438
ceiling__run1_2018-05-24-15-44-28.ids_3__vp12__ann65__ch6.jpg,ceiling,12,vp12/run1_2018-05-24-15-44-28.ids_3,65,6,eating,food,train,train,29985
ceiling__run2_2018-05-30-10-42-33.ids_3__vp14__ann93__ch2.jpg,ceiling,14,vp14/run2_2018-05-30-10-42-33.ids_3,93,2,eating,food,test,val,34564
ceiling__run1_2018-05-22-15-10-41.ids_3__vp5__ann119__ch3.jpg,ceiling,5,vp5/run1_2018-05-22-15-10-41.ids_3,119,3,eating,food,train,test,44358
ceiling__run1_2018-05-23-10-21-45.ids_3__vp6__ann76__ch1.jpg,ceiling,6,vp6/run1_2018-05-23-10-21-45.ids_3,76,1,preparing_food,food,train,train,39441
ceiling__run1_2018-05-22-15-10-41.ids_3__vp5__ann125__ch8.jpg,ceiling,5,vp5/run1_2018-05-22-15-10-41.ids_3,125,8,eating,food,train,test,47149
ceiling__run2_2018-05-23-11-05-00.ids_3__vp6__ann30__ch3.jpg,ceiling,6,vp6/run2_2018-05-23-11-05-00.ids_3,30,3,eating,food,train,train,15101
ceiling__run1_2018-05-30-13-05-35.ids_3__vp15__ann11__ch2.jpg,ceiling,15,vp15/run1_2018-05-30-13-05-35.ids_3,11,2,preparing_food,food,train,val,8452
ceiling__run1_2018-05-24-13-14-41.ids_3__vp10__ann96__ch0.jpg,ceiling,10,vp10/run1_2018-05-24-13-14-41.ids_3,96,0,eating,food,train,train,34010
ceiling__run1_2018-05-23-13-16-52.ids_3__vp7__ann11__ch7.jpg,ceiling,7,vp7/run1_2018-05-23-13-16-52.ids_3,11,7,eating,food,val,train,9460
ceiling__run2_2018-05-24-14-35-56.ids_3__vp11__ann77__ch2.jpg,ceiling,11,vp11/run2_2018-05-24-14-35-56.ids_3,77,2,eating,food,train,test,18946
ceiling__run1d_2018-05-23-14-54-38.ids_3__vp8__ann78__ch11.jpg,ceiling,8,vp8/run1d_2018-05-23-14-54-38.ids_3,78,11,eating,food,val,train,38225
ceiling__run2_2018-05-24-16-21-35.ids_3__vp12__ann17__ch14.jpg,ceiling,12,vp12/run2_2018-05-24-16-21-35.ids_3,17,14,eating,food,train,train,10442
ceiling__run1_2018-05-23-13-16-52.ids_3__vp7__ann81__ch9.jpg,ceiling,7,vp7/run1_2018-05-23-13-16-52.ids_3,81,9,eating,food,val,train,25505
ceiling__run2_2018-05-24-14-35-56.ids_3__vp11__ann82__ch0.jpg,ceiling,11,vp11/run2_2018-05-24-14-35-56.ids_3,82,0,eating,food,train,test,20302
ceiling__run2_2018-05-24-17-22-26.ids_3__vp2__ann38__ch4.jpg,ceiling,2,vp2/run2_2018-05-24-17-22-26.ids_3,38,4,eating,food,train,train,20228
ceiling__run1b_2018-05-23-16-19-17.ids_3__vp9__ann25__ch0.jpg,ceiling,9,vp9/run1b_2018-05-23-16-19-17.ids_3,25,0,preparing_food,food,test,train,9986
ceiling__run1_2018-05-22-15-10-41.ids_3__vp5__ann125__ch6.jpg,ceiling,5,vp5/run1_2018-05-22-15-10-41.ids_3,125,6,eating,food,train,test,46969
ceiling__run2_2018-05-22-14-25-04.ids_3__vp4__ann9__ch3.jpg,ceiling,4,vp4/run2_2018-05-22-14-25-04.ids_3,9,3,eating,food,train,train,11568
ceiling__run1_2018-05-22-15-10-41.ids_3__vp5__ann53__ch5.jpg,ceiling,5,vp5/run1_2018-05-22-15-10-41.ids_3,53,5,eating,food,train,test,25534
ceiling__run2_2018-05-24-16-21-35.ids_3__vp12__ann85__ch0.jpg,ceiling,12,vp12/run2_2018-05-24-16-21-35.ids_3,85,0,eating,food,train,train,33252
ceiling__run1b_2018-05-08-08-46-01.ids_3__vp3__ann80__ch11.jpg,ceiling,3,vp3/run1b_2018-05-08-08-46-01.ids_3,80,11,eating,food,train,train,33063
ceiling__run2_2018-05-24-16-21-35.ids_3__vp12__ann85__ch7.jpg,ceiling,12,vp12/run2_2018-05-24-16-21-35.ids_3,85,7,eating,food,train,train,33883
ceiling__run1_2018-05-23-13-16-52.ids_3__vp7__ann60__ch2.jpg,ceiling,7,vp7/run1_2018-05-23-13-16-52.ids_3,60,2,eating,food,val,train,19794
ceiling__run1b_2018-05-23-16-19-17.ids_3__vp9__ann36__ch3.jpg,ceiling,9,vp9/run1b_2018-05-23-16-19-17.ids_3,36,3,eating,food,test,train,12742
ceiling__run1_2018-05-30-13-05-35.ids_3__vp15__ann11__ch0.jpg,ceiling,15,vp15/run1_2018-05-30-13-05-35.ids_3,11,0,preparing_food,food,train,val,8309
ceiling__run1b_2018-05-29-14-02-47.ids_3__vp1__ann50__ch2.jpg,ceiling,1,vp1/run1b_2018-05-29-14-02-47.ids_3,50,2,eating,food,train,train,15342
ceiling__run2_2018-05-30-10-42-33.ids_3__vp14__ann93__ch30.jpg,ceiling,14,vp14/run2_2018-05-30-10-42-33.ids_3,93,30,eating,food,test,val,37074
ceiling__run1_2018-05-22-15-10-41.ids_3__vp5__ann121__ch0.jpg,ceiling,5,vp5/run1_2018-05-22-15-10-41.ids_3,121,0,eating,food,train,test,44765
ceiling__run1_2018-05-24-15-44-28.ids_3__vp12__ann40__ch5.jpg,ceiling,12,vp12/run1_2018-05-24-15-44-28.ids_3,40,5,eating,food,train,train,18283
ceiling__run1b_2018-05-23-16-19-17.ids_3__vp9__ann36__ch1.jpg,ceiling,9,vp9/run1b_2018-05-23-16-19-17.ids_3,36,1,eating,food,test,train,12562
ceiling__run1_2018-05-24-13-14-41.ids_3__vp10__ann92__ch10.jpg,ceiling,10,vp10/run1_2018-05-24-13-14-41.ids_3,92,10,eating,food,train,train,32455
ceiling__run1_2018-05-22-15-10-41.ids_3__vp5__ann49__ch1.jpg,ceiling,5,vp5/run1_2018-05-22-15-10-41.ids_3,49,1,eating,food,train,test,21073
ceiling__run1_2018-05-22-15-10-41.ids_3__vp5__ann105__ch3.jpg,ceiling,5,vp5/run1_2018-05-22-15-10-41.ids_3,105,3,eating,food,train,test,41339
ceiling__run2b_2018-05-22-15-50-07.ids_3__vp5__ann76__ch0.jpg,ceiling,5,vp5/run2b_2018-05-22-15-50-07.ids_3,76,0,eating,food,train,test,27793
ceiling__run1_2018-05-22-15-10-41.ids_3__vp5__ann34__ch5.jpg,ceiling,5,vp5/run1_2018-05-22-15-10-41.ids_3,34,5,eating,food,train,test,18736
ceiling__run2b_2018-05-22-15-50-07.ids_3__vp5__ann76__ch10.jpg,ceiling,5,vp5/run2b_2018-05-22-15-50-07.ids_3,76,10,eating,food,train,test,28696
ceiling__run1_2018-05-22-15-10-41.ids_3__vp5__ann125__ch10.jpg,ceiling,5,vp5/run1_2018-05-22-15-10-41.ids_3,125,10,eating,food,train,test,47328
ceiling__run2_2018-05-24-16-21-35.ids_3__vp12__ann99__ch5.jpg,ceiling,12,vp12/run2_2018-05-24-16-21-35.ids_3,99,5,eating,food,train,train,39690
ceiling__run2_2018-05-23-11-05-00.ids_3__vp6__ann53__ch0.jpg,ceiling,6,vp6/run2_2018-05-23-11-05-00.ids_3,53,0,eating,food,train,train,26678
ceiling__run2_2018-05-23-15-30-27.ids_3__vp8__ann26__ch1.jpg,ceiling,8,vp8/run2_2018-05-23-15-30-27.ids_3,26,1,eating,food,val,train,9564
ceiling__run1_2018-05-30-10-11-09.ids_3__vp14__ann90__ch23.jpg,ceiling,14,vp14/run1_2018-05-30-10-11-09.ids_3,90,23,eating,food,test,val,40254
ceiling__run2_2018-05-30-11-34-54.ids_3__vp13__ann48__ch3.jpg,ceiling,13,vp13/run2_2018-05-30-11-34-54.ids_3,48,3,eating,food,train,test,21561
ceiling__run2b_2018-05-22-15-50-07.ids_3__vp5__ann70__ch2.jpg,ceiling,5,vp5/run2b_2018-05-22-15-50-07.ids_3,70,2,eating,food,train,test,26596
ceiling__run2_2018-05-23-11-05-00.ids_3__vp6__ann30__ch10.jpg,ceiling,6,vp6/run2_2018-05-23-11-05-00.ids_3,30,10,eating,food,train,train,15731
ceiling__run1b_2018-05-08-08-46-01.ids_3__vp3__ann70__ch0.jpg,ceiling,3,vp3/run1b_2018-05-08-08-46-01.ids_3,70,0,eating,food,train,train,30274
ceiling__run2_2018-05-30-10-42-33.ids_3__vp14__ann78__ch0.jpg,ceiling,14,vp14/run2_2018-05-30-10-42-33.ids_3,78,0,eating,food,test,val,30494
ceiling__run1b_2018-05-29-14-02-47.ids_3__vp1__ann102__ch1.jpg,ceiling,1,vp1/run1b_2018-05-29-14-02-47.ids_3,102,1,preparing_food,food,train,train,27228
ceiling__run1b_2018-05-29-14-02-47.ids_3__vp1__ann50__ch5.jpg,ceiling,1,vp1/run1b_2018-05-29-14-02-47.ids_3,50,5,eating,food,train,train,15611
ceiling__run1_2018-05-22-15-10-41.ids_3__vp5__ann49__ch22.jpg,ceiling,5,vp5/run1_2018-05-22-15-10-41.ids_3,49,22,eating,food,train,test,22966
ceiling__run2_2018-05-30-10-42-33.ids_3__vp14__ann93__ch41.jpg,ceiling,14,vp14/run2_2018-05-30-10-42-33.ids_3,93,41,eating,food,test,val,38028
ceiling__run2_2018-05-24-14-35-56.ids_3__vp11__ann70__ch9.jpg,ceiling,11,vp11/run2_2018-05-24-14-35-56.ids_3,70,9,eating,food,train,test,18035
ceiling__run1_2018-05-24-13-14-41.ids_3__vp10__ann90__ch7.jpg,ceiling,10,vp10/run1_2018-05-24-13-14-41.ids_3,90,7,eating,food,train,train,29598
ceiling__run1b_2018-05-29-14-02-47.ids_3__vp1__ann102__ch0.jpg,ceiling,1,vp1/run1b_2018-05-29-14-02-47.ids_3,102,0,preparing_food,food,train,train,27138
ceiling__run1_2018-05-22-15-10-41.ids_3__vp5__ann105__ch13.jpg,ceiling,5,vp5/run1_2018-05-22-15-10-41.ids_3,105,13,eating,food,train,test,42244
ceiling__run1_2018-05-29-15-21-10.ids_3__vp13__ann39__ch6.jpg,ceiling,13,vp13/run1_2018-05-29-15-21-10.ids_3,39,6,eating,food,train,test,22260
ceiling__run1d_2018-05-23-14-54-38.ids_3__vp8__ann58__ch12.jpg,ceiling,8,vp8/run1d_2018-05-23-14-54-38.ids_3,58,12,eating,food,val,train,30156
ceiling__run1_2018-05-30-10-11-09.ids_3__vp14__ann28__ch3.jpg,ceiling,14,vp14/run1_2018-05-30-10-11-09.ids_3,28,3,eating,food,test,val,13718
ceiling__run1_2018-05-29-15-21-10.ids_3__vp13__ann39__ch5.jpg,ceiling,13,vp13/run1_2018-05-29-15-21-10.ids_3,39,5,eating,food,train,test,22168
ceiling__run2_2018-05-29-14-33-44.ids_3__vp1__ann41__ch7.jpg,ceiling,1,vp1/run2_2018-05-29-14-33-44.ids_3,41,7,eating,food,train,train,20457
ceiling__run1_2018-05-29-15-21-10.ids_3__vp13__ann39__ch0.jpg,ceiling,13,vp13/run1_2018-05-29-15-21-10.ids_3,39,0,eating,food,train,test,21718
ceiling__run1_2018-05-24-15-44-28.ids_3__vp12__ann74__ch0.jpg,ceiling,12,vp12/run1_2018-05-24-15-44-28.ids_3,74,0,eating,food,train,train,31456
ceiling__run1_2018-05-23-13-16-52.ids_3__vp7__ann60__ch4.jpg,ceiling,7,vp7/run1_2018-05-23-13-16-52.ids_3,60,4,eating,food,val,train,19977
ceiling__run2_2018-05-24-17-22-26.ids_3__vp2__ann38__ch10.jpg,ceiling,2,vp2/run2_2018-05-24-17-22-26.ids_3,38,10,eating,food,train,train,20735
ceiling__run2_2018-05-24-14-08-46.ids_3__vp10__ann89__ch1.jpg,ceiling,10,vp10/run2_2018-05-24-14-08-46.ids_3,89,1,preparing_food,food,train,train,32826
ceiling__run2_2018-05-23-11-05-00.ids_3__vp6__ann30__ch1.jpg,ceiling,6,vp6/run2_2018-05-23-11-05-00.ids_3,30,1,eating,food,train,train,14921
ceiling__run1d_2018-05-23-14-54-38.ids_3__vp8__ann58__ch20.jpg,ceiling,8,vp8/run1d_2018-05-23-14-54-38.ids_3,58,20,eating,food,val,train,30879
ceiling__run2_2018-05-24-16-21-35.ids_3__vp12__ann17__ch6.jpg,ceiling,12,vp12/run2_2018-05-24-16-21-35.ids_3,17,6,eating,food,train,train,9726
ceiling__run2_2018-05-24-16-21-35.ids_3__vp12__ann85__ch11.jpg,ceiling,12,vp12/run2_2018-05-24-16-21-35.ids_3,85,11,eating,food,train,train,34244
inner_mirror__run2_2018-05-24-16-21-35.ids_1__vp12__ann99__ch4.jpg,inner_mirror,12,vp12/run2_2018-05-24-16-21-35.ids_1,99,4,eating,food,train,train,39657
inner_mirror__run1b_2018-05-23-16-19-17.ids_1__vp9__ann75__ch5.jpg,inner_mirror,9,vp9/run1b_2018-05-23-16-19-17.ids_1,75,5,eating,food,test,train,19810
inner_mirror__run2_2018-05-24-14-35-56.ids_1__vp11__ann70__ch0.jpg,inner_mirror,11,vp11/run2_2018-05-24-14-35-56.ids_1,70,0,eating,food,train,test,17224
inner_mirror__run1_2018-05-23-13-16-52.ids_1__vp7__ann60__ch2.jpg,inner_mirror,7,vp7/run1_2018-05-23-13-16-52.ids_1,60,2,eating,food,val,train,19818
inner_mirror__run2_2018-05-24-16-21-35.ids_1__vp12__ann64__ch6.jpg,inner_mirror,12,vp12/run2_2018-05-24-16-21-35.ids_1,64,6,eating,food,train,train,24839
inner_mirror__run2_2018-05-23-15-30-27.ids_1__vp8__ann69__ch10.jpg,inner_mirror,8,vp8/run2_2018-05-23-15-30-27.ids_1,69,10,eating,food,val,train,21461
inner_mirror__run2_2018-05-24-14-35-56.ids_1__vp11__ann77__ch3.jpg,inner_mirror,11,vp11/run2_2018-05-24-14-35-56.ids_1,77,3,eating,food,train,test,19030
inner_mirror__run2_2018-05-23-11-05-00.ids_1__vp6__ann65__ch1.jpg,inner_mirror,6,vp6/run2_2018-05-23-11-05-00.ids_1,65,1,eating,food,train,train,29678
inner_mirror__run2b_2018-05-22-15-50-07.ids_1__vp5__ann70__ch9.jpg,inner_mirror,5,vp5/run2b_2018-05-22-15-50-07.ids_1,70,9,eating,food,train,test,27201
inner_mirror__run1_2018-05-22-13-28-51.ids_1__vp4__ann24__ch1.jpg,inner_mirror,4,vp4/run1_2018-05-22-13-28-51.ids_1,24,1,eating,food,train,train,16234
inner_mirror__run1_2018-05-22-13-28-51.ids_1__vp4__ann26__ch7.jpg,inner_mirror,4,vp4/run1_2018-05-22-13-28-51.ids_1,26,7,eating,food,train,train,17203
inner_mirror__run2_2018-05-24-16-21-35.ids_1__vp12__ann17__ch3.jpg,inner_mirror,12,vp12/run2_2018-05-24-16-21-35.ids_1,17,3,eating,food,train,train,9449
inner_mirror__run1_2018-05-22-15-10-41.ids_1__vp5__ann49__ch3.jpg,inner_mirror,5,vp5/run1_2018-05-22-15-10-41.ids_1,49,3,eating,food,train,test,21246
inner_mirror__run2_2018-05-24-16-21-35.ids_1__vp12__ann85__ch12.jpg,inner_mirror,12,vp12/run2_2018-05-24-16-21-35.ids_1,85,12,eating,food,train,train,34377
inner_mirror__run2_2018-05-23-15-30-27.ids_1__vp8__ann69__ch6.jpg,inner_mirror,8,vp8/run2_2018-05-23-15-30-27.ids_1,69,6,eating,food,val,train,21101
inner_mirror__run1_2018-05-24-13-14-41.ids_1__vp10__ann90__ch15.jpg,inner_mirror,10,vp10/run1_2018-05-24-13-14-41.ids_1,90,15,eating,food,train,train,30324
inner_mirror__run1_2018-05-22-15-10-41.ids_1__vp5__ann127__ch5.jpg,inner_mirror,5,vp5/run1_2018-05-22-15-10-41.ids_1,127,5,eating,food,train,test,48243
inner_mirror__run2_2018-05-24-16-21-35.ids_1__vp12__ann85__ch8.jpg,inner_mirror,12,vp12/run2_2018-05-24-16-21-35.ids_1,85,8,eating,food,train,train,34017
inner_mirror__run2_2018-05-24-14-35-56.ids_1__vp11__ann82__ch0.jpg,inner_mirror,11,vp11/run2_2018-05-24-14-35-56.ids_1,82,0,eating,food,train,test,20296
inner_mirror__run1b_2018-05-08-08-46-01.ids_1__vp3__ann80__ch8.jpg,inner_mirror,3,vp3/run1b_2018-05-08-08-46-01.ids_1,80,8,eating,food,train,train,32788
inner_mirror__run2_2018-05-24-14-08-46.ids_1__vp10__ann90__ch1.jpg,inner_mirror,10,vp10/run2_2018-05-24-14-08-46.ids_1,90,1,preparing_food,food,train,train,33246
inner_mirror__run2_2018-05-24-16-21-35.ids_1__vp12__ann99__ch8.jpg,inner_mirror,12,vp12/run2_2018-05-24-16-21-35.ids_1,99,8,eating,food,train,train,40017
inner_mirror__run1_2018-05-23-13-16-52.ids_1__vp7__ann81__ch12.jpg,inner_mirror,7,vp7/run1_2018-05-23-13-16-52.ids_1,81,12,eating,food,val,train,25777
inner_mirror__run2_2018-05-23-15-30-27.ids_1__vp8__ann26__ch1.jpg,inner_mirror,8,vp8/run2_2018-05-23-15-30-27.ids_1,26,1,eating,food,val,train,9573
inner_mirror__run1_2018-05-23-13-16-52.ids_1__vp7__ann81__ch6.jpg,inner_mirror,7,vp7/run1_2018-05-23-13-16-52.ids_1,81,6,eating,food,val,train,25237
inner_mirror__run1_2018-05-23-10-21-45.ids_1__vp6__ann78__ch7.jpg,inner_mirror,6,vp6/run1_2018-05-23-10-21-45.ids_1,78,7,eating,food,train,train,40390
inner_mirror__run1b_2018-05-23-16-19-17.ids_1__vp9__ann36__ch1.jpg,inner_mirror,9,vp9/run1b_2018-05-23-16-19-17.ids_1,36,1,eating,food,test,train,12564
inner_mirror__run1d_2018-05-23-14-54-38.ids_1__vp8__ann58__ch18.jpg,inner_mirror,8,vp8/run1d_2018-05-23-14-54-38.ids_1,58,18,eating,food,val,train,30675
inner_mirror__run2_2018-05-24-14-35-56.ids_1__vp11__ann70__ch8.jpg,inner_mirror,11,vp11/run2_2018-05-24-14-35-56.ids_1,70,8,eating,food,train,test,17944
inner_mirror__run2_2018-05-24-16-21-35.ids_1__vp12__ann17__ch9.jpg,inner_mirror,12,vp12/run2_2018-05-24-16-21-35.ids_1,17,9,eating,food,train,train,9989
inner_mirror__run2_2018-05-24-16-21-35.ids_1__vp12__ann15__ch0.jpg,inner_mirror,12,vp12/run2_2018-05-24-16-21-35.ids_1,15,0,preparing_food,food,train,train,8622
inner_mirror__run1_2018-05-24-15-44-28.ids_1__vp12__ann42__ch2.jpg,inner_mirror,12,vp12/run1_2018-05-24-15-44-28.ids_1,42,2,eating,food,train,train,18619
inner_mirror__run2_2018-05-24-16-21-35.ids_1__vp12__ann17__ch11.jpg,inner_mirror,12,vp12/run2_2018-05-24-16-21-35.ids_1,17,11,eating,food,train,train,10169
inner_mirror__run1_2018-05-22-13-28-51.ids_1__vp4__ann24__ch0.jpg,inner_mirror,4,vp4/run1_2018-05-22-13-28-51.ids_1,24,0,eating,food,train,train,16144
inner_mirror__run1_2018-05-22-15-10-41.ids_1__vp5__ann49__ch25.jpg,inner_mirror,5,vp5/run1_2018-05-22-15-10-41.ids_1,49,25,eating,food,train,test,23226
inner_mirror__run1_2018-05-24-13-14-41.ids_1__vp10__ann90__ch19.jpg,inner_mirror,10,vp10/run1_2018-05-24-13-14-41.ids_1,90,19,eating,food,train,train,30684
inner_mirror__run1_2018-05-24-13-14-41.ids_1__vp10__ann33__ch0.jpg,inner_mirror,10,vp10/run1_2018-05-24-13-14-41.ids_1,33,0,eating,food,train,train,12225
inner_mirror__run1_2018-05-30-10-11-09.ids_1__vp14__ann90__ch2.jpg,inner_mirror,14,vp14/run1_2018-05-30-10-11-09.ids_1,90,2,eating,food,test,val,38347
inner_mirror__run2_2018-05-24-16-21-35.ids_1__vp12__ann17__ch8.jpg,inner_mirror,12,vp12/run2_2018-05-24-16-21-35.ids_1,17,8,eating,food,train,train,9899
inner_mirror__run1_2018-05-22-15-10-41.ids_1__vp5__ann119__ch5.jpg,inner_mirror,5,vp5/run1_2018-05-22-15-10-41.ids_1,119,5,eating,food,train,test,44515
inner_mirror__run1_2018-05-22-15-10-41.ids_1__vp5__ann51__ch5.jpg,inner_mirror,5,vp5/run1_2018-05-22-15-10-41.ids_1,51,5,eating,food,train,test,24572
inner_mirror__run1b_2018-05-08-08-46-01.ids_1__vp3__ann80__ch10.jpg,inner_mirror,3,vp3/run1b_2018-05-08-08-46-01.ids_1,80,10,eating,food,train,train,32968
inner_mirror__run1b_2018-05-29-14-02-47.ids_1__vp1__ann50__ch2.jpg,inner_mirror,1,vp1/run1b_2018-05-29-14-02-47.ids_1,50,2,eating,food,train,train,15359
inner_mirror__run2_2018-05-24-16-21-35.ids_1__vp12__ann99__ch1.jpg,inner_mirror,12,vp12/run2_2018-05-24-16-21-35.ids_1,99,1,eating,food,train,train,39387
inner_mirror__run1_2018-05-22-15-10-41.ids_1__vp5__ann49__ch20.jpg,inner_mirror,5,vp5/run1_2018-05-22-15-10-41.ids_1,49,20,eating,food,train,test,22776
inner_mirror__run2_2018-05-30-10-42-33.ids_1__vp14__ann93__ch6.jpg,inner_mirror,14,vp14/run2_2018-05-30-10-42-33.ids_1,93,6,eating,food,test,val,34895
inner_mirror__run1d_2018-05-23-14-54-38.ids_1__vp8__ann78__ch13.jpg,inner_mirror,8,vp8/run1d_2018-05-23-14-54-38.ids_1,78,13,eating,food,val,train,38392
inner_mirror__run1_2018-05-22-15-10-41.ids_1__vp5__ann125__ch12.jpg,inner_mirror,5,vp5/run1_2018-05-22-15-10-41.ids_1,125,12,eating,food,train,test,47477
inner_mirror__run1_2018-05-22-15-10-41.ids_1__vp5__ann125__ch6.jpg,inner_mirror,5,vp5/run1_2018-05-22-15-10-41.ids_1,125,6,eating,food,train,test,46961
inner_mirror__run2_2018-05-30-11-34-54.ids_1__vp13__ann48__ch8.jpg,inner_mirror,13,vp13/run2_2018-05-30-11-34-54.ids_1,48,8,eating,food,train,test,22028
inner_mirror__run1_2018-05-22-15-10-41.ids_1__vp5__ann105__ch12.jpg,inner_mirror,5,vp5/run1_2018-05-22-15-10-41.ids_1,105,12,eating,food,train,test,42155
inner_mirror__run2_2018-05-24-16-21-35.ids_1__vp12__ann64__ch7.jpg,inner_mirror,12,vp12/run2_2018-05-24-16-21-35.ids_1,64,7,eating,food,train,train,24929
inner_mirror__run1_2018-05-22-15-10-41.ids_1__vp5__ann51__ch1.jpg,inner_mirror,5,vp5/run1_2018-05-22-15-10-41.ids_1,51,1,eating,food,train,test,24212
inner_mirror__run2_2018-05-23-11-05-00.ids_1__vp6__ann53__ch1.jpg,inner_mirror,6,vp6/run2_2018-05-23-11-05-00.ids_1,53,1,eating,food,train,train,26698
inner_mirror__run2_2018-05-30-10-42-33.ids_1__vp14__ann93__ch20.jpg,inner_mirror,14,vp14/run2_2018-05-30-10-42-33.ids_1,93,20,eating,food,test,val,36155
inner_mirror__run1_2018-05-23-13-16-52.ids_1__vp7__ann81__ch9.jpg,inner_mirror,7,vp7/run1_2018-05-23-13-16-52.ids_1,81,9,eating,food,val,train,25507
inner_mirror__run2_2018-05-23-15-30-27.ids_1__vp8__ann26__ch7.jpg,inner_mirror,8,vp8/run2_2018-05-23-15-30-27.ids_1,26,7,eating,food,val,train,10113
inner_mirror__run1_2018-05-24-13-14-41.ids_1__vp10__ann90__ch3.jpg,inner_mirror,10,vp10/run1_2018-05-24-13-14-41.ids_1,90,3,eating,food,train,train,29244
inner_mirror__run2_2018-05-23-15-30-27.ids_1__vp8__ann69__ch1.jpg,inner_mirror,8,vp8/run2_2018-05-23-15-30-27.ids_1,69,1,eating,food,val,train,20651
inner_mirror__run1_2018-05-30-13-05-35.ids_1__vp15__ann12__ch0.jpg,inner_mirror,15,vp15/run1_2018-05-30-13-05-35.ids_1,12,0,eating,food,train,val,8502
inner_mirror__run1b_2018-05-23-16-19-17.ids_1__vp9__ann28__ch4.jpg,inner_mirror,9,vp9/run1b_2018-05-23-16-19-17.ids_1,28,4,eating,food,test,train,10756
inner_mirror__run1_2018-05-24-13-44-01.ids_1__vp11__ann94__ch2.jpg,inner_mirror,11,vp11/run1_2018-05-24-13-44-01.ids_1,94,2,preparing_food,food,train,test,32761
inner_mirror__run2_2018-05-24-16-21-35.ids_1__vp12__ann85__ch6.jpg,inner_mirror,12,vp12/run2_2018-05-24-16-21-35.ids_1,85,6,eating,food,train,train,33837
inner_mirror__run1_2018-05-22-15-10-41.ids_1__vp5__ann123__ch2.jpg,inner_mirror,5,vp5/run1_2018-05-22-15-10-41.ids_1,123,2,eating,food,train,test,45901
inner_mirror__run1b_2018-05-23-16-19-17.ids_1__vp9__ann86__ch0.jpg,inner_mirror,9,vp9/run1b_2018-05-23-16-19-17.ids_1,86,0,eating,food,test,train,21882
inner_mirror__run2_2018-05-24-14-35-56.ids_1__vp11__ann70__ch7.jpg,inner_mirror,11,vp11/run2_2018-05-24-14-35-56.ids_1,70,7,eating,food,train,test,17854
inner_mirror__run2_2018-05-24-16-21-35.ids_1__vp12__ann64__ch2.jpg,inner_mirror,12,vp12/run2_2018-05-24-16-21-35.ids_1,64,2,eating,food,train,train,24479
inner_mirror__run2_2018-05-30-10-42-33.ids_1__vp14__ann104__ch4.jpg,inner_mirror,14,vp14/run2_2018-05-30-10-42-33.ids_1,104,4,eating,food,test,val,40759
inner_mirror__run1b_2018-05-23-16-19-17.ids_1__vp9__ann75__ch2.jpg,inner_mirror,9,vp9/run1b_2018-05-23-16-19-17.ids_1,75,2,eating,food,test,train,19575
inner_mirror__run2_2018-05-22-14-25-04.ids_1__vp4__ann104__ch9.jpg,inner_mirror,4,vp4/run2_2018-05-22-14-25-04.ids_1,104,9,eating,food,train,train,49139
inner_mirror__run2_2018-05-22-14-25-04.ids_1__vp4__ann106__ch0.jpg,inner_mirror,4,vp4/run2_2018-05-22-14-25-04.ids_1,106,0,eating,food,train,train,49228
inner_mirror__run2_2018-05-24-14-08-46.ids_1__vp10__ann100__ch1.jpg,inner_mirror,10,vp10/run2_2018-05-24-14-08-46.ids_1,100,1,preparing_food,food,train,train,35013
inner_mirror__run1_2018-05-24-15-44-28.ids_1__vp12__ann42__ch13.jpg,inner_mirror,12,vp12/run1_2018-05-24-15-44-28.ids_1,42,13,eating,food,train,train,19609
inner_mirror__run1_2018-05-23-13-16-52.ids_1__vp7__ann60__ch5.jpg,inner_mirror,7,vp7/run1_2018-05-23-13-16-52.ids_1,60,5,eating,food,val,train,20088
inner_mirror__run2_2018-05-30-10-42-33.ids_1__vp14__ann104__ch0.jpg,inner_mirror,14,vp14/run2_2018-05-30-10-42-33.ids_1,104,0,eating,food,test,val,40399
inner_mirror__run2b_2018-05-22-15-50-07.ids_1__vp5__ann67__ch0.jpg,inner_mirror,5,vp5/run2b_2018-05-22-15-50-07.ids_1,67,0,eating,food,train,test,26169
inner_mirror__run1_2018-05-22-15-10-41.ids_1__vp5__ann53__ch5.jpg,inner_mirror,5,vp5/run1_2018-05-22-15-10-41.ids_1,53,5,eating,food,train,test,25524
inner_mirror__run1_2018-05-23-13-16-52.ids_1__vp7__ann81__ch14.jpg,inner_mirror,7,vp7/run1_2018-05-23-13-16-52.ids_1,81,14,eating,food,val,train,25957
inner_mirror__run1_2018-05-30-10-11-09.ids_1__vp14__ann90__ch21.jpg,inner_mirror,14,vp14/run1_2018-05-30-10-11-09.ids_1,90,21,eating,food,test,val,40057
inner_mirror__run2_2018-05-30-11-34-54.ids_1__vp13__ann48__ch15.jpg,inner_mirror,13,vp13/run2_2018-05-30-11-34-54.ids_1,48,15,eating,food,train,test,22638
inner_mirror__run1_2018-05-30-10-11-09.ids_1__vp14__ann16__ch3.jpg,inner_mirror,14,vp14/run1_2018-05-30-10-11-09.ids_1,16,3,eating,food,test,val,10801
inner_mirror__run1_2018-05-24-15-44-28.ids_1__vp12__ann42__ch15.jpg,inner_mirror,12,vp12/run1_2018-05-24-15-44-28.ids_1,42,15,eating,food,train,train,19789
inner_mirror__run1b_2018-05-23-16-19-17.ids_1__vp9__ann36__ch4.jpg,inner_mirror,9,vp9/run1b_2018-05-23-16-19-17.ids_1,36,4,eating,food,test,train,12834
inner_mirror__run1_2018-05-24-13-44-01.ids_1__vp11__ann95__ch1.jpg,inner_mirror,11,vp11/run1_2018-05-24-13-44-01.ids_1,95,1,eating,food,train,test,32910
inner_mirror__run1d_2018-05-23-14-54-38.ids_1__vp8__ann58__ch8.jpg,inner_mirror,8,vp8/run1d_2018-05-23-14-54-38.ids_1,58,8,eating,food,val,train,29775
inner_mirror__run1_2018-05-23-13-16-52.ids_1__vp7__ann11__ch0.jpg,inner_mirror,7,vp7/run1_2018-05-23-13-16-52.ids_1,11,0,eating,food,val,train,8895
inner_mirror__run2_2018-05-29-14-33-44.ids_1__vp1__ann40__ch0.jpg,inner_mirror,1,vp1/run2_2018-05-29-14-33-44.ids_1,40,0,preparing_food,food,train,train,19729
inner_mirror__run1_2018-05-22-15-10-41.ids_1__vp5__ann119__ch3.jpg,inner_mirror,5,vp5/run1_2018-05-22-15-10-41.ids_1,119,3,eating,food,train,test,44351
inner_mirror__run1_2018-05-24-13-44-01.ids_1__vp11__ann108__ch4.jpg,inner_mirror,11,vp11/run1_2018-05-24-13-44-01.ids_1,108,4,eating,food,train,test,35909
inner_mirror__run2_2018-05-24-14-35-56.ids_1__vp11__ann70__ch4.jpg,inner_mirror,11,vp11/run2_2018-05-24-14-35-56.ids_1,70,4,eating,food,train,test,17584
inner_mirror__run2_2018-05-29-16-03-37.ids_1__vp3__ann78__ch1.jpg,inner_mirror,3,vp3/run2_2018-05-29-16-03-37.ids_1,78,1,eating,food,train,train,29784
inner_mirror__run2_2018-05-30-10-42-33.ids_1__vp14__ann93__ch19.jpg,inner_mirror,14,vp14/run2_2018-05-30-10-42-33.ids_1,93,19,eating,food,test,val,36065
inner_mirror__run2_2018-05-23-15-30-27.ids_1__vp8__ann71__ch1.jpg,inner_mirror,8,vp8/run2_2018-05-23-15-30-27.ids_1,71,1,eating,food,val,train,21792
inner_mirror__run2_2018-05-24-16-21-35.ids_1__vp12__ann64__ch0.jpg,inner_mirror,12,vp12/run2_2018-05-24-16-21-35.ids_1,64,0,eating,food,train,train,24299
inner_mirror__run2_2018-05-23-11-05-00.ids_1__vp6__ann65__ch5.jpg,inner_mirror,6,vp6/run2_2018-05-23-11-05-00.ids_1,65,5,eating,food,train,train,30016
inner_mirror__run2_2018-05-30-10-42-33.ids_1__vp14__ann93__ch16.jpg,inner_mirror,14,vp14/run2_2018-05-30-10-42-33.ids_1,93,16,eating,food,test,val,35795
inner_mirror__run1_2018-05-22-15-10-41.ids_1__vp5__ann121__ch9.jpg,inner_mirror,5,vp5/run1_2018-05-22-15-10-41.ids_1,121,9,eating,food,train,test,45535
inner_mirror__run2_2018-05-24-17-22-26.ids_1__vp2__ann50__ch9.jpg,inner_mirror,2,vp2/run2_2018-05-24-17-22-26.ids_1,50,9,eating,food,train,train,23441
inner_mirror__run2_2018-05-29-14-33-44.ids_1__vp1__ann41__ch7.jpg,inner_mirror,1,vp1/run2_2018-05-29-14-33-44.ids_1,41,7,eating,food,train,train,20472
inner_mirror__run1_2018-05-22-15-10-41.ids_1__vp5__ann121__ch8.jpg,inner_mirror,5,vp5/run1_2018-05-22-15-10-41.ids_1,121,8,eating,food,train,test,45477
steering_wheel__run1_2018-05-22-15-10-41.ids_4__vp5__ann125__ch1.jpg,steering_wheel,5,vp5/run1_2018-05-22-15-10-41.ids_4,125,1,eating,food,train,test,46546
steering_wheel__run1_2018-05-29-15-21-10.ids_4__vp13__ann39__ch0.jpg,steering_wheel,13,vp13/run1_2018-05-29-15-21-10.ids_4,39,0,eating,food,train,test,21846
steering_wheel__run1_2018-05-22-15-10-41.ids_4__vp5__ann51__ch0.jpg,steering_wheel,5,vp5/run1_2018-05-22-15-10-41.ids_4,51,0,eating,food,train,test,24136
steering_wheel__run1_2018-05-22-15-10-41.ids_4__vp5__ann49__ch25.jpg,steering_wheel,5,vp5/run1_2018-05-22-15-10-41.ids_4,49,25,eating,food,train,test,23235
steering_wheel__run1d_2018-05-23-14-54-38.ids_4__vp8__ann78__ch5.jpg,steering_wheel,8,vp8/run1d_2018-05-23-14-54-38.ids_4,78,5,eating,food,val,train,37858
steering_wheel__run1_2018-05-30-10-11-09.ids_4__vp14__ann90__ch11.jpg,steering_wheel,14,vp14/run1_2018-05-30-10-11-09.ids_4,90,11,eating,food,test,val,39338
steering_wheel__run1_2018-05-23-13-16-52.ids_4__vp7__ann81__ch14.jpg,steering_wheel,7,vp7/run1_2018-05-23-13-16-52.ids_4,81,14,eating,food,val,train,26833
steering_wheel__run2_2018-05-29-14-33-44.ids_4__vp1__ann40__ch0.jpg,steering_wheel,1,vp1/run2_2018-05-29-14-33-44.ids_4,40,0,preparing_food,food,train,train,19822
steering_wheel__run1_2018-05-30-10-11-09.ids_4__vp14__ann90__ch1.jpg,steering_wheel,14,vp14/run1_2018-05-30-10-11-09.ids_4,90,1,eating,food,test,val,38439
steering_wheel__run1b_2018-05-08-08-46-01.ids_4__vp3__ann80__ch0.jpg,steering_wheel,3,vp3/run1b_2018-05-08-08-46-01.ids_4,80,0,eating,food,train,train,32103
steering_wheel__run1_2018-05-29-15-21-10.ids_4__vp13__ann39__ch6.jpg,steering_wheel,13,vp13/run1_2018-05-29-15-21-10.ids_4,39,6,eating,food,train,test,22389
steering_wheel__run1d_2018-05-23-14-54-38.ids_4__vp8__ann58__ch34.jpg,steering_wheel,8,vp8/run1d_2018-05-23-14-54-38.ids_4,58,34,eating,food,val,train,32238
steering_wheel__run1_2018-05-22-15-10-41.ids_4__vp5__ann53__ch6.jpg,steering_wheel,5,vp5/run1_2018-05-22-15-10-41.ids_4,53,6,eating,food,train,test,25630
steering_wheel__run1_2018-05-30-10-11-09.ids_4__vp14__ann86__ch0.jpg,steering_wheel,14,vp14/run1_2018-05-30-10-11-09.ids_4,86,0,eating,food,test,val,34705
steering_wheel__run1_2018-05-24-15-44-28.ids_4__vp12__ann42__ch17.jpg,steering_wheel,12,vp12/run1_2018-05-24-15-44-28.ids_4,42,17,eating,food,train,train,20064
steering_wheel__run1d_2018-05-23-14-54-38.ids_4__vp8__ann58__ch18.jpg,steering_wheel,8,vp8/run1d_2018-05-23-14-54-38.ids_4,58,18,eating,food,val,train,30832
steering_wheel__run2_2018-05-30-11-34-54.ids_4__vp13__ann48__ch7.jpg,steering_wheel,13,vp13/run2_2018-05-30-11-34-54.ids_4,48,7,eating,food,train,test,22054
steering_wheel__run1d_2018-05-23-14-54-38.ids_4__vp8__ann58__ch6.jpg,steering_wheel,8,vp8/run1d_2018-05-23-14-54-38.ids_4,58,6,eating,food,val,train,29747
steering_wheel__run2_2018-05-24-14-08-46.ids_4__vp10__ann101__ch1.jpg,steering_wheel,10,vp10/run2_2018-05-24-14-08-46.ids_4,101,1,eating,food,train,train,35294
steering_wheel__run2_2018-05-23-11-05-00.ids_4__vp6__ann30__ch5.jpg,steering_wheel,6,vp6/run2_2018-05-23-11-05-00.ids_4,30,5,eating,food,train,train,15337
steering_wheel__run2_2018-05-30-10-42-33.ids_4__vp14__ann93__ch7.jpg,steering_wheel,14,vp14/run2_2018-05-30-10-42-33.ids_4,93,7,eating,food,test,val,35188
steering_wheel__run2_2018-05-30-10-42-33.ids_4__vp14__ann93__ch30.jpg,steering_wheel,14,vp14/run2_2018-05-30-10-42-33.ids_4,93,30,eating,food,test,val,37260
steering_wheel__run1_2018-05-30-10-11-09.ids_4__vp14__ann86__ch11.jpg,steering_wheel,14,vp14/run1_2018-05-30-10-11-09.ids_4,86,11,eating,food,test,val,35705
steering_wheel__run1_2018-05-22-15-10-41.ids_4__vp5__ann111__ch2.jpg,steering_wheel,5,vp5/run1_2018-05-22-15-10-41.ids_4,111,2,eating,food,train,test,43523
steering_wheel__run1_2018-05-22-15-10-41.ids_4__vp5__ann127__ch0.jpg,steering_wheel,5,vp5/run1_2018-05-22-15-10-41.ids_4,127,0,eating,food,train,test,47845
steering_wheel__run1_2018-05-23-13-16-52.ids_4__vp7__ann81__ch8.jpg,steering_wheel,7,vp7/run1_2018-05-23-13-16-52.ids_4,81,8,eating,food,val,train,26277
steering_wheel__run1_2018-05-22-15-10-41.ids_4__vp5__ann119__ch3.jpg,steering_wheel,5,vp5/run1_2018-05-22-15-10-41.ids_4,119,3,eating,food,train,test,44384
steering_wheel__run2_2018-05-24-16-21-35.ids_4__vp12__ann17__ch17.jpg,steering_wheel,12,vp12/run2_2018-05-24-16-21-35.ids_4,17,17,eating,food,train,train,10766
steering_wheel__run1b_2018-05-23-16-19-17.ids_4__vp9__ann75__ch3.jpg,steering_wheel,9,vp9/run1b_2018-05-23-16-19-17.ids_4,75,3,eating,food,test,train,19759
steering_wheel__run1d_2018-05-23-14-54-38.ids_4__vp8__ann58__ch20.jpg,steering_wheel,8,vp8/run1d_2018-05-23-14-54-38.ids_4,58,20,eating,food,val,train,31015
steering_wheel__run1b_2018-05-08-08-46-01.ids_4__vp3__ann80__ch5.jpg,steering_wheel,3,vp3/run1b_2018-05-08-08-46-01.ids_4,80,5,eating,food,train,train,32553
steering_wheel__run2_2018-05-30-10-42-33.ids_4__vp14__ann93__ch37.jpg,steering_wheel,14,vp14/run2_2018-05-30-10-42-33.ids_4,93,37,eating,food,test,val,37891
steering_wheel__run2_2018-05-24-14-35-56.ids_4__vp11__ann80__ch0.jpg,steering_wheel,11,vp11/run2_2018-05-24-14-35-56.ids_4,80,0,eating,food,train,test,20222
steering_wheel__run1_2018-05-22-15-10-41.ids_4__vp5__ann105__ch4.jpg,steering_wheel,5,vp5/run1_2018-05-22-15-10-41.ids_4,105,4,eating,food,train,test,41455
steering_wheel__run1_2018-05-24-13-14-41.ids_4__vp10__ann92__ch1.jpg,steering_wheel,10,vp10/run1_2018-05-24-13-14-41.ids_4,92,1,eating,food,train,train,31763
steering_wheel__run2_2018-05-24-17-22-26.ids_4__vp2__ann38__ch5.jpg,steering_wheel,2,vp2/run2_2018-05-24-17-22-26.ids_4,38,5,eating,food,train,train,20463
steering_wheel__run1_2018-05-30-10-11-09.ids_4__vp14__ann90__ch20.jpg,steering_wheel,14,vp14/run1_2018-05-30-10-11-09.ids_4,90,20,eating,food,test,val,40153
steering_wheel__run1_2018-05-23-10-21-45.ids_4__vp6__ann84__ch1.jpg,steering_wheel,6,vp6/run1_2018-05-23-10-21-45.ids_4,84,1,preparing_food,food,train,train,42296
steering_wheel__run1d_2018-05-23-14-54-38.ids_4__vp8__ann58__ch16.jpg,steering_wheel,8,vp8/run1d_2018-05-23-14-54-38.ids_4,58,16,eating,food,val,train,30650
steering_wheel__run1_2018-05-22-15-10-41.ids_4__vp5__ann125__ch11.jpg,steering_wheel,5,vp5/run1_2018-05-22-15-10-41.ids_4,125,11,eating,food,train,test,47441
steering_wheel__run1_2018-05-22-15-10-41.ids_4__vp5__ann47__ch0.jpg,steering_wheel,5,vp5/run1_2018-05-22-15-10-41.ids_4,47,0,eating,food,train,test,20849
steering_wheel__run1_2018-05-23-13-16-52.ids_4__vp7__ann81__ch19.jpg,steering_wheel,7,vp7/run1_2018-05-23-13-16-52.ids_4,81,19,eating,food,val,train,27253
steering_wheel__run1d_2018-05-23-14-54-38.ids_4__vp8__ann58__ch4.jpg,steering_wheel,8,vp8/run1d_2018-05-23-14-54-38.ids_4,58,4,eating,food,val,train,29564
steering_wheel__run1_2018-05-24-13-14-41.ids_4__vp10__ann90__ch4.jpg,steering_wheel,10,vp10/run1_2018-05-24-13-14-41.ids_4,90,4,eating,food,train,train,29436
steering_wheel__run2b_2018-05-22-15-50-07.ids_4__vp5__ann76__ch3.jpg,steering_wheel,5,vp5/run2b_2018-05-22-15-50-07.ids_4,76,3,eating,food,train,test,28084
steering_wheel__run1d_2018-05-23-14-54-38.ids_4__vp8__ann58__ch8.jpg,steering_wheel,8,vp8/run1d_2018-05-23-14-54-38.ids_4,58,8,eating,food,val,train,29927
steering_wheel__run2_2018-05-23-11-05-00.ids_4__vp6__ann53__ch1.jpg,steering_wheel,6,vp6/run2_2018-05-23-11-05-00.ids_4,53,1,eating,food,train,train,26842
steering_wheel__run1_2018-05-23-10-21-45.ids_4__vp6__ann78__ch5.jpg,steering_wheel,6,vp6/run1_2018-05-23-10-21-45.ids_4,78,5,eating,food,train,train,40415
steering_wheel__run1_2018-05-23-13-16-52.ids_4__vp7__ann11__ch3.jpg,steering_wheel,7,vp7/run1_2018-05-23-13-16-52.ids_4,11,3,eating,food,val,train,9486
steering_wheel__run1b_2018-05-23-16-19-17.ids_4__vp9__ann73__ch1.jpg,steering_wheel,9,vp9/run1b_2018-05-23-16-19-17.ids_4,73,1,eating,food,test,train,19335
steering_wheel__run1_2018-05-24-13-44-01.ids_4__vp11__ann108__ch4.jpg,steering_wheel,11,vp11/run1_2018-05-24-13-44-01.ids_4,108,4,eating,food,train,test,36097
steering_wheel__run2_2018-05-22-14-25-04.ids_4__vp4__ann11__ch3.jpg,steering_wheel,4,vp4/run2_2018-05-22-14-25-04.ids_4,11,3,eating,food,train,train,12048
steering_wheel__run1_2018-05-29-15-21-10.ids_4__vp13__ann39__ch1.jpg,steering_wheel,13,vp13/run1_2018-05-29-15-21-10.ids_4,39,1,eating,food,train,test,21937
steering_wheel__run1d_2018-05-23-14-54-38.ids_4__vp8__ann58__ch28.jpg,steering_wheel,8,vp8/run1d_2018-05-23-14-54-38.ids_4,58,28,eating,food,val,train,31737
steering_wheel__run1_2018-05-22-15-10-41.ids_4__vp5__ann46__ch0.jpg,steering_wheel,5,vp5/run1_2018-05-22-15-10-41.ids_4,46,0,preparing_food,food,train,test,20626
steering_wheel__run1_2018-05-22-15-10-41.ids_4__vp5__ann49__ch3.jpg,steering_wheel,5,vp5/run1_2018-05-22-15-10-41.ids_4,49,3,eating,food,train,test,21259
steering_wheel__run1_2018-05-24-13-14-41.ids_4__vp10__ann16__ch4.jpg,steering_wheel,10,vp10/run1_2018-05-24-13-14-41.ids_4,16,4,eating,food,train,train,9898
steering_wheel__run2_2018-05-22-14-25-04.ids_4__vp4__ann11__ch2.jpg,steering_wheel,4,vp4/run2_2018-05-22-14-25-04.ids_4,11,2,eating,food,train,train,11958
steering_wheel__run2_2018-05-29-14-33-44.ids_4__vp1__ann41__ch8.jpg,steering_wheel,1,vp1/run2_2018-05-29-14-33-44.ids_4,41,8,eating,food,train,train,20626
steering_wheel__run2_2018-05-29-14-33-44.ids_4__vp1__ann41__ch5.jpg,steering_wheel,1,vp1/run2_2018-05-29-14-33-44.ids_4,41,5,eating,food,train,train,20388
steering_wheel__run1_2018-05-22-15-10-41.ids_4__vp5__ann49__ch11.jpg,steering_wheel,5,vp5/run1_2018-05-22-15-10-41.ids_4,49,11,eating,food,train,test,21977
steering_wheel__run1b_2018-05-29-14-02-47.ids_4__vp1__ann50__ch5.jpg,steering_wheel,1,vp1/run1b_2018-05-29-14-02-47.ids_4,50,5,eating,food,train,train,15703
steering_wheel__run2_2018-05-30-10-42-33.ids_4__vp14__ann104__ch2.jpg,steering_wheel,14,vp14/run2_2018-05-30-10-42-33.ids_4,104,2,eating,food,test,val,40810
steering_wheel__run1_2018-05-23-10-21-45.ids_4__vp6__ann76__ch1.jpg,steering_wheel,6,vp6/run1_2018-05-23-10-21-45.ids_4,76,1,preparing_food,food,train,train,39644
steering_wheel__run2b_2018-05-22-15-50-07.ids_4__vp5__ann70__ch9.jpg,steering_wheel,5,vp5/run2b_2018-05-22-15-50-07.ids_4,70,9,eating,food,train,test,27218
steering_wheel__run1_2018-05-22-15-10-41.ids_4__vp5__ann123__ch6.jpg,steering_wheel,5,vp5/run1_2018-05-22-15-10-41.ids_4,123,6,eating,food,train,test,46275
steering_wheel__run2_2018-05-24-17-22-26.ids_4__vp2__ann50__ch9.jpg,steering_wheel,2,vp2/run2_2018-05-24-17-22-26.ids_4,50,9,eating,food,train,train,23579
steering_wheel__run2_2018-05-30-10-42-33.ids_4__vp14__ann93__ch17.jpg,steering_wheel,14,vp14/run2_2018-05-30-10-42-33.ids_4,93,17,eating,food,test,val,36090
steering_wheel__run2_2018-05-30-10-42-33.ids_4__vp14__ann93__ch21.jpg,steering_wheel,14,vp14/run2_2018-05-30-10-42-33.ids_4,93,21,eating,food,test,val,36451
steering_wheel__run1_2018-05-24-13-14-41.ids_4__vp10__ann90__ch18.jpg,steering_wheel,10,vp10/run1_2018-05-24-13-14-41.ids_4,90,18,eating,food,train,train,30703
steering_wheel__run1_2018-05-24-13-14-41.ids_4__vp10__ann90__ch16.jpg,steering_wheel,10,vp10/run1_2018-05-24-13-14-41.ids_4,90,16,eating,food,train,train,30523
steering_wheel__run2_2018-05-30-10-42-33.ids_4__vp14__ann93__ch22.jpg,steering_wheel,14,vp14/run2_2018-05-30-10-42-33.ids_4,93,22,eating,food,test,val,36541
steering_wheel__run1_2018-05-29-15-21-10.ids_4__vp13__ann39__ch3.jpg,steering_wheel,13,vp13/run1_2018-05-29-15-21-10.ids_4,39,3,eating,food,train,test,22116
steering_wheel__run1_2018-05-22-15-10-41.ids_4__vp5__ann125__ch6.jpg,steering_wheel,5,vp5/run1_2018-05-22-15-10-41.ids_4,125,6,eating,food,train,test,46997
steering_wheel__run1_2018-05-22-13-28-51.ids_4__vp4__ann26__ch2.jpg,steering_wheel,4,vp4/run1_2018-05-22-13-28-51.ids_4,26,2,eating,food,train,train,16737
steering_wheel__run1b_2018-05-08-08-46-01.ids_4__vp3__ann70__ch6.jpg,steering_wheel,3,vp3/run1b_2018-05-08-08-46-01.ids_4,70,6,eating,food,train,train,30835
steering_wheel__run1_2018-05-30-10-11-09.ids_4__vp14__ann90__ch6.jpg,steering_wheel,14,vp14/run1_2018-05-30-10-11-09.ids_4,90,6,eating,food,test,val,38889
steering_wheel__run2b_2018-05-22-15-50-07.ids_4__vp5__ann76__ch5.jpg,steering_wheel,5,vp5/run2b_2018-05-22-15-50-07.ids_4,76,5,eating,food,train,test,28267
steering_wheel__run1_2018-05-24-15-44-28.ids_4__vp12__ann40__ch5.jpg,steering_wheel,12,vp12/run1_2018-05-24-15-44-28.ids_4,40,5,eating,food,train,train,18404
steering_wheel__run1_2018-05-24-13-14-41.ids_4__vp10__ann90__ch10.jpg,steering_wheel,10,vp10/run1_2018-05-24-13-14-41.ids_4,90,10,eating,food,train,train,29979
steering_wheel__run1b_2018-05-23-16-19-17.ids_4__vp9__ann75__ch0.jpg,steering_wheel,9,vp9/run1b_2018-05-23-16-19-17.ids_4,75,0,eating,food,test,train,19488
steering_wheel__run2_2018-05-22-14-25-04.ids_4__vp4__ann104__ch8.jpg,steering_wheel,4,vp4/run2_2018-05-22-14-25-04.ids_4,104,8,eating,food,train,train,49147
steering_wheel__run1b_2018-05-23-16-19-17.ids_4__vp9__ann23__ch1.jpg,steering_wheel,9,vp9/run1b_2018-05-23-16-19-17.ids_4,23,1,preparing_food,food,test,train,9809
steering_wheel__run1_2018-05-23-13-16-52.ids_4__vp7__ann60__ch5.jpg,steering_wheel,7,vp7/run1_2018-05-23-13-16-52.ids_4,60,5,eating,food,val,train,20755
steering_wheel__run2_2018-05-24-16-21-35.ids_4__vp12__ann15__ch5.jpg,steering_wheel,12,vp12/run2_2018-05-24-16-21-35.ids_4,15,5,preparing_food,food,train,train,9097
steering_wheel__run1_2018-05-22-15-10-41.ids_4__vp5__ann49__ch6.jpg,steering_wheel,5,vp5/run1_2018-05-22-15-10-41.ids_4,49,6,eating,food,train,test,21528
steering_wheel__run1d_2018-05-23-14-54-38.ids_4__vp8__ann58__ch9.jpg,steering_wheel,8,vp8/run1d_2018-05-23-14-54-38.ids_4,58,9,eating,food,val,train,30016
steering_wheel__run1_2018-05-22-15-10-41.ids_4__vp5__ann46__ch2.jpg,steering_wheel,5,vp5/run1_2018-05-22-15-10-41.ids_4,46,2,preparing_food,food,train,test,20785
steering_wheel__run1_2018-05-24-15-44-28.ids_4__vp12__ann42__ch11.jpg,steering_wheel,12,vp12/run1_2018-05-24-15-44-28.ids_4,42,11,eating,food,train,train,19521
steering_wheel__run1_2018-05-24-13-14-41.ids_4__vp10__ann96__ch2.jpg,steering_wheel,10,vp10/run1_2018-05-24-13-14-41.ids_4,96,2,eating,food,train,train,34284
steering_wheel__run1_2018-05-22-15-10-41.ids_4__vp5__ann53__ch3.jpg,steering_wheel,5,vp5/run1_2018-05-22-15-10-41.ids_4,53,3,eating,food,train,test,25357
steering_wheel__run1b_2018-05-23-16-19-17.ids_4__vp9__ann75__ch1.jpg,steering_wheel,9,vp9/run1b_2018-05-23-16-19-17.ids_4,75,1,eating,food,test,train,19578
steering_wheel__run1_2018-05-30-13-05-35.ids_4__vp15__ann18__ch5.jpg,steering_wheel,15,vp15/run1_2018-05-30-13-05-35.ids_4,18,5,eating,food,train,val,9657
steering_wheel__run1d_2018-05-23-14-54-38.ids_4__vp8__ann78__ch11.jpg,steering_wheel,8,vp8/run1d_2018-05-23-14-54-38.ids_4,78,11,eating,food,val,train,38401
steering_wheel__run1_2018-05-22-15-10-41.ids_4__vp5__ann125__ch7.jpg,steering_wheel,5,vp5/run1_2018-05-22-15-10-41.ids_4,125,7,eating,food,train,test,47085
steering_wheel__run1d_2018-05-23-14-54-38.ids_4__vp8__ann78__ch18.jpg,steering_wheel,8,vp8/run1d_2018-05-23-14-54-38.ids_4,78,18,eating,food,val,train,39042
steering_wheel__run2_2018-05-29-14-33-44.ids_4__vp1__ann41__ch4.jpg,steering_wheel,1,vp1/run2_2018-05-29-14-33-44.ids_4,41,4,eating,food,train,train,20297
steering_wheel__run2_2018-05-24-16-21-35.ids_4__vp12__ann17__ch0.jpg,steering_wheel,12,vp12/run2_2018-05-24-16-21-35.ids_4,17,0,eating,food,train,train,9232
steering_wheel__run1_2018-05-30-10-11-09.ids_4__vp14__ann90__ch31.jpg,steering_wheel,14,vp14/run1_2018-05-30-10-11-09.ids_4,90,31,eating,food,test,val,41151
steering_wheel__run1_2018-05-29-15-21-10.ids_4__vp13__ann39__ch8.jpg,steering_wheel,13,vp13/run1_2018-05-29-15-21-10.ids_4,39,8,eating,food,train,test,22569
inner_mirror__run1b_2018-05-29-14-02-47.ids_1__vp1__ann38__ch0.jpg,inner_mirror,1,vp1/run1b_2018-05-29-14-02-47.ids_1,38,0,drinking,bottle_or_cup,train,train,12471
inner_mirror__run1b_2018-05-29-14-02-47.ids_1__vp1__ann38__ch1.jpg,inner_mirror,1,vp1/run1b_2018-05-29-14-02-47.ids_1,38,1,drinking,bottle_or_cup,train,train,12561
inner_mirror__run1b_2018-05-29-14-02-47.ids_1__vp1__ann38__ch2.jpg,inner_mirror,1,vp1/run1b_2018-05-29-14-02-47.ids_1,38,2,drinking,bottle_or_cup,train,train,12610
inner_mirror__run1b_2018-05-29-14-02-47.ids_1__vp1__ann55__ch0.jpg,inner_mirror,1,vp1/run1b_2018-05-29-14-02-47.ids_1,55,0,drinking,bottle_or_cup,train,train,16746
inner_mirror__run1b_2018-05-29-14-02-47.ids_1__vp1__ann55__ch1.jpg,inner_mirror,1,vp1/run1b_2018-05-29-14-02-47.ids_1,55,1,drinking,bottle_or_cup,train,train,16836
inner_mirror__run1b_2018-05-29-14-02-47.ids_1__vp1__ann55__ch2.jpg,inner_mirror,1,vp1/run1b_2018-05-29-14-02-47.ids_1,55,2,drinking,bottle_or_cup,train,train,16919
inner_mirror__run1b_2018-05-29-14-02-47.ids_1__vp1__ann99__ch0.jpg,inner_mirror,1,vp1/run1b_2018-05-29-14-02-47.ids_1,99,0,drinking,bottle_or_cup,train,train,26798
inner_mirror__run1b_2018-05-29-14-02-47.ids_1__vp1__ann99__ch1.jpg,inner_mirror,1,vp1/run1b_2018-05-29-14-02-47.ids_1,99,1,drinking,bottle_or_cup,train,train,26878
inner_mirror__run1b_2018-05-29-14-02-47.ids_1__vp1__ann114__ch0.jpg,inner_mirror,1,vp1/run1b_2018-05-29-14-02-47.ids_1,114,0,drinking,bottle_or_cup,train,train,29136
inner_mirror__run1b_2018-05-29-14-02-47.ids_1__vp1__ann114__ch1.jpg,inner_mirror,1,vp1/run1b_2018-05-29-14-02-47.ids_1,114,1,drinking,bottle_or_cup,train,train,29210
inner_mirror__run2_2018-05-29-14-33-44.ids_1__vp1__ann46__ch0.jpg,inner_mirror,1,vp1/run2_2018-05-29-14-33-44.ids_1,46,0,drinking,bottle_or_cup,train,train,21240
inner_mirror__run2_2018-05-29-14-33-44.ids_1__vp1__ann46__ch1.jpg,inner_mirror,1,vp1/run2_2018-05-29-14-33-44.ids_1,46,1,drinking,bottle_or_cup,train,train,21330
inner_mirror__run2_2018-05-29-14-33-44.ids_1__vp1__ann46__ch2.jpg,inner_mirror,1,vp1/run2_2018-05-29-14-33-44.ids_1,46,2,drinking,bottle_or_cup,train,train,21389
inner_mirror__run1_2018-05-03-14-08-31.ids_1__vp2__ann75__ch0.jpg,inner_mirror,2,vp2/run1_2018-05-03-14-08-31.ids_1,75,0,drinking,bottle_or_cup,train,train,40541
inner_mirror__run1_2018-05-03-14-08-31.ids_1__vp2__ann75__ch1.jpg,inner_mirror,2,vp2/run1_2018-05-03-14-08-31.ids_1,75,1,drinking,bottle_or_cup,train,train,40631
inner_mirror__run1_2018-05-03-14-08-31.ids_1__vp2__ann75__ch2.jpg,inner_mirror,2,vp2/run1_2018-05-03-14-08-31.ids_1,75,2,drinking,bottle_or_cup,train,train,40685
inner_mirror__run2_2018-05-24-17-22-26.ids_1__vp2__ann42__ch0.jpg,inner_mirror,2,vp2/run2_2018-05-24-17-22-26.ids_1,42,0,drinking,bottle_or_cup,train,train,21248
inner_mirror__run2_2018-05-24-17-22-26.ids_1__vp2__ann42__ch1.jpg,inner_mirror,2,vp2/run2_2018-05-24-17-22-26.ids_1,42,1,drinking,bottle_or_cup,train,train,21338
inner_mirror__run1b_2018-05-08-08-46-01.ids_1__vp3__ann76__ch0.jpg,inner_mirror,3,vp3/run1b_2018-05-08-08-46-01.ids_1,76,0,drinking,bottle_or_cup,train,train,31715
inner_mirror__run1b_2018-05-08-08-46-01.ids_1__vp3__ann76__ch1.jpg,inner_mirror,3,vp3/run1b_2018-05-08-08-46-01.ids_1,76,1,drinking,bottle_or_cup,train,train,31797
inner_mirror__run1b_2018-05-08-08-46-01.ids_1__vp3__ann85__ch0.jpg,inner_mirror,3,vp3/run1b_2018-05-08-08-46-01.ids_1,85,0,drinking,bottle_or_cup,train,train,33759
inner_mirror__run1b_2018-05-08-08-46-01.ids_1__vp3__ann85__ch1.jpg,inner_mirror,3,vp3/run1b_2018-05-08-08-46-01.ids_1,85,1,drinking,bottle_or_cup,train,train,33849
inner_mirror__run1b_2018-05-08-08-46-01.ids_1__vp3__ann85__ch2.jpg,inner_mirror,3,vp3/run1b_2018-05-08-08-46-01.ids_1,85,2,drinking,bottle_or_cup,train,train,33939
inner_mirror__run1b_2018-05-08-08-46-01.ids_1__vp3__ann85__ch3.jpg,inner_mirror,3,vp3/run1b_2018-05-08-08-46-01.ids_1,85,3,drinking,bottle_or_cup,train,train,34029
inner_mirror__run1b_2018-05-08-08-46-01.ids_1__vp3__ann85__ch4.jpg,inner_mirror,3,vp3/run1b_2018-05-08-08-46-01.ids_1,85,4,drinking,bottle_or_cup,train,train,34119
inner_mirror__run1b_2018-05-08-08-46-01.ids_1__vp3__ann85__ch5.jpg,inner_mirror,3,vp3/run1b_2018-05-08-08-46-01.ids_1,85,5,drinking,bottle_or_cup,train,train,34209
inner_mirror__run1b_2018-05-08-08-46-01.ids_1__vp3__ann85__ch6.jpg,inner_mirror,3,vp3/run1b_2018-05-08-08-46-01.ids_1,85,6,drinking,bottle_or_cup,train,train,34299
inner_mirror__run1b_2018-05-08-08-46-01.ids_1__vp3__ann85__ch7.jpg,inner_mirror,3,vp3/run1b_2018-05-08-08-46-01.ids_1,85,7,drinking,bottle_or_cup,train,train,34358
inner_mirror__run1b_2018-05-08-08-46-01.ids_1__vp3__ann88__ch0.jpg,inner_mirror,3,vp3/run1b_2018-05-08-08-46-01.ids_1,88,0,drinking,bottle_or_cup,train,train,34549
inner_mirror__run1b_2018-05-08-08-46-01.ids_1__vp3__ann88__ch1.jpg,inner_mirror,3,vp3/run1b_2018-05-08-08-46-01.ids_1,88,1,drinking,bottle_or_cup,train,train,34612
inner_mirror__run1b_2018-05-08-08-46-01.ids_1__vp3__ann92__ch0.jpg,inner_mirror,3,vp3/run1b_2018-05-08-08-46-01.ids_1,92,0,drinking,bottle_or_cup,train,train,35436
inner_mirror__run1b_2018-05-08-08-46-01.ids_1__vp3__ann92__ch1.jpg,inner_mirror,3,vp3/run1b_2018-05-08-08-46-01.ids_1,92,1,drinking,bottle_or_cup,train,train,35486
inner_mirror__run1b_2018-05-08-08-46-01.ids_1__vp3__ann93__ch0.jpg,inner_mirror,3,vp3/run1b_2018-05-08-08-46-01.ids_1,93,0,drinking,bottle_or_cup,train,train,36013
inner_mirror__run1b_2018-05-08-08-46-01.ids_1__vp3__ann93__ch1.jpg,inner_mirror,3,vp3/run1b_2018-05-08-08-46-01.ids_1,93,1,drinking,bottle_or_cup,train,train,36080
inner_mirror__run1b_2018-05-08-08-46-01.ids_1__vp3__ann96__ch0.jpg,inner_mirror,3,vp3/run1b_2018-05-08-08-46-01.ids_1,96,0,drinking,bottle_or_cup,train,train,36751
inner_mirror__run1b_2018-05-08-08-46-01.ids_1__vp3__ann104__ch0.jpg,inner_mirror,3,vp3/run1b_2018-05-08-08-46-01.ids_1,104,0,drinking,bottle_or_cup,train,train,38221
inner_mirror__run1b_2018-05-08-08-46-01.ids_1__vp3__ann104__ch1.jpg,inner_mirror,3,vp3/run1b_2018-05-08-08-46-01.ids_1,104,1,drinking,bottle_or_cup,train,train,38276
inner_mirror__run2_2018-05-29-16-03-37.ids_1__vp3__ann82__ch0.jpg,inner_mirror,3,vp3/run2_2018-05-29-16-03-37.ids_1,82,0,drinking,bottle_or_cup,train,train,30769
inner_mirror__run2_2018-05-29-16-03-37.ids_1__vp3__ann82__ch1.jpg,inner_mirror,3,vp3/run2_2018-05-29-16-03-37.ids_1,82,1,drinking,bottle_or_cup,train,train,30828
inner_mirror__run1_2018-05-22-13-28-51.ids_1__vp4__ann29__ch0.jpg,inner_mirror,4,vp4/run1_2018-05-22-13-28-51.ids_1,29,0,drinking,bottle_or_cup,train,train,17768
inner_mirror__run1_2018-05-22-13-28-51.ids_1__vp4__ann29__ch1.jpg,inner_mirror,4,vp4/run1_2018-05-22-13-28-51.ids_1,29,1,drinking,bottle_or_cup,train,train,17858
inner_mirror__run1_2018-05-22-13-28-51.ids_1__vp4__ann29__ch2.jpg,inner_mirror,4,vp4/run1_2018-05-22-13-28-51.ids_1,29,2,drinking,bottle_or_cup,train,train,17948
inner_mirror__run2_2018-05-22-14-25-04.ids_1__vp4__ann19__ch0.jpg,inner_mirror,4,vp4/run2_2018-05-22-14-25-04.ids_1,19,0,drinking,bottle_or_cup,train,train,17555
inner_mirror__run2_2018-05-22-14-25-04.ids_1__vp4__ann19__ch1.jpg,inner_mirror,4,vp4/run2_2018-05-22-14-25-04.ids_1,19,1,drinking,bottle_or_cup,train,train,17645
inner_mirror__run2_2018-05-22-14-25-04.ids_1__vp4__ann19__ch2.jpg,inner_mirror,4,vp4/run2_2018-05-22-14-25-04.ids_1,19,2,drinking,bottle_or_cup,train,train,17718
inner_mirror__run1_2018-05-23-10-21-45.ids_1__vp6__ann90__ch0.jpg,inner_mirror,6,vp6/run1_2018-05-23-10-21-45.ids_1,90,0,drinking,bottle_or_cup,train,train,46393
inner_mirror__run1_2018-05-23-10-21-45.ids_1__vp6__ann90__ch1.jpg,inner_mirror,6,vp6/run1_2018-05-23-10-21-45.ids_1,90,1,drinking,bottle_or_cup,train,train,46471
inner_mirror__run2_2018-05-23-11-05-00.ids_1__vp6__ann34__ch0.jpg,inner_mirror,6,vp6/run2_2018-05-23-11-05-00.ids_1,34,0,drinking,bottle_or_cup,train,train,17464
inner_mirror__run2_2018-05-23-11-05-00.ids_1__vp6__ann34__ch1.jpg,inner_mirror,6,vp6/run2_2018-05-23-11-05-00.ids_1,34,1,drinking,bottle_or_cup,train,train,17554
inner_mirror__run2_2018-05-23-11-05-00.ids_1__vp6__ann34__ch2.jpg,inner_mirror,6,vp6/run2_2018-05-23-11-05-00.ids_1,34,2,drinking,bottle_or_cup,train,train,17620
inner_mirror__run2_2018-05-23-11-05-00.ids_1__vp6__ann49__ch0.jpg,inner_mirror,6,vp6/run2_2018-05-23-11-05-00.ids_1,49,0,drinking,bottle_or_cup,train,train,26261
inner_mirror__run2_2018-05-23-11-05-00.ids_1__vp6__ann49__ch1.jpg,inner_mirror,6,vp6/run2_2018-05-23-11-05-00.ids_1,49,1,drinking,bottle_or_cup,train,train,26319
inner_mirror__run1_2018-05-23-13-16-52.ids_1__vp7__ann16__ch0.jpg,inner_mirror,7,vp7/run1_2018-05-23-13-16-52.ids_1,16,0,drinking,bottle_or_cup,val,train,10038
inner_mirror__run1_2018-05-23-13-16-52.ids_1__vp7__ann16__ch1.jpg,inner_mirror,7,vp7/run1_2018-05-23-13-16-52.ids_1,16,1,drinking,bottle_or_cup,val,train,10128
inner_mirror__run1_2018-05-23-13-16-52.ids_1__vp7__ann16__ch2.jpg,inner_mirror,7,vp7/run1_2018-05-23-13-16-52.ids_1,16,2,drinking,bottle_or_cup,val,train,10218
inner_mirror__run1_2018-05-23-13-16-52.ids_1__vp7__ann16__ch3.jpg,inner_mirror,7,vp7/run1_2018-05-23-13-16-52.ids_1,16,3,drinking,bottle_or_cup,val,train,10296
inner_mirror__run1_2018-05-23-13-16-52.ids_1__vp7__ann84__ch0.jpg,inner_mirror,7,vp7/run1_2018-05-23-13-16-52.ids_1,84,0,drinking,bottle_or_cup,val,train,27166
inner_mirror__run1_2018-05-23-13-16-52.ids_1__vp7__ann84__ch1.jpg,inner_mirror,7,vp7/run1_2018-05-23-13-16-52.ids_1,84,1,drinking,bottle_or_cup,val,train,27256
inner_mirror__run1_2018-05-23-13-16-52.ids_1__vp7__ann84__ch2.jpg,inner_mirror,7,vp7/run1_2018-05-23-13-16-52.ids_1,84,2,drinking,bottle_or_cup,val,train,27336
inner_mirror__run2b_2018-05-23-13-54-07.ids_1__vp7__ann37__ch0.jpg,inner_mirror,7,vp7/run2b_2018-05-23-13-54-07.ids_1,37,0,drinking,bottle_or_cup,val,train,14401
inner_mirror__run2b_2018-05-23-13-54-07.ids_1__vp7__ann37__ch1.jpg,inner_mirror,7,vp7/run2b_2018-05-23-13-54-07.ids_1,37,1,drinking,bottle_or_cup,val,train,14491
inner_mirror__run2b_2018-05-23-13-54-07.ids_1__vp7__ann37__ch2.jpg,inner_mirror,7,vp7/run2b_2018-05-23-13-54-07.ids_1,37,2,drinking,bottle_or_cup,val,train,14581
inner_mirror__run2b_2018-05-23-13-54-07.ids_1__vp7__ann37__ch3.jpg,inner_mirror,7,vp7/run2b_2018-05-23-13-54-07.ids_1,37,3,drinking,bottle_or_cup,val,train,14671
inner_mirror__run2b_2018-05-23-13-54-07.ids_1__vp7__ann37__ch4.jpg,inner_mirror,7,vp7/run2b_2018-05-23-13-54-07.ids_1,37,4,drinking,bottle_or_cup,val,train,14753
inner_mirror__run1d_2018-05-23-14-54-38.ids_1__vp8__ann65__ch0.jpg,inner_mirror,8,vp8/run1d_2018-05-23-14-54-38.ids_1,65,0,drinking,bottle_or_cup,val,train,33055
inner_mirror__run1d_2018-05-23-14-54-38.ids_1__vp8__ann65__ch1.jpg,inner_mirror,8,vp8/run1d_2018-05-23-14-54-38.ids_1,65,1,drinking,bottle_or_cup,val,train,33145
inner_mirror__run1d_2018-05-23-14-54-38.ids_1__vp8__ann65__ch2.jpg,inner_mirror,8,vp8/run1d_2018-05-23-14-54-38.ids_1,65,2,drinking,bottle_or_cup,val,train,33228
inner_mirror__run1d_2018-05-23-14-54-38.ids_1__vp8__ann86__ch0.jpg,inner_mirror,8,vp8/run1d_2018-05-23-14-54-38.ids_1,86,0,drinking,bottle_or_cup,val,train,41041
inner_mirror__run1d_2018-05-23-14-54-38.ids_1__vp8__ann86__ch1.jpg,inner_mirror,8,vp8/run1d_2018-05-23-14-54-38.ids_1,86,1,drinking,bottle_or_cup,val,train,41131
inner_mirror__run1d_2018-05-23-14-54-38.ids_1__vp8__ann86__ch2.jpg,inner_mirror,8,vp8/run1d_2018-05-23-14-54-38.ids_1,86,2,drinking,bottle_or_cup,val,train,41221
inner_mirror__run1d_2018-05-23-14-54-38.ids_1__vp8__ann86__ch3.jpg,inner_mirror,8,vp8/run1d_2018-05-23-14-54-38.ids_1,86,3,drinking,bottle_or_cup,val,train,41305
inner_mirror__run2_2018-05-23-15-30-27.ids_1__vp8__ann21__ch0.jpg,inner_mirror,8,vp8/run2_2018-05-23-15-30-27.ids_1,21,0,drinking,bottle_or_cup,val,train,9059
inner_mirror__run2_2018-05-23-15-30-27.ids_1__vp8__ann21__ch1.jpg,inner_mirror,8,vp8/run2_2018-05-23-15-30-27.ids_1,21,1,drinking,bottle_or_cup,val,train,9149
inner_mirror__run2_2018-05-23-15-30-27.ids_1__vp8__ann21__ch2.jpg,inner_mirror,8,vp8/run2_2018-05-23-15-30-27.ids_1,21,2,drinking,bottle_or_cup,val,train,9200
inner_mirror__run1b_2018-05-23-16-19-17.ids_1__vp9__ann13__ch0.jpg,inner_mirror,9,vp9/run1b_2018-05-23-16-19-17.ids_1,13,0,drinking,bottle_or_cup,test,train,8262
inner_mirror__run1b_2018-05-23-16-19-17.ids_1__vp9__ann13__ch1.jpg,inner_mirror,9,vp9/run1b_2018-05-23-16-19-17.ids_1,13,1,drinking,bottle_or_cup,test,train,8310
inner_mirror__run1b_2018-05-23-16-19-17.ids_1__vp9__ann18__ch0.jpg,inner_mirror,9,vp9/run1b_2018-05-23-16-19-17.ids_1,18,0,drinking,bottle_or_cup,test,train,9136
inner_mirror__run1b_2018-05-23-16-19-17.ids_1__vp9__ann18__ch1.jpg,inner_mirror,9,vp9/run1b_2018-05-23-16-19-17.ids_1,18,1,drinking,bottle_or_cup,test,train,9188
inner_mirror__run1b_2018-05-23-16-19-17.ids_1__vp9__ann91__ch0.jpg,inner_mirror,9,vp9/run1b_2018-05-23-16-19-17.ids_1,91,0,drinking,bottle_or_cup,test,train,23250
inner_mirror__run1b_2018-05-23-16-19-17.ids_1__vp9__ann91__ch1.jpg,inner_mirror,9,vp9/run1b_2018-05-23-16-19-17.ids_1,91,1,drinking,bottle_or_cup,test,train,23340
inner_mirror__run1b_2018-05-23-16-19-17.ids_1__vp9__ann91__ch2.jpg,inner_mirror,9,vp9/run1b_2018-05-23-16-19-17.ids_1,91,2,drinking,bottle_or_cup,test,train,23430
inner_mirror__run1b_2018-05-23-16-19-17.ids_1__vp9__ann91__ch3.jpg,inner_mirror,9,vp9/run1b_2018-05-23-16-19-17.ids_1,91,3,drinking,bottle_or_cup,test,train,23513
inner_mirror__run1_2018-05-24-13-14-41.ids_1__vp10__ann12__ch0.jpg,inner_mirror,10,vp10/run1_2018-05-24-13-14-41.ids_1,12,0,drinking,bottle_or_cup,train,train,9203
inner_mirror__run1_2018-05-24-13-14-41.ids_1__vp10__ann29__ch0.jpg,inner_mirror,10,vp10/run1_2018-05-24-13-14-41.ids_1,29,0,drinking,bottle_or_cup,train,train,11951
inner_mirror__run1_2018-05-24-13-14-41.ids_1__vp10__ann46__ch0.jpg,inner_mirror,10,vp10/run1_2018-05-24-13-14-41.ids_1,46,0,drinking,bottle_or_cup,train,train,15376
inner_mirror__run1_2018-05-24-13-14-41.ids_1__vp10__ann103__ch0.jpg,inner_mirror,10,vp10/run1_2018-05-24-13-14-41.ids_1,103,0,drinking,bottle_or_cup,train,train,36830
inner_mirror__run2_2018-05-24-14-08-46.ids_1__vp10__ann95__ch0.jpg,inner_mirror,10,vp10/run2_2018-05-24-14-08-46.ids_1,95,0,drinking,bottle_or_cup,train,train,33911
inner_mirror__run2_2018-05-24-14-08-46.ids_1__vp10__ann95__ch1.jpg,inner_mirror,10,vp10/run2_2018-05-24-14-08-46.ids_1,95,1,drinking,bottle_or_cup,train,train,33968
inner_mirror__run1_2018-05-24-15-44-28.ids_1__vp12__ann36__ch0.jpg,inner_mirror,12,vp12/run1_2018-05-24-15-44-28.ids_1,36,0,drinking,bottle_or_cup,train,train,17411
inner_mirror__run1_2018-05-24-15-44-28.ids_1__vp12__ann36__ch1.jpg,inner_mirror,12,vp12/run1_2018-05-24-15-44-28.ids_1,36,1,drinking,bottle_or_cup,train,train,17501
inner_mirror__run1_2018-05-24-15-44-28.ids_1__vp12__ann36__ch2.jpg,inner_mirror,12,vp12/run1_2018-05-24-15-44-28.ids_1,36,2,drinking,bottle_or_cup,train,train,17577
inner_mirror__run1_2018-05-24-15-44-28.ids_1__vp12__ann70__ch0.jpg,inner_mirror,12,vp12/run1_2018-05-24-15-44-28.ids_1,70,0,drinking,bottle_or_cup,train,train,31121
inner_mirror__run1_2018-05-24-15-44-28.ids_1__vp12__ann70__ch1.jpg,inner_mirror,12,vp12/run1_2018-05-24-15-44-28.ids_1,70,1,drinking,bottle_or_cup,train,train,31211
inner_mirror__run1_2018-05-24-15-44-28.ids_1__vp12__ann70__ch2.jpg,inner_mirror,12,vp12/run1_2018-05-24-15-44-28.ids_1,70,2,drinking,bottle_or_cup,train,train,31273
inner_mirror__run2_2018-05-24-16-21-35.ids_1__vp12__ann7__ch0.jpg,inner_mirror,12,vp12/run2_2018-05-24-16-21-35.ids_1,7,0,drinking,bottle_or_cup,train,train,7641
inner_mirror__run2_2018-05-24-16-21-35.ids_1__vp12__ann7__ch1.jpg,inner_mirror,12,vp12/run2_2018-05-24-16-21-35.ids_1,7,1,drinking,bottle_or_cup,train,train,7731
inner_mirror__run2_2018-05-24-16-21-35.ids_1__vp12__ann7__ch2.jpg,inner_mirror,12,vp12/run2_2018-05-24-16-21-35.ids_1,7,2,drinking,bottle_or_cup,train,train,7802
inner_mirror__run2_2018-05-24-16-21-35.ids_1__vp12__ann27__ch0.jpg,inner_mirror,12,vp12/run2_2018-05-24-16-21-35.ids_1,27,0,drinking,bottle_or_cup,train,train,12388
inner_mirror__run2_2018-05-24-16-21-35.ids_1__vp12__ann27__ch1.jpg,inner_mirror,12,vp12/run2_2018-05-24-16-21-35.ids_1,27,1,drinking,bottle_or_cup,train,train,12478
inner_mirror__run2_2018-05-24-16-21-35.ids_1__vp12__ann27__ch2.jpg,inner_mirror,12,vp12/run2_2018-05-24-16-21-35.ids_1,27,2,drinking,bottle_or_cup,train,train,12568
inner_mirror__run2_2018-05-24-16-21-35.ids_1__vp12__ann27__ch3.jpg,inner_mirror,12,vp12/run2_2018-05-24-16-21-35.ids_1,27,3,drinking,bottle_or_cup,train,train,12658
inner_mirror__run2_2018-05-24-16-21-35.ids_1__vp12__ann27__ch4.jpg,inner_mirror,12,vp12/run2_2018-05-24-16-21-35.ids_1,27,4,drinking,bottle_or_cup,train,train,12748
inner_mirror__run2_2018-05-24-16-21-35.ids_1__vp12__ann27__ch5.jpg,inner_mirror,12,vp12/run2_2018-05-24-16-21-35.ids_1,27,5,drinking,bottle_or_cup,train,train,12838
inner_mirror__run2_2018-05-24-16-21-35.ids_1__vp12__ann27__ch6.jpg,inner_mirror,12,vp12/run2_2018-05-24-16-21-35.ids_1,27,6,drinking,bottle_or_cup,train,train,12907
inner_mirror__run2_2018-05-24-16-21-35.ids_1__vp12__ann79__ch0.jpg,inner_mirror,12,vp12/run2_2018-05-24-16-21-35.ids_1,79,0,drinking,bottle_or_cup,train,train,32160
inner_mirror__run2_2018-05-24-16-21-35.ids_1__vp12__ann79__ch1.jpg,inner_mirror,12,vp12/run2_2018-05-24-16-21-35.ids_1,79,1,drinking,bottle_or_cup,train,train,32250
inner_mirror__run2_2018-05-24-16-21-35.ids_1__vp12__ann79__ch2.jpg,inner_mirror,12,vp12/run2_2018-05-24-16-21-35.ids_1,79,2,drinking,bottle_or_cup,train,train,32331
inner_mirror__run2_2018-05-24-16-21-35.ids_1__vp12__ann88__ch0.jpg,inner_mirror,12,vp12/run2_2018-05-24-16-21-35.ids_1,88,0,drinking,bottle_or_cup,train,train,35293
inner_mirror__run2_2018-05-24-16-21-35.ids_1__vp12__ann88__ch1.jpg,inner_mirror,12,vp12/run2_2018-05-24-16-21-35.ids_1,88,1,drinking,bottle_or_cup,train,train,35383
inner_mirror__run2_2018-05-24-16-21-35.ids_1__vp12__ann88__ch2.jpg,inner_mirror,12,vp12/run2_2018-05-24-16-21-35.ids_1,88,2,drinking,bottle_or_cup,train,train,35473
inner_mirror__run2_2018-05-24-16-21-35.ids_1__vp12__ann88__ch3.jpg,inner_mirror,12,vp12/run2_2018-05-24-16-21-35.ids_1,88,3,drinking,bottle_or_cup,train,train,35547
inner_mirror__run2_2018-05-24-16-21-35.ids_1__vp12__ann103__ch0.jpg,inner_mirror,12,vp12/run2_2018-05-24-16-21-35.ids_1,103,0,drinking,bottle_or_cup,train,train,41237
inner_mirror__run2_2018-05-24-16-21-35.ids_1__vp12__ann103__ch1.jpg,inner_mirror,12,vp12/run2_2018-05-24-16-21-35.ids_1,103,1,drinking,bottle_or_cup,train,train,41309
inner_mirror__run1_2018-05-30-10-11-09.ids_1__vp14__ann20__ch0.jpg,inner_mirror,14,vp14/run1_2018-05-30-10-11-09.ids_1,20,0,drinking,bottle_or_cup,test,val,11687
inner_mirror__run1_2018-05-30-10-11-09.ids_1__vp14__ann20__ch1.jpg,inner_mirror,14,vp14/run1_2018-05-30-10-11-09.ids_1,20,1,drinking,bottle_or_cup,test,val,11777
inner_mirror__run1_2018-05-30-10-11-09.ids_1__vp14__ann20__ch2.jpg,inner_mirror,14,vp14/run1_2018-05-30-10-11-09.ids_1,20,2,drinking,bottle_or_cup,test,val,11825
inner_mirror__run1_2018-05-30-10-11-09.ids_1__vp14__ann53__ch0.jpg,inner_mirror,14,vp14/run1_2018-05-30-10-11-09.ids_1,53,0,drinking,bottle_or_cup,test,val,23833
inner_mirror__run1_2018-05-30-10-11-09.ids_1__vp14__ann53__ch1.jpg,inner_mirror,14,vp14/run1_2018-05-30-10-11-09.ids_1,53,1,drinking,bottle_or_cup,test,val,23885
inner_mirror__run2_2018-05-30-10-42-33.ids_1__vp14__ann11__ch0.jpg,inner_mirror,14,vp14/run2_2018-05-30-10-42-33.ids_1,11,0,drinking,bottle_or_cup,test,val,7516
inner_mirror__run2_2018-05-30-10-42-33.ids_1__vp14__ann11__ch1.jpg,inner_mirror,14,vp14/run2_2018-05-30-10-42-33.ids_1,11,1,drinking,bottle_or_cup,test,val,7586
inner_mirror__run2_2018-05-30-10-42-33.ids_1__vp14__ann82__ch0.jpg,inner_mirror,14,vp14/run2_2018-05-30-10-42-33.ids_1,82,0,drinking,bottle_or_cup,test,val,32111
inner_mirror__run2_2018-05-30-10-42-33.ids_1__vp14__ann82__ch1.jpg,inner_mirror,14,vp14/run2_2018-05-30-10-42-33.ids_1,82,1,drinking,bottle_or_cup,test,val,32187
inner_mirror__run2_2018-05-30-10-42-33.ids_1__vp14__ann100__ch0.jpg,inner_mirror,14,vp14/run2_2018-05-30-10-42-33.ids_1,100,0,drinking,bottle_or_cup,test,val,39870
inner_mirror__run2_2018-05-30-10-42-33.ids_1__vp14__ann100__ch1.jpg,inner_mirror,14,vp14/run2_2018-05-30-10-42-33.ids_1,100,1,drinking,bottle_or_cup,test,val,39960
inner_mirror__run2_2018-05-30-10-42-33.ids_1__vp14__ann100__ch2.jpg,inner_mirror,14,vp14/run2_2018-05-30-10-42-33.ids_1,100,2,drinking,bottle_or_cup,test,val,40050
inner_mirror__run2_2018-05-30-10-42-33.ids_1__vp14__ann100__ch3.jpg,inner_mirror,14,vp14/run2_2018-05-30-10-42-33.ids_1,100,3,drinking,bottle_or_cup,test,val,40115
inner_mirror__run1_2018-05-30-13-05-35.ids_1__vp15__ann16__ch0.jpg,inner_mirror,15,vp15/run1_2018-05-30-13-05-35.ids_1,16,0,drinking,bottle_or_cup,train,val,8962
inner_mirror__run1_2018-05-30-13-05-35.ids_1__vp15__ann16__ch1.jpg,inner_mirror,15,vp15/run1_2018-05-30-13-05-35.ids_1,16,1,drinking,bottle_or_cup,train,val,9016
inner_mirror__run1_2018-05-30-13-05-35.ids_1__vp15__ann20__ch0.jpg,inner_mirror,15,vp15/run1_2018-05-30-13-05-35.ids_1,20,0,drinking,bottle_or_cup,train,val,9923
inner_mirror__run1_2018-05-30-13-05-35.ids_1__vp15__ann20__ch1.jpg,inner_mirror,15,vp15/run1_2018-05-30-13-05-35.ids_1,20,1,drinking,bottle_or_cup,train,val,9973
inner_mirror__run1_2018-05-30-13-05-35.ids_1__vp15__ann78__ch0.jpg,inner_mirror,15,vp15/run1_2018-05-30-13-05-35.ids_1,78,0,drinking,bottle_or_cup,train,val,20278
inner_mirror__run1_2018-05-30-13-05-35.ids_1__vp15__ann78__ch1.jpg,inner_mirror,15,vp15/run1_2018-05-30-13-05-35.ids_1,78,1,drinking,bottle_or_cup,train,val,20355
inner_mirror__run2_2018-05-30-13-34-33.ids_1__vp15__ann23__ch0.jpg,inner_mirror,15,vp15/run2_2018-05-30-13-34-33.ids_1,23,0,drinking,bottle_or_cup,train,val,11378
inner_mirror__run2_2018-05-30-13-34-33.ids_1__vp15__ann23__ch1.jpg,inner_mirror,15,vp15/run2_2018-05-30-13-34-33.ids_1,23,1,drinking,bottle_or_cup,train,val,11436
inner_mirror__run2_2018-05-30-13-34-33.ids_1__vp15__ann34__ch0.jpg,inner_mirror,15,vp15/run2_2018-05-30-13-34-33.ids_1,34,0,drinking,bottle_or_cup,train,val,12791
inner_mirror__run1_2018-05-22-15-10-41.ids_1__vp5__ann35__ch0.jpg,inner_mirror,5,vp5/run1_2018-05-22-15-10-41.ids_1,35,0,drinking,bottle_or_cup,train,test,18812
inner_mirror__run1_2018-05-22-15-10-41.ids_1__vp5__ann35__ch1.jpg,inner_mirror,5,vp5/run1_2018-05-22-15-10-41.ids_1,35,1,drinking,bottle_or_cup,train,test,18902
inner_mirror__run1_2018-05-22-15-10-41.ids_1__vp5__ann35__ch2.jpg,inner_mirror,5,vp5/run1_2018-05-22-15-10-41.ids_1,35,2,drinking,bottle_or_cup,train,test,18962
inner_mirror__run2b_2018-05-22-15-50-07.ids_1__vp5__ann72__ch0.jpg,inner_mirror,5,vp5/run2b_2018-05-22-15-50-07.ids_1,72,0,drinking,bottle_or_cup,train,test,27450
inner_mirror__run2b_2018-05-22-15-50-07.ids_1__vp5__ann72__ch1.jpg,inner_mirror,5,vp5/run2b_2018-05-22-15-50-07.ids_1,72,1,drinking,bottle_or_cup,train,test,27519
inner_mirror__run2b_2018-05-22-15-50-07.ids_1__vp5__ann79__ch0.jpg,inner_mirror,5,vp5/run2b_2018-05-22-15-50-07.ids_1,79,0,drinking,bottle_or_cup,train,test,29099
inner_mirror__run2b_2018-05-22-15-50-07.ids_1__vp5__ann79__ch1.jpg,inner_mirror,5,vp5/run2b_2018-05-22-15-50-07.ids_1,79,1,drinking,bottle_or_cup,train,test,29170
inner_mirror__run1_2018-05-24-13-44-01.ids_1__vp11__ann44__ch0.jpg,inner_mirror,11,vp11/run1_2018-05-24-13-44-01.ids_1,44,0,drinking,bottle_or_cup,train,test,20406
inner_mirror__run1_2018-05-24-13-44-01.ids_1__vp11__ann47__ch0.jpg,inner_mirror,11,vp11/run1_2018-05-24-13-44-01.ids_1,47,0,drinking,bottle_or_cup,train,test,20581
inner_mirror__run1_2018-05-24-13-44-01.ids_1__vp11__ann77__ch0.jpg,inner_mirror,11,vp11/run1_2018-05-24-13-44-01.ids_1,77,0,drinking,bottle_or_cup,train,test,30112
inner_mirror__run2_2018-05-24-14-35-56.ids_1__vp11__ann14__ch0.jpg,inner_mirror,11,vp11/run2_2018-05-24-14-35-56.ids_1,14,0,drinking,bottle_or_cup,train,test,6426
inner_mirror__run2_2018-05-24-14-35-56.ids_1__vp11__ann14__ch1.jpg,inner_mirror,11,vp11/run2_2018-05-24-14-35-56.ids_1,14,1,drinking,bottle_or_cup,train,test,6476
inner_mirror__run2_2018-05-24-14-35-56.ids_1__vp11__ann45__ch0.jpg,inner_mirror,11,vp11/run2_2018-05-24-14-35-56.ids_1,45,0,drinking,bottle_or_cup,train,test,12628
inner_mirror__run2_2018-05-24-14-35-56.ids_1__vp11__ann66__ch0.jpg,inner_mirror,11,vp11/run2_2018-05-24-14-35-56.ids_1,66,0,drinking,bottle_or_cup,train,test,16889
inner_mirror__run2_2018-05-24-14-35-56.ids_1__vp11__ann66__ch1.jpg,inner_mirror,11,vp11/run2_2018-05-24-14-35-56.ids_1,66,1,drinking,bottle_or_cup,train,test,16937
inner_mirror__run1_2018-05-29-15-21-10.ids_1__vp13__ann46__ch0.jpg,inner_mirror,13,vp13/run1_2018-05-29-15-21-10.ids_1,46,0,drinking,bottle_or_cup,train,test,25019
inner_mirror__run1_2018-05-29-15-21-10.ids_1__vp13__ann46__ch1.jpg,inner_mirror,13,vp13/run1_2018-05-29-15-21-10.ids_1,46,1,drinking,bottle_or_cup,train,test,25109
inner_mirror__run1_2018-05-29-15-21-10.ids_1__vp13__ann46__ch2.jpg,inner_mirror,13,vp13/run1_2018-05-29-15-21-10.ids_1,46,2,drinking,bottle_or_cup,train,test,25199
inner_mirror__run1_2018-05-29-15-21-10.ids_1__vp13__ann46__ch3.jpg,inner_mirror,13,vp13/run1_2018-05-29-15-21-10.ids_1,46,3,drinking,bottle_or_cup,train,test,25289
inner_mirror__run1_2018-05-29-15-21-10.ids_1__vp13__ann46__ch4.jpg,inner_mirror,13,vp13/run1_2018-05-29-15-21-10.ids_1,46,4,drinking,bottle_or_cup,train,test,25336
inner_mirror__run2_2018-05-30-11-34-54.ids_1__vp13__ann56__ch0.jpg,inner_mirror,13,vp13/run2_2018-05-30-11-34-54.ids_1,56,0,drinking,bottle_or_cup,train,test,24125
inner_mirror__run2_2018-05-30-11-34-54.ids_1__vp13__ann56__ch1.jpg,inner_mirror,13,vp13/run2_2018-05-30-11-34-54.ids_1,56,1,drinking,bottle_or_cup,train,test,24215
inner_mirror__run2_2018-05-30-11-34-54.ids_1__vp13__ann56__ch2.jpg,inner_mirror,13,vp13/run2_2018-05-30-11-34-54.ids_1,56,2,drinking,bottle_or_cup,train,test,24305
inner_mirror__run2_2018-05-30-11-34-54.ids_1__vp13__ann56__ch3.jpg,inner_mirror,13,vp13/run2_2018-05-30-11-34-54.ids_1,56,3,drinking,bottle_or_cup,train,test,24389
a_column_co_driver__run1b_2018-05-29-14-02-47.ids_2__vp1__ann38__ch0.jpg,a_column_co_driver,1,vp1/run1b_2018-05-29-14-02-47.ids_2,38,0,drinking,bottle_or_cup,train,train,12458
a_column_co_driver__run1b_2018-05-29-14-02-47.ids_2__vp1__ann38__ch1.jpg,a_column_co_driver,1,vp1/run1b_2018-05-29-14-02-47.ids_2,38,1,drinking,bottle_or_cup,train,train,12546
a_column_co_driver__run1b_2018-05-29-14-02-47.ids_2__vp1__ann38__ch2.jpg,a_column_co_driver,1,vp1/run1b_2018-05-29-14-02-47.ids_2,38,2,drinking,bottle_or_cup,train,train,12594
a_column_co_driver__run1b_2018-05-29-14-02-47.ids_2__vp1__ann55__ch0.jpg,a_column_co_driver,1,vp1/run1b_2018-05-29-14-02-47.ids_2,55,0,drinking,bottle_or_cup,train,train,16718
a_column_co_driver__run1b_2018-05-29-14-02-47.ids_2__vp1__ann55__ch1.jpg,a_column_co_driver,1,vp1/run1b_2018-05-29-14-02-47.ids_2,55,1,drinking,bottle_or_cup,train,train,16807
a_column_co_driver__run1b_2018-05-29-14-02-47.ids_2__vp1__ann55__ch2.jpg,a_column_co_driver,1,vp1/run1b_2018-05-29-14-02-47.ids_2,55,2,drinking,bottle_or_cup,train,train,16890
a_column_co_driver__run1b_2018-05-29-14-02-47.ids_2__vp1__ann99__ch0.jpg,a_column_co_driver,1,vp1/run1b_2018-05-29-14-02-47.ids_2,99,0,drinking,bottle_or_cup,train,train,26719
a_column_co_driver__run1b_2018-05-29-14-02-47.ids_2__vp1__ann99__ch1.jpg,a_column_co_driver,1,vp1/run1b_2018-05-29-14-02-47.ids_2,99,1,drinking,bottle_or_cup,train,train,26799
a_column_co_driver__run1b_2018-05-29-14-02-47.ids_2__vp1__ann114__ch0.jpg,a_column_co_driver,1,vp1/run1b_2018-05-29-14-02-47.ids_2,114,0,drinking,bottle_or_cup,train,train,29055
a_column_co_driver__run1b_2018-05-29-14-02-47.ids_2__vp1__ann114__ch1.jpg,a_column_co_driver,1,vp1/run1b_2018-05-29-14-02-47.ids_2,114,1,drinking,bottle_or_cup,train,train,29127
a_column_co_driver__run2_2018-05-29-14-33-44.ids_2__vp1__ann46__ch0.jpg,a_column_co_driver,1,vp1/run2_2018-05-29-14-33-44.ids_2,46,0,drinking,bottle_or_cup,train,train,21176
a_column_co_driver__run2_2018-05-29-14-33-44.ids_2__vp1__ann46__ch1.jpg,a_column_co_driver,1,vp1/run2_2018-05-29-14-33-44.ids_2,46,1,drinking,bottle_or_cup,train,train,21266
a_column_co_driver__run2_2018-05-29-14-33-44.ids_2__vp1__ann46__ch2.jpg,a_column_co_driver,1,vp1/run2_2018-05-29-14-33-44.ids_2,46,2,drinking,bottle_or_cup,train,train,21325
a_column_co_driver__run1_2018-05-03-14-08-31.ids_2__vp2__ann75__ch0.jpg,a_column_co_driver,2,vp2/run1_2018-05-03-14-08-31.ids_2,75,0,drinking,bottle_or_cup,train,train,40487
a_column_co_driver__run1_2018-05-03-14-08-31.ids_2__vp2__ann75__ch1.jpg,a_column_co_driver,2,vp2/run1_2018-05-03-14-08-31.ids_2,75,1,drinking,bottle_or_cup,train,train,40577
a_column_co_driver__run1_2018-05-03-14-08-31.ids_2__vp2__ann75__ch2.jpg,a_column_co_driver,2,vp2/run1_2018-05-03-14-08-31.ids_2,75,2,drinking,bottle_or_cup,train,train,40631
a_column_co_driver__run2_2018-05-24-17-22-26.ids_2__vp2__ann42__ch0.jpg,a_column_co_driver,2,vp2/run2_2018-05-24-17-22-26.ids_2,42,0,drinking,bottle_or_cup,train,train,21198
a_column_co_driver__run2_2018-05-24-17-22-26.ids_2__vp2__ann42__ch1.jpg,a_column_co_driver,2,vp2/run2_2018-05-24-17-22-26.ids_2,42,1,drinking,bottle_or_cup,train,train,21288
a_column_co_driver__run1b_2018-05-08-08-46-01.ids_2__vp3__ann76__ch0.jpg,a_column_co_driver,3,vp3/run1b_2018-05-08-08-46-01.ids_2,76,0,drinking,bottle_or_cup,train,train,31700
a_column_co_driver__run1b_2018-05-08-08-46-01.ids_2__vp3__ann76__ch1.jpg,a_column_co_driver,3,vp3/run1b_2018-05-08-08-46-01.ids_2,76,1,drinking,bottle_or_cup,train,train,31782
a_column_co_driver__run1b_2018-05-08-08-46-01.ids_2__vp3__ann85__ch0.jpg,a_column_co_driver,3,vp3/run1b_2018-05-08-08-46-01.ids_2,85,0,drinking,bottle_or_cup,train,train,33743
a_column_co_driver__run1b_2018-05-08-08-46-01.ids_2__vp3__ann85__ch1.jpg,a_column_co_driver,3,vp3/run1b_2018-05-08-08-46-01.ids_2,85,1,drinking,bottle_or_cup,train,train,33833
a_column_co_driver__run1b_2018-05-08-08-46-01.ids_2__vp3__ann85__ch2.jpg,a_column_co_driver,3,vp3/run1b_2018-05-08-08-46-01.ids_2,85,2,drinking,bottle_or_cup,train,train,33923
a_column_co_driver__run1b_2018-05-08-08-46-01.ids_2__vp3__ann85__ch3.jpg,a_column_co_driver,3,vp3/run1b_2018-05-08-08-46-01.ids_2,85,3,drinking,bottle_or_cup,train,train,34014
a_column_co_driver__run1b_2018-05-08-08-46-01.ids_2__vp3__ann85__ch4.jpg,a_column_co_driver,3,vp3/run1b_2018-05-08-08-46-01.ids_2,85,4,drinking,bottle_or_cup,train,train,34104
a_column_co_driver__run1b_2018-05-08-08-46-01.ids_2__vp3__ann85__ch5.jpg,a_column_co_driver,3,vp3/run1b_2018-05-08-08-46-01.ids_2,85,5,drinking,bottle_or_cup,train,train,34194
a_column_co_driver__run1b_2018-05-08-08-46-01.ids_2__vp3__ann85__ch6.jpg,a_column_co_driver,3,vp3/run1b_2018-05-08-08-46-01.ids_2,85,6,drinking,bottle_or_cup,train,train,34285
a_column_co_driver__run1b_2018-05-08-08-46-01.ids_2__vp3__ann85__ch7.jpg,a_column_co_driver,3,vp3/run1b_2018-05-08-08-46-01.ids_2,85,7,drinking,bottle_or_cup,train,train,34346
a_column_co_driver__run1b_2018-05-08-08-46-01.ids_2__vp3__ann88__ch0.jpg,a_column_co_driver,3,vp3/run1b_2018-05-08-08-46-01.ids_2,88,0,drinking,bottle_or_cup,train,train,34537
a_column_co_driver__run1b_2018-05-08-08-46-01.ids_2__vp3__ann88__ch1.jpg,a_column_co_driver,3,vp3/run1b_2018-05-08-08-46-01.ids_2,88,1,drinking,bottle_or_cup,train,train,34601
a_column_co_driver__run1b_2018-05-08-08-46-01.ids_2__vp3__ann92__ch0.jpg,a_column_co_driver,3,vp3/run1b_2018-05-08-08-46-01.ids_2,92,0,drinking,bottle_or_cup,train,train,35426
a_column_co_driver__run1b_2018-05-08-08-46-01.ids_2__vp3__ann92__ch1.jpg,a_column_co_driver,3,vp3/run1b_2018-05-08-08-46-01.ids_2,92,1,drinking,bottle_or_cup,train,train,35476
a_column_co_driver__run1b_2018-05-08-08-46-01.ids_2__vp3__ann93__ch0.jpg,a_column_co_driver,3,vp3/run1b_2018-05-08-08-46-01.ids_2,93,0,drinking,bottle_or_cup,train,train,35999
a_column_co_driver__run1b_2018-05-08-08-46-01.ids_2__vp3__ann93__ch1.jpg,a_column_co_driver,3,vp3/run1b_2018-05-08-08-46-01.ids_2,93,1,drinking,bottle_or_cup,train,train,36066
a_column_co_driver__run1b_2018-05-08-08-46-01.ids_2__vp3__ann96__ch0.jpg,a_column_co_driver,3,vp3/run1b_2018-05-08-08-46-01.ids_2,96,0,drinking,bottle_or_cup,train,train,36740
a_column_co_driver__run1b_2018-05-08-08-46-01.ids_2__vp3__ann104__ch0.jpg,a_column_co_driver,3,vp3/run1b_2018-05-08-08-46-01.ids_2,104,0,drinking,bottle_or_cup,train,train,38207
a_column_co_driver__run1b_2018-05-08-08-46-01.ids_2__vp3__ann104__ch1.jpg,a_column_co_driver,3,vp3/run1b_2018-05-08-08-46-01.ids_2,104,1,drinking,bottle_or_cup,train,train,38261
a_column_co_driver__run2_2018-05-29-16-03-37.ids_2__vp3__ann82__ch0.jpg,a_column_co_driver,3,vp3/run2_2018-05-29-16-03-37.ids_2,82,0,drinking,bottle_or_cup,train,train,30719
a_column_co_driver__run2_2018-05-29-16-03-37.ids_2__vp3__ann82__ch1.jpg,a_column_co_driver,3,vp3/run2_2018-05-29-16-03-37.ids_2,82,1,drinking,bottle_or_cup,train,train,30778
a_column_co_driver__run1_2018-05-22-13-28-51.ids_2__vp4__ann29__ch0.jpg,a_column_co_driver,4,vp4/run1_2018-05-22-13-28-51.ids_2,29,0,drinking,bottle_or_cup,train,train,17741
a_column_co_driver__run1_2018-05-22-13-28-51.ids_2__vp4__ann29__ch1.jpg,a_column_co_driver,4,vp4/run1_2018-05-22-13-28-51.ids_2,29,1,drinking,bottle_or_cup,train,train,17830
a_column_co_driver__run1_2018-05-22-13-28-51.ids_2__vp4__ann29__ch2.jpg,a_column_co_driver,4,vp4/run1_2018-05-22-13-28-51.ids_2,29,2,drinking,bottle_or_cup,train,train,17921
a_column_co_driver__run2_2018-05-22-14-25-04.ids_2__vp4__ann19__ch0.jpg,a_column_co_driver,4,vp4/run2_2018-05-22-14-25-04.ids_2,19,0,drinking,bottle_or_cup,train,train,17511
a_column_co_driver__run2_2018-05-22-14-25-04.ids_2__vp4__ann19__ch1.jpg,a_column_co_driver,4,vp4/run2_2018-05-22-14-25-04.ids_2,19,1,drinking,bottle_or_cup,train,train,17600
a_column_co_driver__run2_2018-05-22-14-25-04.ids_2__vp4__ann19__ch2.jpg,a_column_co_driver,4,vp4/run2_2018-05-22-14-25-04.ids_2,19,2,drinking,bottle_or_cup,train,train,17673
a_column_co_driver__run1_2018-05-23-10-21-45.ids_2__vp6__ann90__ch0.jpg,a_column_co_driver,6,vp6/run1_2018-05-23-10-21-45.ids_2,90,0,drinking,bottle_or_cup,train,train,46355
a_column_co_driver__run1_2018-05-23-10-21-45.ids_2__vp6__ann90__ch1.jpg,a_column_co_driver,6,vp6/run1_2018-05-23-10-21-45.ids_2,90,1,drinking,bottle_or_cup,train,train,46434
a_column_co_driver__run2_2018-05-23-11-05-00.ids_2__vp6__ann34__ch0.jpg,a_column_co_driver,6,vp6/run2_2018-05-23-11-05-00.ids_2,34,0,drinking,bottle_or_cup,train,train,17479
a_column_co_driver__run2_2018-05-23-11-05-00.ids_2__vp6__ann34__ch1.jpg,a_column_co_driver,6,vp6/run2_2018-05-23-11-05-00.ids_2,34,1,drinking,bottle_or_cup,train,train,17569
a_column_co_driver__run2_2018-05-23-11-05-00.ids_2__vp6__ann34__ch2.jpg,a_column_co_driver,6,vp6/run2_2018-05-23-11-05-00.ids_2,34,2,drinking,bottle_or_cup,train,train,17637
a_column_co_driver__run2_2018-05-23-11-05-00.ids_2__vp6__ann49__ch0.jpg,a_column_co_driver,6,vp6/run2_2018-05-23-11-05-00.ids_2,49,0,drinking,bottle_or_cup,train,train,26295
a_column_co_driver__run2_2018-05-23-11-05-00.ids_2__vp6__ann49__ch1.jpg,a_column_co_driver,6,vp6/run2_2018-05-23-11-05-00.ids_2,49,1,drinking,bottle_or_cup,train,train,26353
a_column_co_driver__run1_2018-05-23-13-16-52.ids_2__vp7__ann16__ch0.jpg,a_column_co_driver,7,vp7/run1_2018-05-23-13-16-52.ids_2,16,0,drinking,bottle_or_cup,val,train,9959
a_column_co_driver__run1_2018-05-23-13-16-52.ids_2__vp7__ann16__ch1.jpg,a_column_co_driver,7,vp7/run1_2018-05-23-13-16-52.ids_2,16,1,drinking,bottle_or_cup,val,train,10045
a_column_co_driver__run1_2018-05-23-13-16-52.ids_2__vp7__ann16__ch2.jpg,a_column_co_driver,7,vp7/run1_2018-05-23-13-16-52.ids_2,16,2,drinking,bottle_or_cup,val,train,10133
a_column_co_driver__run1_2018-05-23-13-16-52.ids_2__vp7__ann16__ch3.jpg,a_column_co_driver,7,vp7/run1_2018-05-23-13-16-52.ids_2,16,3,drinking,bottle_or_cup,val,train,10211
a_column_co_driver__run1_2018-05-23-13-16-52.ids_2__vp7__ann84__ch0.jpg,a_column_co_driver,7,vp7/run1_2018-05-23-13-16-52.ids_2,84,0,drinking,bottle_or_cup,val,train,26939
a_column_co_driver__run1_2018-05-23-13-16-52.ids_2__vp7__ann84__ch1.jpg,a_column_co_driver,7,vp7/run1_2018-05-23-13-16-52.ids_2,84,1,drinking,bottle_or_cup,val,train,27029
a_column_co_driver__run1_2018-05-23-13-16-52.ids_2__vp7__ann84__ch2.jpg,a_column_co_driver,7,vp7/run1_2018-05-23-13-16-52.ids_2,84,2,drinking,bottle_or_cup,val,train,27109
a_column_co_driver__run2b_2018-05-23-13-54-07.ids_2__vp7__ann37__ch0.jpg,a_column_co_driver,7,vp7/run2b_2018-05-23-13-54-07.ids_2,37,0,drinking,bottle_or_cup,val,train,14294
a_column_co_driver__run2b_2018-05-23-13-54-07.ids_2__vp7__ann37__ch1.jpg,a_column_co_driver,7,vp7/run2b_2018-05-23-13-54-07.ids_2,37,1,drinking,bottle_or_cup,val,train,14383
a_column_co_driver__run2b_2018-05-23-13-54-07.ids_2__vp7__ann37__ch2.jpg,a_column_co_driver,7,vp7/run2b_2018-05-23-13-54-07.ids_2,37,2,drinking,bottle_or_cup,val,train,14474
a_column_co_driver__run2b_2018-05-23-13-54-07.ids_2__vp7__ann37__ch3.jpg,a_column_co_driver,7,vp7/run2b_2018-05-23-13-54-07.ids_2,37,3,drinking,bottle_or_cup,val,train,14562
a_column_co_driver__run2b_2018-05-23-13-54-07.ids_2__vp7__ann37__ch4.jpg,a_column_co_driver,7,vp7/run2b_2018-05-23-13-54-07.ids_2,37,4,drinking,bottle_or_cup,val,train,14644
a_column_co_driver__run1d_2018-05-23-14-54-38.ids_2__vp8__ann65__ch0.jpg,a_column_co_driver,8,vp8/run1d_2018-05-23-14-54-38.ids_2,65,0,drinking,bottle_or_cup,val,train,33032
a_column_co_driver__run1d_2018-05-23-14-54-38.ids_2__vp8__ann65__ch1.jpg,a_column_co_driver,8,vp8/run1d_2018-05-23-14-54-38.ids_2,65,1,drinking,bottle_or_cup,val,train,33121
a_column_co_driver__run1d_2018-05-23-14-54-38.ids_2__vp8__ann65__ch2.jpg,a_column_co_driver,8,vp8/run1d_2018-05-23-14-54-38.ids_2,65,2,drinking,bottle_or_cup,val,train,33204
a_column_co_driver__run1d_2018-05-23-14-54-38.ids_2__vp8__ann86__ch0.jpg,a_column_co_driver,8,vp8/run1d_2018-05-23-14-54-38.ids_2,86,0,drinking,bottle_or_cup,val,train,41002
a_column_co_driver__run1d_2018-05-23-14-54-38.ids_2__vp8__ann86__ch1.jpg,a_column_co_driver,8,vp8/run1d_2018-05-23-14-54-38.ids_2,86,1,drinking,bottle_or_cup,val,train,41092
a_column_co_driver__run1d_2018-05-23-14-54-38.ids_2__vp8__ann86__ch2.jpg,a_column_co_driver,8,vp8/run1d_2018-05-23-14-54-38.ids_2,86,2,drinking,bottle_or_cup,val,train,41181
a_column_co_driver__run1d_2018-05-23-14-54-38.ids_2__vp8__ann86__ch3.jpg,a_column_co_driver,8,vp8/run1d_2018-05-23-14-54-38.ids_2,86,3,drinking,bottle_or_cup,val,train,41265
a_column_co_driver__run2_2018-05-23-15-30-27.ids_2__vp8__ann21__ch0.jpg,a_column_co_driver,8,vp8/run2_2018-05-23-15-30-27.ids_2,21,0,drinking,bottle_or_cup,val,train,9046
a_column_co_driver__run2_2018-05-23-15-30-27.ids_2__vp8__ann21__ch1.jpg,a_column_co_driver,8,vp8/run2_2018-05-23-15-30-27.ids_2,21,1,drinking,bottle_or_cup,val,train,9135
a_column_co_driver__run2_2018-05-23-15-30-27.ids_2__vp8__ann21__ch2.jpg,a_column_co_driver,8,vp8/run2_2018-05-23-15-30-27.ids_2,21,2,drinking,bottle_or_cup,val,train,9186
a_column_co_driver__run1b_2018-05-23-16-19-17.ids_2__vp9__ann13__ch0.jpg,a_column_co_driver,9,vp9/run1b_2018-05-23-16-19-17.ids_2,13,0,drinking,bottle_or_cup,test,train,8273
a_column_co_driver__run1b_2018-05-23-16-19-17.ids_2__vp9__ann13__ch1.jpg,a_column_co_driver,9,vp9/run1b_2018-05-23-16-19-17.ids_2,13,1,drinking,bottle_or_cup,test,train,8321
a_column_co_driver__run1b_2018-05-23-16-19-17.ids_2__vp9__ann18__ch0.jpg,a_column_co_driver,9,vp9/run1b_2018-05-23-16-19-17.ids_2,18,0,drinking,bottle_or_cup,test,train,9143
a_column_co_driver__run1b_2018-05-23-16-19-17.ids_2__vp9__ann18__ch1.jpg,a_column_co_driver,9,vp9/run1b_2018-05-23-16-19-17.ids_2,18,1,drinking,bottle_or_cup,test,train,9195
a_column_co_driver__run1b_2018-05-23-16-19-17.ids_2__vp9__ann91__ch0.jpg,a_column_co_driver,9,vp9/run1b_2018-05-23-16-19-17.ids_2,91,0,drinking,bottle_or_cup,test,train,23215
a_column_co_driver__run1b_2018-05-23-16-19-17.ids_2__vp9__ann91__ch1.jpg,a_column_co_driver,9,vp9/run1b_2018-05-23-16-19-17.ids_2,91,1,drinking,bottle_or_cup,test,train,23304
a_column_co_driver__run1b_2018-05-23-16-19-17.ids_2__vp9__ann91__ch2.jpg,a_column_co_driver,9,vp9/run1b_2018-05-23-16-19-17.ids_2,91,2,drinking,bottle_or_cup,test,train,23393
a_column_co_driver__run1b_2018-05-23-16-19-17.ids_2__vp9__ann91__ch3.jpg,a_column_co_driver,9,vp9/run1b_2018-05-23-16-19-17.ids_2,91,3,drinking,bottle_or_cup,test,train,23475
a_column_co_driver__run1_2018-05-24-13-14-41.ids_2__vp10__ann12__ch0.jpg,a_column_co_driver,10,vp10/run1_2018-05-24-13-14-41.ids_2,12,0,drinking,bottle_or_cup,train,train,9189
a_column_co_driver__run1_2018-05-24-13-14-41.ids_2__vp10__ann29__ch0.jpg,a_column_co_driver,10,vp10/run1_2018-05-24-13-14-41.ids_2,29,0,drinking,bottle_or_cup,train,train,11934
a_column_co_driver__run1_2018-05-24-13-14-41.ids_2__vp10__ann46__ch0.jpg,a_column_co_driver,10,vp10/run1_2018-05-24-13-14-41.ids_2,46,0,drinking,bottle_or_cup,train,train,15354
a_column_co_driver__run1_2018-05-24-13-14-41.ids_2__vp10__ann103__ch0.jpg,a_column_co_driver,10,vp10/run1_2018-05-24-13-14-41.ids_2,103,0,drinking,bottle_or_cup,train,train,36751
a_column_co_driver__run2_2018-05-24-14-08-46.ids_2__vp10__ann95__ch0.jpg,a_column_co_driver,10,vp10/run2_2018-05-24-14-08-46.ids_2,95,0,drinking,bottle_or_cup,train,train,33837
a_column_co_driver__run2_2018-05-24-14-08-46.ids_2__vp10__ann95__ch1.jpg,a_column_co_driver,10,vp10/run2_2018-05-24-14-08-46.ids_2,95,1,drinking,bottle_or_cup,train,train,33895
a_column_co_driver__run1_2018-05-24-15-44-28.ids_2__vp12__ann36__ch0.jpg,a_column_co_driver,12,vp12/run1_2018-05-24-15-44-28.ids_2,36,0,drinking,bottle_or_cup,train,train,17369
a_column_co_driver__run1_2018-05-24-15-44-28.ids_2__vp12__ann36__ch1.jpg,a_column_co_driver,12,vp12/run1_2018-05-24-15-44-28.ids_2,36,1,drinking,bottle_or_cup,train,train,17457
a_column_co_driver__run1_2018-05-24-15-44-28.ids_2__vp12__ann36__ch2.jpg,a_column_co_driver,12,vp12/run1_2018-05-24-15-44-28.ids_2,36,2,drinking,bottle_or_cup,train,train,17531
a_column_co_driver__run1_2018-05-24-15-44-28.ids_2__vp12__ann70__ch0.jpg,a_column_co_driver,12,vp12/run1_2018-05-24-15-44-28.ids_2,70,0,drinking,bottle_or_cup,train,train,31035
a_column_co_driver__run1_2018-05-24-15-44-28.ids_2__vp12__ann70__ch1.jpg,a_column_co_driver,12,vp12/run1_2018-05-24-15-44-28.ids_2,70,1,drinking,bottle_or_cup,train,train,31126
a_column_co_driver__run1_2018-05-24-15-44-28.ids_2__vp12__ann70__ch2.jpg,a_column_co_driver,12,vp12/run1_2018-05-24-15-44-28.ids_2,70,2,drinking,bottle_or_cup,train,train,31190
a_column_co_driver__run2_2018-05-24-16-21-35.ids_2__vp12__ann7__ch0.jpg,a_column_co_driver,12,vp12/run2_2018-05-24-16-21-35.ids_2,7,0,drinking,bottle_or_cup,train,train,7624
a_column_co_driver__run2_2018-05-24-16-21-35.ids_2__vp12__ann7__ch1.jpg,a_column_co_driver,12,vp12/run2_2018-05-24-16-21-35.ids_2,7,1,drinking,bottle_or_cup,train,train,7713
a_column_co_driver__run2_2018-05-24-16-21-35.ids_2__vp12__ann7__ch2.jpg,a_column_co_driver,12,vp12/run2_2018-05-24-16-21-35.ids_2,7,2,drinking,bottle_or_cup,train,train,7783
a_column_co_driver__run2_2018-05-24-16-21-35.ids_2__vp12__ann27__ch0.jpg,a_column_co_driver,12,vp12/run2_2018-05-24-16-21-35.ids_2,27,0,drinking,bottle_or_cup,train,train,12373
a_column_co_driver__run2_2018-05-24-16-21-35.ids_2__vp12__ann27__ch1.jpg,a_column_co_driver,12,vp12/run2_2018-05-24-16-21-35.ids_2,27,1,drinking,bottle_or_cup,train,train,12462
a_column_co_driver__run2_2018-05-24-16-21-35.ids_2__vp12__ann27__ch2.jpg,a_column_co_driver,12,vp12/run2_2018-05-24-16-21-35.ids_2,27,2,drinking,bottle_or_cup,train,train,12551
a_column_co_driver__run2_2018-05-24-16-21-35.ids_2__vp12__ann27__ch3.jpg,a_column_co_driver,12,vp12/run2_2018-05-24-16-21-35.ids_2,27,3,drinking,bottle_or_cup,train,train,12641
a_column_co_driver__run2_2018-05-24-16-21-35.ids_2__vp12__ann27__ch4.jpg,a_column_co_driver,12,vp12/run2_2018-05-24-16-21-35.ids_2,27,4,drinking,bottle_or_cup,train,train,12730
a_column_co_driver__run2_2018-05-24-16-21-35.ids_2__vp12__ann27__ch5.jpg,a_column_co_driver,12,vp12/run2_2018-05-24-16-21-35.ids_2,27,5,drinking,bottle_or_cup,train,train,12819
a_column_co_driver__run2_2018-05-24-16-21-35.ids_2__vp12__ann27__ch6.jpg,a_column_co_driver,12,vp12/run2_2018-05-24-16-21-35.ids_2,27,6,drinking,bottle_or_cup,train,train,12890
a_column_co_driver__run2_2018-05-24-16-21-35.ids_2__vp12__ann79__ch0.jpg,a_column_co_driver,12,vp12/run2_2018-05-24-16-21-35.ids_2,79,0,drinking,bottle_or_cup,train,train,32109
a_column_co_driver__run2_2018-05-24-16-21-35.ids_2__vp12__ann79__ch1.jpg,a_column_co_driver,12,vp12/run2_2018-05-24-16-21-35.ids_2,79,1,drinking,bottle_or_cup,train,train,32198
a_column_co_driver__run2_2018-05-24-16-21-35.ids_2__vp12__ann79__ch2.jpg,a_column_co_driver,12,vp12/run2_2018-05-24-16-21-35.ids_2,79,2,drinking,bottle_or_cup,train,train,32279
a_column_co_driver__run2_2018-05-24-16-21-35.ids_2__vp12__ann88__ch0.jpg,a_column_co_driver,12,vp12/run2_2018-05-24-16-21-35.ids_2,88,0,drinking,bottle_or_cup,train,train,35235
a_column_co_driver__run2_2018-05-24-16-21-35.ids_2__vp12__ann88__ch1.jpg,a_column_co_driver,12,vp12/run2_2018-05-24-16-21-35.ids_2,88,1,drinking,bottle_or_cup,train,train,35324
a_column_co_driver__run2_2018-05-24-16-21-35.ids_2__vp12__ann88__ch2.jpg,a_column_co_driver,12,vp12/run2_2018-05-24-16-21-35.ids_2,88,2,drinking,bottle_or_cup,train,train,35415
a_column_co_driver__run2_2018-05-24-16-21-35.ids_2__vp12__ann88__ch3.jpg,a_column_co_driver,12,vp12/run2_2018-05-24-16-21-35.ids_2,88,3,drinking,bottle_or_cup,train,train,35489
a_column_co_driver__run2_2018-05-24-16-21-35.ids_2__vp12__ann103__ch0.jpg,a_column_co_driver,12,vp12/run2_2018-05-24-16-21-35.ids_2,103,0,drinking,bottle_or_cup,train,train,41178
a_column_co_driver__run2_2018-05-24-16-21-35.ids_2__vp12__ann103__ch1.jpg,a_column_co_driver,12,vp12/run2_2018-05-24-16-21-35.ids_2,103,1,drinking,bottle_or_cup,train,train,41252
a_column_co_driver__run1_2018-05-30-10-11-09.ids_2__vp14__ann20__ch0.jpg,a_column_co_driver,14,vp14/run1_2018-05-30-10-11-09.ids_2,20,0,drinking,bottle_or_cup,test,val,11697
a_column_co_driver__run1_2018-05-30-10-11-09.ids_2__vp14__ann20__ch1.jpg,a_column_co_driver,14,vp14/run1_2018-05-30-10-11-09.ids_2,20,1,drinking,bottle_or_cup,test,val,11785
a_column_co_driver__run1_2018-05-30-10-11-09.ids_2__vp14__ann20__ch2.jpg,a_column_co_driver,14,vp14/run1_2018-05-30-10-11-09.ids_2,20,2,drinking,bottle_or_cup,test,val,11832
a_column_co_driver__run1_2018-05-30-10-11-09.ids_2__vp14__ann53__ch0.jpg,a_column_co_driver,14,vp14/run1_2018-05-30-10-11-09.ids_2,53,0,drinking,bottle_or_cup,test,val,23816
a_column_co_driver__run1_2018-05-30-10-11-09.ids_2__vp14__ann53__ch1.jpg,a_column_co_driver,14,vp14/run1_2018-05-30-10-11-09.ids_2,53,1,drinking,bottle_or_cup,test,val,23868
a_column_co_driver__run2_2018-05-30-10-42-33.ids_2__vp14__ann11__ch0.jpg,a_column_co_driver,14,vp14/run2_2018-05-30-10-42-33.ids_2,11,0,drinking,bottle_or_cup,test,val,7494
a_column_co_driver__run2_2018-05-30-10-42-33.ids_2__vp14__ann11__ch1.jpg,a_column_co_driver,14,vp14/run2_2018-05-30-10-42-33.ids_2,11,1,drinking,bottle_or_cup,test,val,7565
a_column_co_driver__run2_2018-05-30-10-42-33.ids_2__vp14__ann82__ch0.jpg,a_column_co_driver,14,vp14/run2_2018-05-30-10-42-33.ids_2,82,0,drinking,bottle_or_cup,test,val,32082
a_column_co_driver__run2_2018-05-30-10-42-33.ids_2__vp14__ann82__ch1.jpg,a_column_co_driver,14,vp14/run2_2018-05-30-10-42-33.ids_2,82,1,drinking,bottle_or_cup,test,val,32157
a_column_co_driver__run2_2018-05-30-10-42-33.ids_2__vp14__ann100__ch0.jpg,a_column_co_driver,14,vp14/run2_2018-05-30-10-42-33.ids_2,100,0,drinking,bottle_or_cup,test,val,39842
a_column_co_driver__run2_2018-05-30-10-42-33.ids_2__vp14__ann100__ch1.jpg,a_column_co_driver,14,vp14/run2_2018-05-30-10-42-33.ids_2,100,1,drinking,bottle_or_cup,test,val,39932
a_column_co_driver__run2_2018-05-30-10-42-33.ids_2__vp14__ann100__ch2.jpg,a_column_co_driver,14,vp14/run2_2018-05-30-10-42-33.ids_2,100,2,drinking,bottle_or_cup,test,val,40022
a_column_co_driver__run2_2018-05-30-10-42-33.ids_2__vp14__ann100__ch3.jpg,a_column_co_driver,14,vp14/run2_2018-05-30-10-42-33.ids_2,100,3,drinking,bottle_or_cup,test,val,40089
a_column_co_driver__run1_2018-05-30-13-05-35.ids_2__vp15__ann16__ch0.jpg,a_column_co_driver,15,vp15/run1_2018-05-30-13-05-35.ids_2,16,0,drinking,bottle_or_cup,train,val,8951
a_column_co_driver__run1_2018-05-30-13-05-35.ids_2__vp15__ann16__ch1.jpg,a_column_co_driver,15,vp15/run1_2018-05-30-13-05-35.ids_2,16,1,drinking,bottle_or_cup,train,val,9006
a_column_co_driver__run1_2018-05-30-13-05-35.ids_2__vp15__ann20__ch0.jpg,a_column_co_driver,15,vp15/run1_2018-05-30-13-05-35.ids_2,20,0,drinking,bottle_or_cup,train,val,9918
a_column_co_driver__run1_2018-05-30-13-05-35.ids_2__vp15__ann20__ch1.jpg,a_column_co_driver,15,vp15/run1_2018-05-30-13-05-35.ids_2,20,1,drinking,bottle_or_cup,train,val,9968
a_column_co_driver__run1_2018-05-30-13-05-35.ids_2__vp15__ann78__ch0.jpg,a_column_co_driver,15,vp15/run1_2018-05-30-13-05-35.ids_2,78,0,drinking,bottle_or_cup,train,val,20256
a_column_co_driver__run1_2018-05-30-13-05-35.ids_2__vp15__ann78__ch1.jpg,a_column_co_driver,15,vp15/run1_2018-05-30-13-05-35.ids_2,78,1,drinking,bottle_or_cup,train,val,20333
a_column_co_driver__run2_2018-05-30-13-34-33.ids_2__vp15__ann23__ch0.jpg,a_column_co_driver,15,vp15/run2_2018-05-30-13-34-33.ids_2,23,0,drinking,bottle_or_cup,train,val,11351
a_column_co_driver__run2_2018-05-30-13-34-33.ids_2__vp15__ann23__ch1.jpg,a_column_co_driver,15,vp15/run2_2018-05-30-13-34-33.ids_2,23,1,drinking,bottle_or_cup,train,val,11409
a_column_co_driver__run2_2018-05-30-13-34-33.ids_2__vp15__ann34__ch0.jpg,a_column_co_driver,15,vp15/run2_2018-05-30-13-34-33.ids_2,34,0,drinking,bottle_or_cup,train,val,12760
a_column_co_driver__run1_2018-05-22-15-10-41.ids_2__vp5__ann35__ch0.jpg,a_column_co_driver,5,vp5/run1_2018-05-22-15-10-41.ids_2,35,0,drinking,bottle_or_cup,train,test,18774
a_column_co_driver__run1_2018-05-22-15-10-41.ids_2__vp5__ann35__ch1.jpg,a_column_co_driver,5,vp5/run1_2018-05-22-15-10-41.ids_2,35,1,drinking,bottle_or_cup,train,test,18864
a_column_co_driver__run1_2018-05-22-15-10-41.ids_2__vp5__ann35__ch2.jpg,a_column_co_driver,5,vp5/run1_2018-05-22-15-10-41.ids_2,35,2,drinking,bottle_or_cup,train,test,18925
a_column_co_driver__run2b_2018-05-22-15-50-07.ids_2__vp5__ann72__ch0.jpg,a_column_co_driver,5,vp5/run2b_2018-05-22-15-50-07.ids_2,72,0,drinking,bottle_or_cup,train,test,27373
a_column_co_driver__run2b_2018-05-22-15-50-07.ids_2__vp5__ann72__ch1.jpg,a_column_co_driver,5,vp5/run2b_2018-05-22-15-50-07.ids_2,72,1,drinking,bottle_or_cup,train,test,27441
a_column_co_driver__run2b_2018-05-22-15-50-07.ids_2__vp5__ann79__ch0.jpg,a_column_co_driver,5,vp5/run2b_2018-05-22-15-50-07.ids_2,79,0,drinking,bottle_or_cup,train,test,29017
a_column_co_driver__run2b_2018-05-22-15-50-07.ids_2__vp5__ann79__ch1.jpg,a_column_co_driver,5,vp5/run2b_2018-05-22-15-50-07.ids_2,79,1,drinking,bottle_or_cup,train,test,29086
a_column_co_driver__run1_2018-05-24-13-44-01.ids_2__vp11__ann44__ch0.jpg,a_column_co_driver,11,vp11/run1_2018-05-24-13-44-01.ids_2,44,0,drinking,bottle_or_cup,train,test,20381
a_column_co_driver__run1_2018-05-24-13-44-01.ids_2__vp11__ann47__ch0.jpg,a_column_co_driver,11,vp11/run1_2018-05-24-13-44-01.ids_2,47,0,drinking,bottle_or_cup,train,test,20554
a_column_co_driver__run1_2018-05-24-13-44-01.ids_2__vp11__ann77__ch0.jpg,a_column_co_driver,11,vp11/run1_2018-05-24-13-44-01.ids_2,77,0,drinking,bottle_or_cup,train,test,30088
a_column_co_driver__run2_2018-05-24-14-35-56.ids_2__vp11__ann14__ch0.jpg,a_column_co_driver,11,vp11/run2_2018-05-24-14-35-56.ids_2,14,0,drinking,bottle_or_cup,train,test,6442
a_column_co_driver__run2_2018-05-24-14-35-56.ids_2__vp11__ann14__ch1.jpg,a_column_co_driver,11,vp11/run2_2018-05-24-14-35-56.ids_2,14,1,drinking,bottle_or_cup,train,test,6494
a_column_co_driver__run2_2018-05-24-14-35-56.ids_2__vp11__ann45__ch0.jpg,a_column_co_driver,11,vp11/run2_2018-05-24-14-35-56.ids_2,45,0,drinking,bottle_or_cup,train,test,12631
a_column_co_driver__run2_2018-05-24-14-35-56.ids_2__vp11__ann66__ch0.jpg,a_column_co_driver,11,vp11/run2_2018-05-24-14-35-56.ids_2,66,0,drinking,bottle_or_cup,train,test,16894
a_column_co_driver__run2_2018-05-24-14-35-56.ids_2__vp11__ann66__ch1.jpg,a_column_co_driver,11,vp11/run2_2018-05-24-14-35-56.ids_2,66,1,drinking,bottle_or_cup,train,test,16943
a_column_co_driver__run1_2018-05-29-15-21-10.ids_2__vp13__ann46__ch0.jpg,a_column_co_driver,13,vp13/run1_2018-05-29-15-21-10.ids_2,46,0,drinking,bottle_or_cup,train,test,24989
a_column_co_driver__run1_2018-05-29-15-21-10.ids_2__vp13__ann46__ch1.jpg,a_column_co_driver,13,vp13/run1_2018-05-29-15-21-10.ids_2,46,1,drinking,bottle_or_cup,train,test,25079
a_column_co_driver__run1_2018-05-29-15-21-10.ids_2__vp13__ann46__ch2.jpg,a_column_co_driver,13,vp13/run1_2018-05-29-15-21-10.ids_2,46,2,drinking,bottle_or_cup,train,test,25170
a_column_co_driver__run1_2018-05-29-15-21-10.ids_2__vp13__ann46__ch3.jpg,a_column_co_driver,13,vp13/run1_2018-05-29-15-21-10.ids_2,46,3,drinking,bottle_or_cup,train,test,25260
a_column_co_driver__run1_2018-05-29-15-21-10.ids_2__vp13__ann46__ch4.jpg,a_column_co_driver,13,vp13/run1_2018-05-29-15-21-10.ids_2,46,4,drinking,bottle_or_cup,train,test,25307
a_column_co_driver__run2_2018-05-30-11-34-54.ids_2__vp13__ann56__ch0.jpg,a_column_co_driver,13,vp13/run2_2018-05-30-11-34-54.ids_2,56,0,drinking,bottle_or_cup,train,test,24102
a_column_co_driver__run2_2018-05-30-11-34-54.ids_2__vp13__ann56__ch1.jpg,a_column_co_driver,13,vp13/run2_2018-05-30-11-34-54.ids_2,56,1,drinking,bottle_or_cup,train,test,24193
a_column_co_driver__run2_2018-05-30-11-34-54.ids_2__vp13__ann56__ch2.jpg,a_column_co_driver,13,vp13/run2_2018-05-30-11-34-54.ids_2,56,2,drinking,bottle_or_cup,train,test,24283
a_column_co_driver__run2_2018-05-30-11-34-54.ids_2__vp13__ann56__ch3.jpg,a_column_co_driver,13,vp13/run2_2018-05-30-11-34-54.ids_2,56,3,drinking,bottle_or_cup,train,test,24367
ceiling__run1b_2018-05-29-14-02-47.ids_3__vp1__ann38__ch0.jpg,ceiling,1,vp1/run1b_2018-05-29-14-02-47.ids_3,38,0,drinking,bottle_or_cup,train,train,12460
ceiling__run1b_2018-05-29-14-02-47.ids_3__vp1__ann38__ch1.jpg,ceiling,1,vp1/run1b_2018-05-29-14-02-47.ids_3,38,1,drinking,bottle_or_cup,train,train,12550
ceiling__run1b_2018-05-29-14-02-47.ids_3__vp1__ann38__ch2.jpg,ceiling,1,vp1/run1b_2018-05-29-14-02-47.ids_3,38,2,drinking,bottle_or_cup,train,train,12599
ceiling__run1b_2018-05-29-14-02-47.ids_3__vp1__ann55__ch0.jpg,ceiling,1,vp1/run1b_2018-05-29-14-02-47.ids_3,55,0,drinking,bottle_or_cup,train,train,16720
ceiling__run1b_2018-05-29-14-02-47.ids_3__vp1__ann55__ch1.jpg,ceiling,1,vp1/run1b_2018-05-29-14-02-47.ids_3,55,1,drinking,bottle_or_cup,train,train,16809
ceiling__run1b_2018-05-29-14-02-47.ids_3__vp1__ann55__ch2.jpg,ceiling,1,vp1/run1b_2018-05-29-14-02-47.ids_3,55,2,drinking,bottle_or_cup,train,train,16892
ceiling__run1b_2018-05-29-14-02-47.ids_3__vp1__ann99__ch0.jpg,ceiling,1,vp1/run1b_2018-05-29-14-02-47.ids_3,99,0,drinking,bottle_or_cup,train,train,26737
ceiling__run1b_2018-05-29-14-02-47.ids_3__vp1__ann99__ch1.jpg,ceiling,1,vp1/run1b_2018-05-29-14-02-47.ids_3,99,1,drinking,bottle_or_cup,train,train,26817
ceiling__run1b_2018-05-29-14-02-47.ids_3__vp1__ann114__ch0.jpg,ceiling,1,vp1/run1b_2018-05-29-14-02-47.ids_3,114,0,drinking,bottle_or_cup,train,train,29071
ceiling__run1b_2018-05-29-14-02-47.ids_3__vp1__ann114__ch1.jpg,ceiling,1,vp1/run1b_2018-05-29-14-02-47.ids_3,114,1,drinking,bottle_or_cup,train,train,29144
ceiling__run2_2018-05-29-14-33-44.ids_3__vp1__ann46__ch0.jpg,ceiling,1,vp1/run2_2018-05-29-14-33-44.ids_3,46,0,drinking,bottle_or_cup,train,train,21224
ceiling__run2_2018-05-29-14-33-44.ids_3__vp1__ann46__ch1.jpg,ceiling,1,vp1/run2_2018-05-29-14-33-44.ids_3,46,1,drinking,bottle_or_cup,train,train,21313
ceiling__run2_2018-05-29-14-33-44.ids_3__vp1__ann46__ch2.jpg,ceiling,1,vp1/run2_2018-05-29-14-33-44.ids_3,46,2,drinking,bottle_or_cup,train,train,21372
ceiling__run1_2018-05-03-14-08-31.ids_3__vp2__ann75__ch0.jpg,ceiling,2,vp2/run1_2018-05-03-14-08-31.ids_3,75,0,drinking,bottle_or_cup,train,train,40564
ceiling__run1_2018-05-03-14-08-31.ids_3__vp2__ann75__ch1.jpg,ceiling,2,vp2/run1_2018-05-03-14-08-31.ids_3,75,1,drinking,bottle_or_cup,train,train,40654
ceiling__run1_2018-05-03-14-08-31.ids_3__vp2__ann75__ch2.jpg,ceiling,2,vp2/run1_2018-05-03-14-08-31.ids_3,75,2,drinking,bottle_or_cup,train,train,40709
ceiling__run2_2018-05-24-17-22-26.ids_3__vp2__ann42__ch0.jpg,ceiling,2,vp2/run2_2018-05-24-17-22-26.ids_3,42,0,drinking,bottle_or_cup,train,train,21229
ceiling__run2_2018-05-24-17-22-26.ids_3__vp2__ann42__ch1.jpg,ceiling,2,vp2/run2_2018-05-24-17-22-26.ids_3,42,1,drinking,bottle_or_cup,train,train,21319
ceiling__run1b_2018-05-08-08-46-01.ids_3__vp3__ann76__ch0.jpg,ceiling,3,vp3/run1b_2018-05-08-08-46-01.ids_3,76,0,drinking,bottle_or_cup,train,train,31728
ceiling__run1b_2018-05-08-08-46-01.ids_3__vp3__ann76__ch1.jpg,ceiling,3,vp3/run1b_2018-05-08-08-46-01.ids_3,76,1,drinking,bottle_or_cup,train,train,31810
ceiling__run1b_2018-05-08-08-46-01.ids_3__vp3__ann85__ch0.jpg,ceiling,3,vp3/run1b_2018-05-08-08-46-01.ids_3,85,0,drinking,bottle_or_cup,train,train,33767
ceiling__run1b_2018-05-08-08-46-01.ids_3__vp3__ann85__ch1.jpg,ceiling,3,vp3/run1b_2018-05-08-08-46-01.ids_3,85,1,drinking,bottle_or_cup,train,train,33858
ceiling__run1b_2018-05-08-08-46-01.ids_3__vp3__ann85__ch2.jpg,ceiling,3,vp3/run1b_2018-05-08-08-46-01.ids_3,85,2,drinking,bottle_or_cup,train,train,33948
ceiling__run1b_2018-05-08-08-46-01.ids_3__vp3__ann85__ch3.jpg,ceiling,3,vp3/run1b_2018-05-08-08-46-01.ids_3,85,3,drinking,bottle_or_cup,train,train,34038
ceiling__run1b_2018-05-08-08-46-01.ids_3__vp3__ann85__ch4.jpg,ceiling,3,vp3/run1b_2018-05-08-08-46-01.ids_3,85,4,drinking,bottle_or_cup,train,train,34128
ceiling__run1b_2018-05-08-08-46-01.ids_3__vp3__ann85__ch5.jpg,ceiling,3,vp3/run1b_2018-05-08-08-46-01.ids_3,85,5,drinking,bottle_or_cup,train,train,34219
ceiling__run1b_2018-05-08-08-46-01.ids_3__vp3__ann85__ch6.jpg,ceiling,3,vp3/run1b_2018-05-08-08-46-01.ids_3,85,6,drinking,bottle_or_cup,train,train,34310
ceiling__run1b_2018-05-08-08-46-01.ids_3__vp3__ann85__ch7.jpg,ceiling,3,vp3/run1b_2018-05-08-08-46-01.ids_3,85,7,drinking,bottle_or_cup,train,train,34370
ceiling__run1b_2018-05-08-08-46-01.ids_3__vp3__ann88__ch0.jpg,ceiling,3,vp3/run1b_2018-05-08-08-46-01.ids_3,88,0,drinking,bottle_or_cup,train,train,34562
ceiling__run1b_2018-05-08-08-46-01.ids_3__vp3__ann88__ch1.jpg,ceiling,3,vp3/run1b_2018-05-08-08-46-01.ids_3,88,1,drinking,bottle_or_cup,train,train,34626
ceiling__run1b_2018-05-08-08-46-01.ids_3__vp3__ann92__ch0.jpg,ceiling,3,vp3/run1b_2018-05-08-08-46-01.ids_3,92,0,drinking,bottle_or_cup,train,train,35455
ceiling__run1b_2018-05-08-08-46-01.ids_3__vp3__ann92__ch1.jpg,ceiling,3,vp3/run1b_2018-05-08-08-46-01.ids_3,92,1,drinking,bottle_or_cup,train,train,35505
ceiling__run1b_2018-05-08-08-46-01.ids_3__vp3__ann93__ch0.jpg,ceiling,3,vp3/run1b_2018-05-08-08-46-01.ids_3,93,0,drinking,bottle_or_cup,train,train,36030
ceiling__run1b_2018-05-08-08-46-01.ids_3__vp3__ann93__ch1.jpg,ceiling,3,vp3/run1b_2018-05-08-08-46-01.ids_3,93,1,drinking,bottle_or_cup,train,train,36097
ceiling__run1b_2018-05-08-08-46-01.ids_3__vp3__ann96__ch0.jpg,ceiling,3,vp3/run1b_2018-05-08-08-46-01.ids_3,96,0,drinking,bottle_or_cup,train,train,36772
ceiling__run1b_2018-05-08-08-46-01.ids_3__vp3__ann104__ch0.jpg,ceiling,3,vp3/run1b_2018-05-08-08-46-01.ids_3,104,0,drinking,bottle_or_cup,train,train,38244
ceiling__run1b_2018-05-08-08-46-01.ids_3__vp3__ann104__ch1.jpg,ceiling,3,vp3/run1b_2018-05-08-08-46-01.ids_3,104,1,drinking,bottle_or_cup,train,train,38299
ceiling__run2_2018-05-29-16-03-37.ids_3__vp3__ann82__ch0.jpg,ceiling,3,vp3/run2_2018-05-29-16-03-37.ids_3,82,0,drinking,bottle_or_cup,train,train,28795
ceiling__run2_2018-05-29-16-03-37.ids_3__vp3__ann82__ch1.jpg,ceiling,3,vp3/run2_2018-05-29-16-03-37.ids_3,82,1,drinking,bottle_or_cup,train,train,28795
ceiling__run1_2018-05-22-13-28-51.ids_3__vp4__ann29__ch0.jpg,ceiling,4,vp4/run1_2018-05-22-13-28-51.ids_3,29,0,drinking,bottle_or_cup,train,train,17746
ceiling__run1_2018-05-22-13-28-51.ids_3__vp4__ann29__ch1.jpg,ceiling,4,vp4/run1_2018-05-22-13-28-51.ids_3,29,1,drinking,bottle_or_cup,train,train,17835
ceiling__run1_2018-05-22-13-28-51.ids_3__vp4__ann29__ch2.jpg,ceiling,4,vp4/run1_2018-05-22-13-28-51.ids_3,29,2,drinking,bottle_or_cup,train,train,17926
ceiling__run2_2018-05-22-14-25-04.ids_3__vp4__ann19__ch0.jpg,ceiling,4,vp4/run2_2018-05-22-14-25-04.ids_3,19,0,drinking,bottle_or_cup,train,train,17545
ceiling__run2_2018-05-22-14-25-04.ids_3__vp4__ann19__ch1.jpg,ceiling,4,vp4/run2_2018-05-22-14-25-04.ids_3,19,1,drinking,bottle_or_cup,train,train,17634
ceiling__run2_2018-05-22-14-25-04.ids_3__vp4__ann19__ch2.jpg,ceiling,4,vp4/run2_2018-05-22-14-25-04.ids_3,19,2,drinking,bottle_or_cup,train,train,17708
ceiling__run1_2018-05-23-10-21-45.ids_3__vp6__ann90__ch0.jpg,ceiling,6,vp6/run1_2018-05-23-10-21-45.ids_3,90,0,drinking,bottle_or_cup,train,train,46372
ceiling__run1_2018-05-23-10-21-45.ids_3__vp6__ann90__ch1.jpg,ceiling,6,vp6/run1_2018-05-23-10-21-45.ids_3,90,1,drinking,bottle_or_cup,train,train,46452
ceiling__run2_2018-05-23-11-05-00.ids_3__vp6__ann34__ch0.jpg,ceiling,6,vp6/run2_2018-05-23-11-05-00.ids_3,34,0,drinking,bottle_or_cup,train,train,17491
ceiling__run2_2018-05-23-11-05-00.ids_3__vp6__ann34__ch1.jpg,ceiling,6,vp6/run2_2018-05-23-11-05-00.ids_3,34,1,drinking,bottle_or_cup,train,train,17582
ceiling__run2_2018-05-23-11-05-00.ids_3__vp6__ann34__ch2.jpg,ceiling,6,vp6/run2_2018-05-23-11-05-00.ids_3,34,2,drinking,bottle_or_cup,train,train,17650
ceiling__run2_2018-05-23-11-05-00.ids_3__vp6__ann49__ch0.jpg,ceiling,6,vp6/run2_2018-05-23-11-05-00.ids_3,49,0,drinking,bottle_or_cup,train,train,26317
ceiling__run2_2018-05-23-11-05-00.ids_3__vp6__ann49__ch1.jpg,ceiling,6,vp6/run2_2018-05-23-11-05-00.ids_3,49,1,drinking,bottle_or_cup,train,train,26375
ceiling__run1_2018-05-23-13-16-52.ids_3__vp7__ann16__ch0.jpg,ceiling,7,vp7/run1_2018-05-23-13-16-52.ids_3,16,0,drinking,bottle_or_cup,val,train,10009
ceiling__run1_2018-05-23-13-16-52.ids_3__vp7__ann16__ch1.jpg,ceiling,7,vp7/run1_2018-05-23-13-16-52.ids_3,16,1,drinking,bottle_or_cup,val,train,10098
ceiling__run1_2018-05-23-13-16-52.ids_3__vp7__ann16__ch2.jpg,ceiling,7,vp7/run1_2018-05-23-13-16-52.ids_3,16,2,drinking,bottle_or_cup,val,train,10187
ceiling__run1_2018-05-23-13-16-52.ids_3__vp7__ann16__ch3.jpg,ceiling,7,vp7/run1_2018-05-23-13-16-52.ids_3,16,3,drinking,bottle_or_cup,val,train,10264
ceiling__run1_2018-05-23-13-16-52.ids_3__vp7__ann84__ch0.jpg,ceiling,7,vp7/run1_2018-05-23-13-16-52.ids_3,84,0,drinking,bottle_or_cup,val,train,27164
ceiling__run1_2018-05-23-13-16-52.ids_3__vp7__ann84__ch1.jpg,ceiling,7,vp7/run1_2018-05-23-13-16-52.ids_3,84,1,drinking,bottle_or_cup,val,train,27252
ceiling__run1_2018-05-23-13-16-52.ids_3__vp7__ann84__ch2.jpg,ceiling,7,vp7/run1_2018-05-23-13-16-52.ids_3,84,2,drinking,bottle_or_cup,val,train,27331
ceiling__run2b_2018-05-23-13-54-07.ids_3__vp7__ann37__ch0.jpg,ceiling,7,vp7/run2b_2018-05-23-13-54-07.ids_3,37,0,drinking,bottle_or_cup,val,train,14477
ceiling__run2b_2018-05-23-13-54-07.ids_3__vp7__ann37__ch1.jpg,ceiling,7,vp7/run2b_2018-05-23-13-54-07.ids_3,37,1,drinking,bottle_or_cup,val,train,14568
ceiling__run2b_2018-05-23-13-54-07.ids_3__vp7__ann37__ch2.jpg,ceiling,7,vp7/run2b_2018-05-23-13-54-07.ids_3,37,2,drinking,bottle_or_cup,val,train,14662
ceiling__run2b_2018-05-23-13-54-07.ids_3__vp7__ann37__ch3.jpg,ceiling,7,vp7/run2b_2018-05-23-13-54-07.ids_3,37,3,drinking,bottle_or_cup,val,train,14755
ceiling__run2b_2018-05-23-13-54-07.ids_3__vp7__ann37__ch4.jpg,ceiling,7,vp7/run2b_2018-05-23-13-54-07.ids_3,37,4,drinking,bottle_or_cup,val,train,14839
ceiling__run1d_2018-05-23-14-54-38.ids_3__vp8__ann65__ch0.jpg,ceiling,8,vp8/run1d_2018-05-23-14-54-38.ids_3,65,0,drinking,bottle_or_cup,val,train,33081
ceiling__run1d_2018-05-23-14-54-38.ids_3__vp8__ann65__ch1.jpg,ceiling,8,vp8/run1d_2018-05-23-14-54-38.ids_3,65,1,drinking,bottle_or_cup,val,train,33169
ceiling__run1d_2018-05-23-14-54-38.ids_3__vp8__ann65__ch2.jpg,ceiling,8,vp8/run1d_2018-05-23-14-54-38.ids_3,65,2,drinking,bottle_or_cup,val,train,33252
ceiling__run1d_2018-05-23-14-54-38.ids_3__vp8__ann86__ch0.jpg,ceiling,8,vp8/run1d_2018-05-23-14-54-38.ids_3,86,0,drinking,bottle_or_cup,val,train,41048
ceiling__run1d_2018-05-23-14-54-38.ids_3__vp8__ann86__ch1.jpg,ceiling,8,vp8/run1d_2018-05-23-14-54-38.ids_3,86,1,drinking,bottle_or_cup,val,train,41138
ceiling__run1d_2018-05-23-14-54-38.ids_3__vp8__ann86__ch2.jpg,ceiling,8,vp8/run1d_2018-05-23-14-54-38.ids_3,86,2,drinking,bottle_or_cup,val,train,41228
ceiling__run1d_2018-05-23-14-54-38.ids_3__vp8__ann86__ch3.jpg,ceiling,8,vp8/run1d_2018-05-23-14-54-38.ids_3,86,3,drinking,bottle_or_cup,val,train,41312
ceiling__run2_2018-05-23-15-30-27.ids_3__vp8__ann21__ch0.jpg,ceiling,8,vp8/run2_2018-05-23-15-30-27.ids_3,21,0,drinking,bottle_or_cup,val,train,9048
ceiling__run2_2018-05-23-15-30-27.ids_3__vp8__ann21__ch1.jpg,ceiling,8,vp8/run2_2018-05-23-15-30-27.ids_3,21,1,drinking,bottle_or_cup,val,train,9138
ceiling__run2_2018-05-23-15-30-27.ids_3__vp8__ann21__ch2.jpg,ceiling,8,vp8/run2_2018-05-23-15-30-27.ids_3,21,2,drinking,bottle_or_cup,val,train,9190
ceiling__run1b_2018-05-23-16-19-17.ids_3__vp9__ann13__ch0.jpg,ceiling,9,vp9/run1b_2018-05-23-16-19-17.ids_3,13,0,drinking,bottle_or_cup,test,train,8268
ceiling__run1b_2018-05-23-16-19-17.ids_3__vp9__ann13__ch1.jpg,ceiling,9,vp9/run1b_2018-05-23-16-19-17.ids_3,13,1,drinking,bottle_or_cup,test,train,8316
ceiling__run1b_2018-05-23-16-19-17.ids_3__vp9__ann18__ch0.jpg,ceiling,9,vp9/run1b_2018-05-23-16-19-17.ids_3,18,0,drinking,bottle_or_cup,test,train,9141
ceiling__run1b_2018-05-23-16-19-17.ids_3__vp9__ann18__ch1.jpg,ceiling,9,vp9/run1b_2018-05-23-16-19-17.ids_3,18,1,drinking,bottle_or_cup,test,train,9193
ceiling__run1b_2018-05-23-16-19-17.ids_3__vp9__ann91__ch0.jpg,ceiling,9,vp9/run1b_2018-05-23-16-19-17.ids_3,91,0,drinking,bottle_or_cup,test,train,23228
ceiling__run1b_2018-05-23-16-19-17.ids_3__vp9__ann91__ch1.jpg,ceiling,9,vp9/run1b_2018-05-23-16-19-17.ids_3,91,1,drinking,bottle_or_cup,test,train,23316
ceiling__run1b_2018-05-23-16-19-17.ids_3__vp9__ann91__ch2.jpg,ceiling,9,vp9/run1b_2018-05-23-16-19-17.ids_3,91,2,drinking,bottle_or_cup,test,train,23404
ceiling__run1b_2018-05-23-16-19-17.ids_3__vp9__ann91__ch3.jpg,ceiling,9,vp9/run1b_2018-05-23-16-19-17.ids_3,91,3,drinking,bottle_or_cup,test,train,23487
ceiling__run1_2018-05-24-13-14-41.ids_3__vp10__ann12__ch0.jpg,ceiling,10,vp10/run1_2018-05-24-13-14-41.ids_3,12,0,drinking,bottle_or_cup,train,train,9198
ceiling__run1_2018-05-24-13-14-41.ids_3__vp10__ann29__ch0.jpg,ceiling,10,vp10/run1_2018-05-24-13-14-41.ids_3,29,0,drinking,bottle_or_cup,train,train,11949
ceiling__run1_2018-05-24-13-14-41.ids_3__vp10__ann46__ch0.jpg,ceiling,10,vp10/run1_2018-05-24-13-14-41.ids_3,46,0,drinking,bottle_or_cup,train,train,15387
ceiling__run1_2018-05-24-13-14-41.ids_3__vp10__ann103__ch0.jpg,ceiling,10,vp10/run1_2018-05-24-13-14-41.ids_3,103,0,drinking,bottle_or_cup,train,train,36813
ceiling__run2_2018-05-24-14-08-46.ids_3__vp10__ann95__ch0.jpg,ceiling,10,vp10/run2_2018-05-24-14-08-46.ids_3,95,0,drinking,bottle_or_cup,train,train,33888
ceiling__run2_2018-05-24-14-08-46.ids_3__vp10__ann95__ch1.jpg,ceiling,10,vp10/run2_2018-05-24-14-08-46.ids_3,95,1,drinking,bottle_or_cup,train,train,33946
ceiling__run1_2018-05-24-15-44-28.ids_3__vp12__ann36__ch0.jpg,ceiling,12,vp12/run1_2018-05-24-15-44-28.ids_3,36,0,drinking,bottle_or_cup,train,train,17378
ceiling__run1_2018-05-24-15-44-28.ids_3__vp12__ann36__ch1.jpg,ceiling,12,vp12/run1_2018-05-24-15-44-28.ids_3,36,1,drinking,bottle_or_cup,train,train,17467
ceiling__run1_2018-05-24-15-44-28.ids_3__vp12__ann36__ch2.jpg,ceiling,12,vp12/run1_2018-05-24-15-44-28.ids_3,36,2,drinking,bottle_or_cup,train,train,17542
ceiling__run1_2018-05-24-15-44-28.ids_3__vp12__ann70__ch0.jpg,ceiling,12,vp12/run1_2018-05-24-15-44-28.ids_3,70,0,drinking,bottle_or_cup,train,train,31051
ceiling__run1_2018-05-24-15-44-28.ids_3__vp12__ann70__ch1.jpg,ceiling,12,vp12/run1_2018-05-24-15-44-28.ids_3,70,1,drinking,bottle_or_cup,train,train,31140
ceiling__run1_2018-05-24-15-44-28.ids_3__vp12__ann70__ch2.jpg,ceiling,12,vp12/run1_2018-05-24-15-44-28.ids_3,70,2,drinking,bottle_or_cup,train,train,31203
ceiling__run2_2018-05-24-16-21-35.ids_3__vp12__ann7__ch0.jpg,ceiling,12,vp12/run2_2018-05-24-16-21-35.ids_3,7,0,drinking,bottle_or_cup,train,train,7643
ceiling__run2_2018-05-24-16-21-35.ids_3__vp12__ann7__ch1.jpg,ceiling,12,vp12/run2_2018-05-24-16-21-35.ids_3,7,1,drinking,bottle_or_cup,train,train,7733
ceiling__run2_2018-05-24-16-21-35.ids_3__vp12__ann7__ch2.jpg,ceiling,12,vp12/run2_2018-05-24-16-21-35.ids_3,7,2,drinking,bottle_or_cup,train,train,7804
ceiling__run2_2018-05-24-16-21-35.ids_3__vp12__ann27__ch0.jpg,ceiling,12,vp12/run2_2018-05-24-16-21-35.ids_3,27,0,drinking,bottle_or_cup,train,train,12390
ceiling__run2_2018-05-24-16-21-35.ids_3__vp12__ann27__ch1.jpg,ceiling,12,vp12/run2_2018-05-24-16-21-35.ids_3,27,1,drinking,bottle_or_cup,train,train,12479
ceiling__run2_2018-05-24-16-21-35.ids_3__vp12__ann27__ch2.jpg,ceiling,12,vp12/run2_2018-05-24-16-21-35.ids_3,27,2,drinking,bottle_or_cup,train,train,12568
ceiling__run2_2018-05-24-16-21-35.ids_3__vp12__ann27__ch3.jpg,ceiling,12,vp12/run2_2018-05-24-16-21-35.ids_3,27,3,drinking,bottle_or_cup,train,train,12658
ceiling__run2_2018-05-24-16-21-35.ids_3__vp12__ann27__ch4.jpg,ceiling,12,vp12/run2_2018-05-24-16-21-35.ids_3,27,4,drinking,bottle_or_cup,train,train,12746
ceiling__run2_2018-05-24-16-21-35.ids_3__vp12__ann27__ch5.jpg,ceiling,12,vp12/run2_2018-05-24-16-21-35.ids_3,27,5,drinking,bottle_or_cup,train,train,12835
ceiling__run2_2018-05-24-16-21-35.ids_3__vp12__ann27__ch6.jpg,ceiling,12,vp12/run2_2018-05-24-16-21-35.ids_3,27,6,drinking,bottle_or_cup,train,train,12905
ceiling__run2_2018-05-24-16-21-35.ids_3__vp12__ann79__ch0.jpg,ceiling,12,vp12/run2_2018-05-24-16-21-35.ids_3,79,0,drinking,bottle_or_cup,train,train,32122
ceiling__run2_2018-05-24-16-21-35.ids_3__vp12__ann79__ch1.jpg,ceiling,12,vp12/run2_2018-05-24-16-21-35.ids_3,79,1,drinking,bottle_or_cup,train,train,32211
ceiling__run2_2018-05-24-16-21-35.ids_3__vp12__ann79__ch2.jpg,ceiling,12,vp12/run2_2018-05-24-16-21-35.ids_3,79,2,drinking,bottle_or_cup,train,train,32291
ceiling__run2_2018-05-24-16-21-35.ids_3__vp12__ann88__ch0.jpg,ceiling,12,vp12/run2_2018-05-24-16-21-35.ids_3,88,0,drinking,bottle_or_cup,train,train,35244
ceiling__run2_2018-05-24-16-21-35.ids_3__vp12__ann88__ch1.jpg,ceiling,12,vp12/run2_2018-05-24-16-21-35.ids_3,88,1,drinking,bottle_or_cup,train,train,35334
ceiling__run2_2018-05-24-16-21-35.ids_3__vp12__ann88__ch2.jpg,ceiling,12,vp12/run2_2018-05-24-16-21-35.ids_3,88,2,drinking,bottle_or_cup,train,train,35425
ceiling__run2_2018-05-24-16-21-35.ids_3__vp12__ann88__ch3.jpg,ceiling,12,vp12/run2_2018-05-24-16-21-35.ids_3,88,3,drinking,bottle_or_cup,train,train,35499
ceiling__run2_2018-05-24-16-21-35.ids_3__vp12__ann103__ch0.jpg,ceiling,12,vp12/run2_2018-05-24-16-21-35.ids_3,103,0,drinking,bottle_or_cup,train,train,41173
ceiling__run2_2018-05-24-16-21-35.ids_3__vp12__ann103__ch1.jpg,ceiling,12,vp12/run2_2018-05-24-16-21-35.ids_3,103,1,drinking,bottle_or_cup,train,train,41246
ceiling__run1_2018-05-30-10-11-09.ids_3__vp14__ann20__ch0.jpg,ceiling,14,vp14/run1_2018-05-30-10-11-09.ids_3,20,0,drinking,bottle_or_cup,test,val,11699
ceiling__run1_2018-05-30-10-11-09.ids_3__vp14__ann20__ch1.jpg,ceiling,14,vp14/run1_2018-05-30-10-11-09.ids_3,20,1,drinking,bottle_or_cup,test,val,11789
ceiling__run1_2018-05-30-10-11-09.ids_3__vp14__ann20__ch2.jpg,ceiling,14,vp14/run1_2018-05-30-10-11-09.ids_3,20,2,drinking,bottle_or_cup,test,val,11836
ceiling__run1_2018-05-30-10-11-09.ids_3__vp14__ann53__ch0.jpg,ceiling,14,vp14/run1_2018-05-30-10-11-09.ids_3,53,0,drinking,bottle_or_cup,test,val,23841
ceiling__run1_2018-05-30-10-11-09.ids_3__vp14__ann53__ch1.jpg,ceiling,14,vp14/run1_2018-05-30-10-11-09.ids_3,53,1,drinking,bottle_or_cup,test,val,23894
ceiling__run2_2018-05-30-10-42-33.ids_3__vp14__ann11__ch0.jpg,ceiling,14,vp14/run2_2018-05-30-10-42-33.ids_3,11,0,drinking,bottle_or_cup,test,val,7524
ceiling__run2_2018-05-30-10-42-33.ids_3__vp14__ann11__ch1.jpg,ceiling,14,vp14/run2_2018-05-30-10-42-33.ids_3,11,1,drinking,bottle_or_cup,test,val,7595
ceiling__run2_2018-05-30-10-42-33.ids_3__vp14__ann82__ch0.jpg,ceiling,14,vp14/run2_2018-05-30-10-42-33.ids_3,82,0,drinking,bottle_or_cup,test,val,32130
ceiling__run2_2018-05-30-10-42-33.ids_3__vp14__ann82__ch1.jpg,ceiling,14,vp14/run2_2018-05-30-10-42-33.ids_3,82,1,drinking,bottle_or_cup,test,val,32205
ceiling__run2_2018-05-30-10-42-33.ids_3__vp14__ann100__ch0.jpg,ceiling,14,vp14/run2_2018-05-30-10-42-33.ids_3,100,0,drinking,bottle_or_cup,test,val,39890
ceiling__run2_2018-05-30-10-42-33.ids_3__vp14__ann100__ch1.jpg,ceiling,14,vp14/run2_2018-05-30-10-42-33.ids_3,100,1,drinking,bottle_or_cup,test,val,39980
ceiling__run2_2018-05-30-10-42-33.ids_3__vp14__ann100__ch2.jpg,ceiling,14,vp14/run2_2018-05-30-10-42-33.ids_3,100,2,drinking,bottle_or_cup,test,val,40070
ceiling__run2_2018-05-30-10-42-33.ids_3__vp14__ann100__ch3.jpg,ceiling,14,vp14/run2_2018-05-30-10-42-33.ids_3,100,3,drinking,bottle_or_cup,test,val,40137
ceiling__run1_2018-05-30-13-05-35.ids_3__vp15__ann16__ch0.jpg,ceiling,15,vp15/run1_2018-05-30-13-05-35.ids_3,16,0,drinking,bottle_or_cup,train,val,8973
ceiling__run1_2018-05-30-13-05-35.ids_3__vp15__ann16__ch1.jpg,ceiling,15,vp15/run1_2018-05-30-13-05-35.ids_3,16,1,drinking,bottle_or_cup,train,val,9027
ceiling__run1_2018-05-30-13-05-35.ids_3__vp15__ann20__ch0.jpg,ceiling,15,vp15/run1_2018-05-30-13-05-35.ids_3,20,0,drinking,bottle_or_cup,train,val,9930
ceiling__run1_2018-05-30-13-05-35.ids_3__vp15__ann20__ch1.jpg,ceiling,15,vp15/run1_2018-05-30-13-05-35.ids_3,20,1,drinking,bottle_or_cup,train,val,9979
ceiling__run1_2018-05-30-13-05-35.ids_3__vp15__ann78__ch0.jpg,ceiling,15,vp15/run1_2018-05-30-13-05-35.ids_3,78,0,drinking,bottle_or_cup,train,val,20291
ceiling__run1_2018-05-30-13-05-35.ids_3__vp15__ann78__ch1.jpg,ceiling,15,vp15/run1_2018-05-30-13-05-35.ids_3,78,1,drinking,bottle_or_cup,train,val,20367
ceiling__run2_2018-05-30-13-34-33.ids_3__vp15__ann23__ch0.jpg,ceiling,15,vp15/run2_2018-05-30-13-34-33.ids_3,23,0,drinking,bottle_or_cup,train,val,11365
ceiling__run2_2018-05-30-13-34-33.ids_3__vp15__ann23__ch1.jpg,ceiling,15,vp15/run2_2018-05-30-13-34-33.ids_3,23,1,drinking,bottle_or_cup,train,val,11423
ceiling__run2_2018-05-30-13-34-33.ids_3__vp15__ann34__ch0.jpg,ceiling,15,vp15/run2_2018-05-30-13-34-33.ids_3,34,0,drinking,bottle_or_cup,train,val,12775
ceiling__run1_2018-05-22-15-10-41.ids_3__vp5__ann35__ch0.jpg,ceiling,5,vp5/run1_2018-05-22-15-10-41.ids_3,35,0,drinking,bottle_or_cup,train,test,18820
ceiling__run1_2018-05-22-15-10-41.ids_3__vp5__ann35__ch1.jpg,ceiling,5,vp5/run1_2018-05-22-15-10-41.ids_3,35,1,drinking,bottle_or_cup,train,test,18911
ceiling__run1_2018-05-22-15-10-41.ids_3__vp5__ann35__ch2.jpg,ceiling,5,vp5/run1_2018-05-22-15-10-41.ids_3,35,2,drinking,bottle_or_cup,train,test,18971
ceiling__run2b_2018-05-22-15-50-07.ids_3__vp5__ann72__ch0.jpg,ceiling,5,vp5/run2b_2018-05-22-15-50-07.ids_3,72,0,drinking,bottle_or_cup,train,test,27447
ceiling__run2b_2018-05-22-15-50-07.ids_3__vp5__ann72__ch1.jpg,ceiling,5,vp5/run2b_2018-05-22-15-50-07.ids_3,72,1,drinking,bottle_or_cup,train,test,27517
ceiling__run2b_2018-05-22-15-50-07.ids_3__vp5__ann79__ch0.jpg,ceiling,5,vp5/run2b_2018-05-22-15-50-07.ids_3,79,0,drinking,bottle_or_cup,train,test,29096
ceiling__run2b_2018-05-22-15-50-07.ids_3__vp5__ann79__ch1.jpg,ceiling,5,vp5/run2b_2018-05-22-15-50-07.ids_3,79,1,drinking,bottle_or_cup,train,test,29168
ceiling__run1_2018-05-24-13-44-01.ids_3__vp11__ann44__ch0.jpg,ceiling,11,vp11/run1_2018-05-24-13-44-01.ids_3,44,0,drinking,bottle_or_cup,train,test,20411
ceiling__run1_2018-05-24-13-44-01.ids_3__vp11__ann47__ch0.jpg,ceiling,11,vp11/run1_2018-05-24-13-44-01.ids_3,47,0,drinking,bottle_or_cup,train,test,20584
ceiling__run1_2018-05-24-13-44-01.ids_3__vp11__ann77__ch0.jpg,ceiling,11,vp11/run1_2018-05-24-13-44-01.ids_3,77,0,drinking,bottle_or_cup,train,test,30117
ceiling__run2_2018-05-24-14-35-56.ids_3__vp11__ann14__ch0.jpg,ceiling,11,vp11/run2_2018-05-24-14-35-56.ids_3,14,0,drinking,bottle_or_cup,train,test,6442
ceiling__run2_2018-05-24-14-35-56.ids_3__vp11__ann14__ch1.jpg,ceiling,11,vp11/run2_2018-05-24-14-35-56.ids_3,14,1,drinking,bottle_or_cup,train,test,6495
ceiling__run2_2018-05-24-14-35-56.ids_3__vp11__ann45__ch0.jpg,ceiling,11,vp11/run2_2018-05-24-14-35-56.ids_3,45,0,drinking,bottle_or_cup,train,test,12645
ceiling__run2_2018-05-24-14-35-56.ids_3__vp11__ann66__ch0.jpg,ceiling,11,vp11/run2_2018-05-24-14-35-56.ids_3,66,0,drinking,bottle_or_cup,train,test,16892
ceiling__run2_2018-05-24-14-35-56.ids_3__vp11__ann66__ch1.jpg,ceiling,11,vp11/run2_2018-05-24-14-35-56.ids_3,66,1,drinking,bottle_or_cup,train,test,16942
ceiling__run1_2018-05-29-15-21-10.ids_3__vp13__ann46__ch0.jpg,ceiling,13,vp13/run1_2018-05-29-15-21-10.ids_3,46,0,drinking,bottle_or_cup,train,test,25039
ceiling__run1_2018-05-29-15-21-10.ids_3__vp13__ann46__ch1.jpg,ceiling,13,vp13/run1_2018-05-29-15-21-10.ids_3,46,1,drinking,bottle_or_cup,train,test,25129
ceiling__run1_2018-05-29-15-21-10.ids_3__vp13__ann46__ch2.jpg,ceiling,13,vp13/run1_2018-05-29-15-21-10.ids_3,46,2,drinking,bottle_or_cup,train,test,25219
ceiling__run1_2018-05-29-15-21-10.ids_3__vp13__ann46__ch3.jpg,ceiling,13,vp13/run1_2018-05-29-15-21-10.ids_3,46,3,drinking,bottle_or_cup,train,test,25309
ceiling__run1_2018-05-29-15-21-10.ids_3__vp13__ann46__ch4.jpg,ceiling,13,vp13/run1_2018-05-29-15-21-10.ids_3,46,4,drinking,bottle_or_cup,train,test,25357
ceiling__run2_2018-05-30-11-34-54.ids_3__vp13__ann56__ch0.jpg,ceiling,13,vp13/run2_2018-05-30-11-34-54.ids_3,56,0,drinking,bottle_or_cup,train,test,24115
ceiling__run2_2018-05-30-11-34-54.ids_3__vp13__ann56__ch1.jpg,ceiling,13,vp13/run2_2018-05-30-11-34-54.ids_3,56,1,drinking,bottle_or_cup,train,test,24206
ceiling__run2_2018-05-30-11-34-54.ids_3__vp13__ann56__ch2.jpg,ceiling,13,vp13/run2_2018-05-30-11-34-54.ids_3,56,2,drinking,bottle_or_cup,train,test,24296
ceiling__run2_2018-05-30-11-34-54.ids_3__vp13__ann56__ch3.jpg,ceiling,13,vp13/run2_2018-05-30-11-34-54.ids_3,56,3,drinking,bottle_or_cup,train,test,24379
steering_wheel__run1b_2018-05-29-14-02-47.ids_4__vp1__ann38__ch0.jpg,steering_wheel,1,vp1/run1b_2018-05-29-14-02-47.ids_4,38,0,drinking,bottle_or_cup,train,train,12532
steering_wheel__run1b_2018-05-29-14-02-47.ids_4__vp1__ann38__ch1.jpg,steering_wheel,1,vp1/run1b_2018-05-29-14-02-47.ids_4,38,1,drinking,bottle_or_cup,train,train,12622
steering_wheel__run1b_2018-05-29-14-02-47.ids_4__vp1__ann38__ch2.jpg,steering_wheel,1,vp1/run1b_2018-05-29-14-02-47.ids_4,38,2,drinking,bottle_or_cup,train,train,12671
steering_wheel__run1b_2018-05-29-14-02-47.ids_4__vp1__ann55__ch0.jpg,steering_wheel,1,vp1/run1b_2018-05-29-14-02-47.ids_4,55,0,drinking,bottle_or_cup,train,train,16824
steering_wheel__run1b_2018-05-29-14-02-47.ids_4__vp1__ann55__ch1.jpg,steering_wheel,1,vp1/run1b_2018-05-29-14-02-47.ids_4,55,1,drinking,bottle_or_cup,train,train,16913
steering_wheel__run1b_2018-05-29-14-02-47.ids_4__vp1__ann55__ch2.jpg,steering_wheel,1,vp1/run1b_2018-05-29-14-02-47.ids_4,55,2,drinking,bottle_or_cup,train,train,16996
steering_wheel__run1b_2018-05-29-14-02-47.ids_4__vp1__ann99__ch0.jpg,steering_wheel,1,vp1/run1b_2018-05-29-14-02-47.ids_4,99,0,drinking,bottle_or_cup,train,train,26923
steering_wheel__run1b_2018-05-29-14-02-47.ids_4__vp1__ann99__ch1.jpg,steering_wheel,1,vp1/run1b_2018-05-29-14-02-47.ids_4,99,1,drinking,bottle_or_cup,train,train,27003
steering_wheel__run1b_2018-05-29-14-02-47.ids_4__vp1__ann114__ch0.jpg,steering_wheel,1,vp1/run1b_2018-05-29-14-02-47.ids_4,114,0,drinking,bottle_or_cup,train,train,29271
steering_wheel__run1b_2018-05-29-14-02-47.ids_4__vp1__ann114__ch1.jpg,steering_wheel,1,vp1/run1b_2018-05-29-14-02-47.ids_4,114,1,drinking,bottle_or_cup,train,train,29344
steering_wheel__run2_2018-05-29-14-33-44.ids_4__vp1__ann46__ch0.jpg,steering_wheel,1,vp1/run2_2018-05-29-14-33-44.ids_4,46,0,drinking,bottle_or_cup,train,train,21337
steering_wheel__run2_2018-05-29-14-33-44.ids_4__vp1__ann46__ch1.jpg,steering_wheel,1,vp1/run2_2018-05-29-14-33-44.ids_4,46,1,drinking,bottle_or_cup,train,train,21427
steering_wheel__run2_2018-05-29-14-33-44.ids_4__vp1__ann46__ch2.jpg,steering_wheel,1,vp1/run2_2018-05-29-14-33-44.ids_4,46,2,drinking,bottle_or_cup,train,train,21486
steering_wheel__run1_2018-05-03-14-08-31.ids_4__vp2__ann75__ch0.jpg,steering_wheel,2,vp2/run1_2018-05-03-14-08-31.ids_4,75,0,drinking,bottle_or_cup,train,train,40575
steering_wheel__run1_2018-05-03-14-08-31.ids_4__vp2__ann75__ch1.jpg,steering_wheel,2,vp2/run1_2018-05-03-14-08-31.ids_4,75,1,drinking,bottle_or_cup,train,train,40665
steering_wheel__run1_2018-05-03-14-08-31.ids_4__vp2__ann75__ch2.jpg,steering_wheel,2,vp2/run1_2018-05-03-14-08-31.ids_4,75,2,drinking,bottle_or_cup,train,train,40720
steering_wheel__run2_2018-05-24-17-22-26.ids_4__vp2__ann42__ch0.jpg,steering_wheel,2,vp2/run2_2018-05-24-17-22-26.ids_4,42,0,drinking,bottle_or_cup,train,train,21381
steering_wheel__run2_2018-05-24-17-22-26.ids_4__vp2__ann42__ch1.jpg,steering_wheel,2,vp2/run2_2018-05-24-17-22-26.ids_4,42,1,drinking,bottle_or_cup,train,train,21471
steering_wheel__run1b_2018-05-08-08-46-01.ids_4__vp3__ann76__ch0.jpg,steering_wheel,3,vp3/run1b_2018-05-08-08-46-01.ids_4,76,0,drinking,bottle_or_cup,train,train,31750
steering_wheel__run1b_2018-05-08-08-46-01.ids_4__vp3__ann76__ch1.jpg,steering_wheel,3,vp3/run1b_2018-05-08-08-46-01.ids_4,76,1,drinking,bottle_or_cup,train,train,31832
steering_wheel__run1b_2018-05-08-08-46-01.ids_4__vp3__ann85__ch0.jpg,steering_wheel,3,vp3/run1b_2018-05-08-08-46-01.ids_4,85,0,drinking,bottle_or_cup,train,train,33795
steering_wheel__run1b_2018-05-08-08-46-01.ids_4__vp3__ann85__ch1.jpg,steering_wheel,3,vp3/run1b_2018-05-08-08-46-01.ids_4,85,1,drinking,bottle_or_cup,train,train,33885
steering_wheel__run1b_2018-05-08-08-46-01.ids_4__vp3__ann85__ch2.jpg,steering_wheel,3,vp3/run1b_2018-05-08-08-46-01.ids_4,85,2,drinking,bottle_or_cup,train,train,33974
steering_wheel__run1b_2018-05-08-08-46-01.ids_4__vp3__ann85__ch3.jpg,steering_wheel,3,vp3/run1b_2018-05-08-08-46-01.ids_4,85,3,drinking,bottle_or_cup,train,train,34064
steering_wheel__run1b_2018-05-08-08-46-01.ids_4__vp3__ann85__ch4.jpg,steering_wheel,3,vp3/run1b_2018-05-08-08-46-01.ids_4,85,4,drinking,bottle_or_cup,train,train,34154
steering_wheel__run1b_2018-05-08-08-46-01.ids_4__vp3__ann85__ch5.jpg,steering_wheel,3,vp3/run1b_2018-05-08-08-46-01.ids_4,85,5,drinking,bottle_or_cup,train,train,34245
steering_wheel__run1b_2018-05-08-08-46-01.ids_4__vp3__ann85__ch6.jpg,steering_wheel,3,vp3/run1b_2018-05-08-08-46-01.ids_4,85,6,drinking,bottle_or_cup,train,train,34336
steering_wheel__run1b_2018-05-08-08-46-01.ids_4__vp3__ann85__ch7.jpg,steering_wheel,3,vp3/run1b_2018-05-08-08-46-01.ids_4,85,7,drinking,bottle_or_cup,train,train,34396
steering_wheel__run1b_2018-05-08-08-46-01.ids_4__vp3__ann88__ch0.jpg,steering_wheel,3,vp3/run1b_2018-05-08-08-46-01.ids_4,88,0,drinking,bottle_or_cup,train,train,34589
steering_wheel__run1b_2018-05-08-08-46-01.ids_4__vp3__ann88__ch1.jpg,steering_wheel,3,vp3/run1b_2018-05-08-08-46-01.ids_4,88,1,drinking,bottle_or_cup,train,train,34652
steering_wheel__run1b_2018-05-08-08-46-01.ids_4__vp3__ann92__ch0.jpg,steering_wheel,3,vp3/run1b_2018-05-08-08-46-01.ids_4,92,0,drinking,bottle_or_cup,train,train,35480
steering_wheel__run1b_2018-05-08-08-46-01.ids_4__vp3__ann92__ch1.jpg,steering_wheel,3,vp3/run1b_2018-05-08-08-46-01.ids_4,92,1,drinking,bottle_or_cup,train,train,35530
steering_wheel__run1b_2018-05-08-08-46-01.ids_4__vp3__ann93__ch0.jpg,steering_wheel,3,vp3/run1b_2018-05-08-08-46-01.ids_4,93,0,drinking,bottle_or_cup,train,train,36056
steering_wheel__run1b_2018-05-08-08-46-01.ids_4__vp3__ann93__ch1.jpg,steering_wheel,3,vp3/run1b_2018-05-08-08-46-01.ids_4,93,1,drinking,bottle_or_cup,train,train,36125
steering_wheel__run1b_2018-05-08-08-46-01.ids_4__vp3__ann96__ch0.jpg,steering_wheel,3,vp3/run1b_2018-05-08-08-46-01.ids_4,96,0,drinking,bottle_or_cup,train,train,36798
steering_wheel__run1b_2018-05-08-08-46-01.ids_4__vp3__ann104__ch0.jpg,steering_wheel,3,vp3/run1b_2018-05-08-08-46-01.ids_4,104,0,drinking,bottle_or_cup,train,train,38268
steering_wheel__run1b_2018-05-08-08-46-01.ids_4__vp3__ann104__ch1.jpg,steering_wheel,3,vp3/run1b_2018-05-08-08-46-01.ids_4,104,1,drinking,bottle_or_cup,train,train,38323
steering_wheel__run2_2018-05-29-16-03-37.ids_4__vp3__ann82__ch0.jpg,steering_wheel,3,vp3/run2_2018-05-29-16-03-37.ids_4,82,0,drinking,bottle_or_cup,train,train,30948
steering_wheel__run2_2018-05-29-16-03-37.ids_4__vp3__ann82__ch1.jpg,steering_wheel,3,vp3/run2_2018-05-29-16-03-37.ids_4,82,1,drinking,bottle_or_cup,train,train,31007
steering_wheel__run1_2018-05-22-13-28-51.ids_4__vp4__ann29__ch0.jpg,steering_wheel,4,vp4/run1_2018-05-22-13-28-51.ids_4,29,0,drinking,bottle_or_cup,train,train,17755
steering_wheel__run1_2018-05-22-13-28-51.ids_4__vp4__ann29__ch1.jpg,steering_wheel,4,vp4/run1_2018-05-22-13-28-51.ids_4,29,1,drinking,bottle_or_cup,train,train,17844
steering_wheel__run1_2018-05-22-13-28-51.ids_4__vp4__ann29__ch2.jpg,steering_wheel,4,vp4/run1_2018-05-22-13-28-51.ids_4,29,2,drinking,bottle_or_cup,train,train,17933
steering_wheel__run2_2018-05-22-14-25-04.ids_4__vp4__ann19__ch0.jpg,steering_wheel,4,vp4/run2_2018-05-22-14-25-04.ids_4,19,0,drinking,bottle_or_cup,train,train,17551
steering_wheel__run2_2018-05-22-14-25-04.ids_4__vp4__ann19__ch1.jpg,steering_wheel,4,vp4/run2_2018-05-22-14-25-04.ids_4,19,1,drinking,bottle_or_cup,train,train,17641
steering_wheel__run2_2018-05-22-14-25-04.ids_4__vp4__ann19__ch2.jpg,steering_wheel,4,vp4/run2_2018-05-22-14-25-04.ids_4,19,2,drinking,bottle_or_cup,train,train,17715
steering_wheel__run1_2018-05-23-10-21-45.ids_4__vp6__ann90__ch0.jpg,steering_wheel,6,vp6/run1_2018-05-23-10-21-45.ids_4,90,0,drinking,bottle_or_cup,train,train,46611
steering_wheel__run1_2018-05-23-10-21-45.ids_4__vp6__ann90__ch1.jpg,steering_wheel,6,vp6/run1_2018-05-23-10-21-45.ids_4,90,1,drinking,bottle_or_cup,train,train,46690
steering_wheel__run2_2018-05-23-11-05-00.ids_4__vp6__ann34__ch0.jpg,steering_wheel,6,vp6/run2_2018-05-23-11-05-00.ids_4,34,0,drinking,bottle_or_cup,train,train,17553
steering_wheel__run2_2018-05-23-11-05-00.ids_4__vp6__ann34__ch1.jpg,steering_wheel,6,vp6/run2_2018-05-23-11-05-00.ids_4,34,1,drinking,bottle_or_cup,train,train,17644
steering_wheel__run2_2018-05-23-11-05-00.ids_4__vp6__ann34__ch2.jpg,steering_wheel,6,vp6/run2_2018-05-23-11-05-00.ids_4,34,2,drinking,bottle_or_cup,train,train,17711
steering_wheel__run2_2018-05-23-11-05-00.ids_4__vp6__ann49__ch0.jpg,steering_wheel,6,vp6/run2_2018-05-23-11-05-00.ids_4,49,0,drinking,bottle_or_cup,train,train,26404
steering_wheel__run2_2018-05-23-11-05-00.ids_4__vp6__ann49__ch1.jpg,steering_wheel,6,vp6/run2_2018-05-23-11-05-00.ids_4,49,1,drinking,bottle_or_cup,train,train,26461
steering_wheel__run1_2018-05-23-13-16-52.ids_4__vp7__ann16__ch0.jpg,steering_wheel,7,vp7/run1_2018-05-23-13-16-52.ids_4,16,0,drinking,bottle_or_cup,val,train,10377
steering_wheel__run1_2018-05-23-13-16-52.ids_4__vp7__ann16__ch1.jpg,steering_wheel,7,vp7/run1_2018-05-23-13-16-52.ids_4,16,1,drinking,bottle_or_cup,val,train,10470
steering_wheel__run1_2018-05-23-13-16-52.ids_4__vp7__ann16__ch2.jpg,steering_wheel,7,vp7/run1_2018-05-23-13-16-52.ids_4,16,2,drinking,bottle_or_cup,val,train,10563
steering_wheel__run1_2018-05-23-13-16-52.ids_4__vp7__ann16__ch3.jpg,steering_wheel,7,vp7/run1_2018-05-23-13-16-52.ids_4,16,3,drinking,bottle_or_cup,val,train,10644
steering_wheel__run1_2018-05-23-13-16-52.ids_4__vp7__ann84__ch0.jpg,steering_wheel,7,vp7/run1_2018-05-23-13-16-52.ids_4,84,0,drinking,bottle_or_cup,val,train,28070
steering_wheel__run1_2018-05-23-13-16-52.ids_4__vp7__ann84__ch1.jpg,steering_wheel,7,vp7/run1_2018-05-23-13-16-52.ids_4,84,1,drinking,bottle_or_cup,val,train,28163
steering_wheel__run1_2018-05-23-13-16-52.ids_4__vp7__ann84__ch2.jpg,steering_wheel,7,vp7/run1_2018-05-23-13-16-52.ids_4,84,2,drinking,bottle_or_cup,val,train,28244
steering_wheel__run2b_2018-05-23-13-54-07.ids_4__vp7__ann37__ch0.jpg,steering_wheel,7,vp7/run2b_2018-05-23-13-54-07.ids_4,37,0,drinking,bottle_or_cup,val,train,14919
steering_wheel__run2b_2018-05-23-13-54-07.ids_4__vp7__ann37__ch1.jpg,steering_wheel,7,vp7/run2b_2018-05-23-13-54-07.ids_4,37,1,drinking,bottle_or_cup,val,train,15014
steering_wheel__run2b_2018-05-23-13-54-07.ids_4__vp7__ann37__ch2.jpg,steering_wheel,7,vp7/run2b_2018-05-23-13-54-07.ids_4,37,2,drinking,bottle_or_cup,val,train,15110
steering_wheel__run2b_2018-05-23-13-54-07.ids_4__vp7__ann37__ch3.jpg,steering_wheel,7,vp7/run2b_2018-05-23-13-54-07.ids_4,37,3,drinking,bottle_or_cup,val,train,15204
steering_wheel__run2b_2018-05-23-13-54-07.ids_4__vp7__ann37__ch4.jpg,steering_wheel,7,vp7/run2b_2018-05-23-13-54-07.ids_4,37,4,drinking,bottle_or_cup,val,train,15290
steering_wheel__run1d_2018-05-23-14-54-38.ids_4__vp8__ann65__ch0.jpg,steering_wheel,8,vp8/run1d_2018-05-23-14-54-38.ids_4,65,0,drinking,bottle_or_cup,val,train,33226
steering_wheel__run1d_2018-05-23-14-54-38.ids_4__vp8__ann65__ch1.jpg,steering_wheel,8,vp8/run1d_2018-05-23-14-54-38.ids_4,65,1,drinking,bottle_or_cup,val,train,33315
steering_wheel__run1d_2018-05-23-14-54-38.ids_4__vp8__ann65__ch2.jpg,steering_wheel,8,vp8/run1d_2018-05-23-14-54-38.ids_4,65,2,drinking,bottle_or_cup,val,train,33398
steering_wheel__run1d_2018-05-23-14-54-38.ids_4__vp8__ann86__ch0.jpg,steering_wheel,8,vp8/run1d_2018-05-23-14-54-38.ids_4,86,0,drinking,bottle_or_cup,val,train,41240
steering_wheel__run1d_2018-05-23-14-54-38.ids_4__vp8__ann86__ch1.jpg,steering_wheel,8,vp8/run1d_2018-05-23-14-54-38.ids_4,86,1,drinking,bottle_or_cup,val,train,41331
steering_wheel__run1d_2018-05-23-14-54-38.ids_4__vp8__ann86__ch2.jpg,steering_wheel,8,vp8/run1d_2018-05-23-14-54-38.ids_4,86,2,drinking,bottle_or_cup,val,train,41421
steering_wheel__run1d_2018-05-23-14-54-38.ids_4__vp8__ann86__ch3.jpg,steering_wheel,8,vp8/run1d_2018-05-23-14-54-38.ids_4,86,3,drinking,bottle_or_cup,val,train,41506
steering_wheel__run2_2018-05-23-15-30-27.ids_4__vp8__ann21__ch0.jpg,steering_wheel,8,vp8/run2_2018-05-23-15-30-27.ids_4,21,0,drinking,bottle_or_cup,val,train,9102
steering_wheel__run2_2018-05-23-15-30-27.ids_4__vp8__ann21__ch1.jpg,steering_wheel,8,vp8/run2_2018-05-23-15-30-27.ids_4,21,1,drinking,bottle_or_cup,val,train,9192
steering_wheel__run2_2018-05-23-15-30-27.ids_4__vp8__ann21__ch2.jpg,steering_wheel,8,vp8/run2_2018-05-23-15-30-27.ids_4,21,2,drinking,bottle_or_cup,val,train,9243
steering_wheel__run1b_2018-05-23-16-19-17.ids_4__vp9__ann13__ch0.jpg,steering_wheel,9,vp9/run1b_2018-05-23-16-19-17.ids_4,13,0,drinking,bottle_or_cup,test,train,8312
steering_wheel__run1b_2018-05-23-16-19-17.ids_4__vp9__ann13__ch1.jpg,steering_wheel,9,vp9/run1b_2018-05-23-16-19-17.ids_4,13,1,drinking,bottle_or_cup,test,train,8361
steering_wheel__run1b_2018-05-23-16-19-17.ids_4__vp9__ann18__ch0.jpg,steering_wheel,9,vp9/run1b_2018-05-23-16-19-17.ids_4,18,0,drinking,bottle_or_cup,test,train,9189
steering_wheel__run1b_2018-05-23-16-19-17.ids_4__vp9__ann18__ch1.jpg,steering_wheel,9,vp9/run1b_2018-05-23-16-19-17.ids_4,18,1,drinking,bottle_or_cup,test,train,9241
steering_wheel__run1b_2018-05-23-16-19-17.ids_4__vp9__ann91__ch0.jpg,steering_wheel,9,vp9/run1b_2018-05-23-16-19-17.ids_4,91,0,drinking,bottle_or_cup,test,train,23358
steering_wheel__run1b_2018-05-23-16-19-17.ids_4__vp9__ann91__ch1.jpg,steering_wheel,9,vp9/run1b_2018-05-23-16-19-17.ids_4,91,1,drinking,bottle_or_cup,test,train,23448
steering_wheel__run1b_2018-05-23-16-19-17.ids_4__vp9__ann91__ch2.jpg,steering_wheel,9,vp9/run1b_2018-05-23-16-19-17.ids_4,91,2,drinking,bottle_or_cup,test,train,23538
steering_wheel__run1b_2018-05-23-16-19-17.ids_4__vp9__ann91__ch3.jpg,steering_wheel,9,vp9/run1b_2018-05-23-16-19-17.ids_4,91,3,drinking,bottle_or_cup,test,train,23621
steering_wheel__run1_2018-05-24-13-14-41.ids_4__vp10__ann12__ch0.jpg,steering_wheel,10,vp10/run1_2018-05-24-13-14-41.ids_4,12,0,drinking,bottle_or_cup,train,train,9233
steering_wheel__run1_2018-05-24-13-14-41.ids_4__vp10__ann29__ch0.jpg,steering_wheel,10,vp10/run1_2018-05-24-13-14-41.ids_4,29,0,drinking,bottle_or_cup,train,train,11994
steering_wheel__run1_2018-05-24-13-14-41.ids_4__vp10__ann46__ch0.jpg,steering_wheel,10,vp10/run1_2018-05-24-13-14-41.ids_4,46,0,drinking,bottle_or_cup,train,train,15440
steering_wheel__run1_2018-05-24-13-14-41.ids_4__vp10__ann103__ch0.jpg,steering_wheel,10,vp10/run1_2018-05-24-13-14-41.ids_4,103,0,drinking,bottle_or_cup,train,train,36959
steering_wheel__run2_2018-05-24-14-08-46.ids_4__vp10__ann95__ch0.jpg,steering_wheel,10,vp10/run2_2018-05-24-14-08-46.ids_4,95,0,drinking,bottle_or_cup,train,train,34064
steering_wheel__run2_2018-05-24-14-08-46.ids_4__vp10__ann95__ch1.jpg,steering_wheel,10,vp10/run2_2018-05-24-14-08-46.ids_4,95,1,drinking,bottle_or_cup,train,train,34122
steering_wheel__run1_2018-05-24-15-44-28.ids_4__vp12__ann36__ch0.jpg,steering_wheel,12,vp12/run1_2018-05-24-15-44-28.ids_4,36,0,drinking,bottle_or_cup,train,train,17493
steering_wheel__run1_2018-05-24-15-44-28.ids_4__vp12__ann36__ch1.jpg,steering_wheel,12,vp12/run1_2018-05-24-15-44-28.ids_4,36,1,drinking,bottle_or_cup,train,train,17582
steering_wheel__run1_2018-05-24-15-44-28.ids_4__vp12__ann36__ch2.jpg,steering_wheel,12,vp12/run1_2018-05-24-15-44-28.ids_4,36,2,drinking,bottle_or_cup,train,train,17658
steering_wheel__run1_2018-05-24-15-44-28.ids_4__vp12__ann70__ch0.jpg,steering_wheel,12,vp12/run1_2018-05-24-15-44-28.ids_4,70,0,drinking,bottle_or_cup,train,train,31261
steering_wheel__run1_2018-05-24-15-44-28.ids_4__vp12__ann70__ch1.jpg,steering_wheel,12,vp12/run1_2018-05-24-15-44-28.ids_4,70,1,drinking,bottle_or_cup,train,train,31352
steering_wheel__run1_2018-05-24-15-44-28.ids_4__vp12__ann70__ch2.jpg,steering_wheel,12,vp12/run1_2018-05-24-15-44-28.ids_4,70,2,drinking,bottle_or_cup,train,train,31415
steering_wheel__run2_2018-05-24-16-21-35.ids_4__vp12__ann7__ch0.jpg,steering_wheel,12,vp12/run2_2018-05-24-16-21-35.ids_4,7,0,drinking,bottle_or_cup,train,train,7674
steering_wheel__run2_2018-05-24-16-21-35.ids_4__vp12__ann7__ch1.jpg,steering_wheel,12,vp12/run2_2018-05-24-16-21-35.ids_4,7,1,drinking,bottle_or_cup,train,train,7765
steering_wheel__run2_2018-05-24-16-21-35.ids_4__vp12__ann7__ch2.jpg,steering_wheel,12,vp12/run2_2018-05-24-16-21-35.ids_4,7,2,drinking,bottle_or_cup,train,train,7835
steering_wheel__run2_2018-05-24-16-21-35.ids_4__vp12__ann27__ch0.jpg,steering_wheel,12,vp12/run2_2018-05-24-16-21-35.ids_4,27,0,drinking,bottle_or_cup,train,train,12458
steering_wheel__run2_2018-05-24-16-21-35.ids_4__vp12__ann27__ch1.jpg,steering_wheel,12,vp12/run2_2018-05-24-16-21-35.ids_4,27,1,drinking,bottle_or_cup,train,train,12549
steering_wheel__run2_2018-05-24-16-21-35.ids_4__vp12__ann27__ch2.jpg,steering_wheel,12,vp12/run2_2018-05-24-16-21-35.ids_4,27,2,drinking,bottle_or_cup,train,train,12640
steering_wheel__run2_2018-05-24-16-21-35.ids_4__vp12__ann27__ch3.jpg,steering_wheel,12,vp12/run2_2018-05-24-16-21-35.ids_4,27,3,drinking,bottle_or_cup,train,train,12730
steering_wheel__run2_2018-05-24-16-21-35.ids_4__vp12__ann27__ch4.jpg,steering_wheel,12,vp12/run2_2018-05-24-16-21-35.ids_4,27,4,drinking,bottle_or_cup,train,train,12819
steering_wheel__run2_2018-05-24-16-21-35.ids_4__vp12__ann27__ch5.jpg,steering_wheel,12,vp12/run2_2018-05-24-16-21-35.ids_4,27,5,drinking,bottle_or_cup,train,train,12910
steering_wheel__run2_2018-05-24-16-21-35.ids_4__vp12__ann27__ch6.jpg,steering_wheel,12,vp12/run2_2018-05-24-16-21-35.ids_4,27,6,drinking,bottle_or_cup,train,train,12980
steering_wheel__run2_2018-05-24-16-21-35.ids_4__vp12__ann79__ch0.jpg,steering_wheel,12,vp12/run2_2018-05-24-16-21-35.ids_4,79,0,drinking,bottle_or_cup,train,train,32334
steering_wheel__run2_2018-05-24-16-21-35.ids_4__vp12__ann79__ch1.jpg,steering_wheel,12,vp12/run2_2018-05-24-16-21-35.ids_4,79,1,drinking,bottle_or_cup,train,train,32424
steering_wheel__run2_2018-05-24-16-21-35.ids_4__vp12__ann79__ch2.jpg,steering_wheel,12,vp12/run2_2018-05-24-16-21-35.ids_4,79,2,drinking,bottle_or_cup,train,train,32506
steering_wheel__run2_2018-05-24-16-21-35.ids_4__vp12__ann88__ch0.jpg,steering_wheel,12,vp12/run2_2018-05-24-16-21-35.ids_4,88,0,drinking,bottle_or_cup,train,train,35476
steering_wheel__run2_2018-05-24-16-21-35.ids_4__vp12__ann88__ch1.jpg,steering_wheel,12,vp12/run2_2018-05-24-16-21-35.ids_4,88,1,drinking,bottle_or_cup,train,train,35566
steering_wheel__run2_2018-05-24-16-21-35.ids_4__vp12__ann88__ch2.jpg,steering_wheel,12,vp12/run2_2018-05-24-16-21-35.ids_4,88,2,drinking,bottle_or_cup,train,train,35656
steering_wheel__run2_2018-05-24-16-21-35.ids_4__vp12__ann88__ch3.jpg,steering_wheel,12,vp12/run2_2018-05-24-16-21-35.ids_4,88,3,drinking,bottle_or_cup,train,train,35730
steering_wheel__run2_2018-05-24-16-21-35.ids_4__vp12__ann103__ch0.jpg,steering_wheel,12,vp12/run2_2018-05-24-16-21-35.ids_4,103,0,drinking,bottle_or_cup,train,train,41451
steering_wheel__run2_2018-05-24-16-21-35.ids_4__vp12__ann103__ch1.jpg,steering_wheel,12,vp12/run2_2018-05-24-16-21-35.ids_4,103,1,drinking,bottle_or_cup,train,train,41525
steering_wheel__run1_2018-05-30-10-11-09.ids_4__vp14__ann20__ch0.jpg,steering_wheel,14,vp14/run1_2018-05-30-10-11-09.ids_4,20,0,drinking,bottle_or_cup,test,val,11744
steering_wheel__run1_2018-05-30-10-11-09.ids_4__vp14__ann20__ch1.jpg,steering_wheel,14,vp14/run1_2018-05-30-10-11-09.ids_4,20,1,drinking,bottle_or_cup,test,val,11833
steering_wheel__run1_2018-05-30-10-11-09.ids_4__vp14__ann20__ch2.jpg,steering_wheel,14,vp14/run1_2018-05-30-10-11-09.ids_4,20,2,drinking,bottle_or_cup,test,val,11881
steering_wheel__run1_2018-05-30-10-11-09.ids_4__vp14__ann53__ch0.jpg,steering_wheel,14,vp14/run1_2018-05-30-10-11-09.ids_4,53,0,drinking,bottle_or_cup,test,val,23942
steering_wheel__run1_2018-05-30-10-11-09.ids_4__vp14__ann53__ch1.jpg,steering_wheel,14,vp14/run1_2018-05-30-10-11-09.ids_4,53,1,drinking,bottle_or_cup,test,val,23996
steering_wheel__run2_2018-05-30-10-42-33.ids_4__vp14__ann11__ch0.jpg,steering_wheel,14,vp14/run2_2018-05-30-10-42-33.ids_4,11,0,drinking,bottle_or_cup,test,val,7551
steering_wheel__run2_2018-05-30-10-42-33.ids_4__vp14__ann11__ch1.jpg,steering_wheel,14,vp14/run2_2018-05-30-10-42-33.ids_4,11,1,drinking,bottle_or_cup,test,val,7621
steering_wheel__run2_2018-05-30-10-42-33.ids_4__vp14__ann82__ch0.jpg,steering_wheel,14,vp14/run2_2018-05-30-10-42-33.ids_4,82,0,drinking,bottle_or_cup,test,val,32291
steering_wheel__run2_2018-05-30-10-42-33.ids_4__vp14__ann82__ch1.jpg,steering_wheel,14,vp14/run2_2018-05-30-10-42-33.ids_4,82,1,drinking,bottle_or_cup,test,val,32367
steering_wheel__run2_2018-05-30-10-42-33.ids_4__vp14__ann100__ch0.jpg,steering_wheel,14,vp14/run2_2018-05-30-10-42-33.ids_4,100,0,drinking,bottle_or_cup,test,val,40096
steering_wheel__run2_2018-05-30-10-42-33.ids_4__vp14__ann100__ch1.jpg,steering_wheel,14,vp14/run2_2018-05-30-10-42-33.ids_4,100,1,drinking,bottle_or_cup,test,val,40186
steering_wheel__run2_2018-05-30-10-42-33.ids_4__vp14__ann100__ch2.jpg,steering_wheel,14,vp14/run2_2018-05-30-10-42-33.ids_4,100,2,drinking,bottle_or_cup,test,val,40276
steering_wheel__run2_2018-05-30-10-42-33.ids_4__vp14__ann100__ch3.jpg,steering_wheel,14,vp14/run2_2018-05-30-10-42-33.ids_4,100,3,drinking,bottle_or_cup,test,val,40342
steering_wheel__run1_2018-05-30-13-05-35.ids_4__vp15__ann16__ch0.jpg,steering_wheel,15,vp15/run1_2018-05-30-13-05-35.ids_4,16,0,drinking,bottle_or_cup,train,val,9008
steering_wheel__run1_2018-05-30-13-05-35.ids_4__vp15__ann16__ch1.jpg,steering_wheel,15,vp15/run1_2018-05-30-13-05-35.ids_4,16,1,drinking,bottle_or_cup,train,val,9063
steering_wheel__run1_2018-05-30-13-05-35.ids_4__vp15__ann20__ch0.jpg,steering_wheel,15,vp15/run1_2018-05-30-13-05-35.ids_4,20,0,drinking,bottle_or_cup,train,val,9970
steering_wheel__run1_2018-05-30-13-05-35.ids_4__vp15__ann20__ch1.jpg,steering_wheel,15,vp15/run1_2018-05-30-13-05-35.ids_4,20,1,drinking,bottle_or_cup,train,val,10021
steering_wheel__run1_2018-05-30-13-05-35.ids_4__vp15__ann78__ch0.jpg,steering_wheel,15,vp15/run1_2018-05-30-13-05-35.ids_4,78,0,drinking,bottle_or_cup,train,val,20375
steering_wheel__run1_2018-05-30-13-05-35.ids_4__vp15__ann78__ch1.jpg,steering_wheel,15,vp15/run1_2018-05-30-13-05-35.ids_4,78,1,drinking,bottle_or_cup,train,val,20452
steering_wheel__run2_2018-05-30-13-34-33.ids_4__vp15__ann23__ch0.jpg,steering_wheel,15,vp15/run2_2018-05-30-13-34-33.ids_4,23,0,drinking,bottle_or_cup,train,val,11439
steering_wheel__run2_2018-05-30-13-34-33.ids_4__vp15__ann23__ch1.jpg,steering_wheel,15,vp15/run2_2018-05-30-13-34-33.ids_4,23,1,drinking,bottle_or_cup,train,val,11498
steering_wheel__run2_2018-05-30-13-34-33.ids_4__vp15__ann34__ch0.jpg,steering_wheel,15,vp15/run2_2018-05-30-13-34-33.ids_4,34,0,drinking,bottle_or_cup,train,val,12859
steering_wheel__run1_2018-05-22-15-10-41.ids_4__vp5__ann35__ch0.jpg,steering_wheel,5,vp5/run1_2018-05-22-15-10-41.ids_4,35,0,drinking,bottle_or_cup,train,test,18822
steering_wheel__run1_2018-05-22-15-10-41.ids_4__vp5__ann35__ch1.jpg,steering_wheel,5,vp5/run1_2018-05-22-15-10-41.ids_4,35,1,drinking,bottle_or_cup,train,test,18911
steering_wheel__run1_2018-05-22-15-10-41.ids_4__vp5__ann35__ch2.jpg,steering_wheel,5,vp5/run1_2018-05-22-15-10-41.ids_4,35,2,drinking,bottle_or_cup,train,test,18971
steering_wheel__run2b_2018-05-22-15-50-07.ids_4__vp5__ann72__ch0.jpg,steering_wheel,5,vp5/run2b_2018-05-22-15-50-07.ids_4,72,0,drinking,bottle_or_cup,train,test,27468
steering_wheel__run2b_2018-05-22-15-50-07.ids_4__vp5__ann72__ch1.jpg,steering_wheel,5,vp5/run2b_2018-05-22-15-50-07.ids_4,72,1,drinking,bottle_or_cup,train,test,27538
steering_wheel__run2b_2018-05-22-15-50-07.ids_4__vp5__ann79__ch0.jpg,steering_wheel,5,vp5/run2b_2018-05-22-15-50-07.ids_4,79,0,drinking,bottle_or_cup,train,test,29117
steering_wheel__run2b_2018-05-22-15-50-07.ids_4__vp5__ann79__ch1.jpg,steering_wheel,5,vp5/run2b_2018-05-22-15-50-07.ids_4,79,1,drinking,bottle_or_cup,train,test,29188
steering_wheel__run1_2018-05-24-13-44-01.ids_4__vp11__ann44__ch0.jpg,steering_wheel,11,vp11/run1_2018-05-24-13-44-01.ids_4,44,0,drinking,bottle_or_cup,train,test,20530
steering_wheel__run1_2018-05-24-13-44-01.ids_4__vp11__ann47__ch0.jpg,steering_wheel,11,vp11/run1_2018-05-24-13-44-01.ids_4,47,0,drinking,bottle_or_cup,train,test,20704
steering_wheel__run1_2018-05-24-13-44-01.ids_4__vp11__ann77__ch0.jpg,steering_wheel,11,vp11/run1_2018-05-24-13-44-01.ids_4,77,0,drinking,bottle_or_cup,train,test,30289
steering_wheel__run2_2018-05-24-14-35-56.ids_4__vp11__ann14__ch0.jpg,steering_wheel,11,vp11/run2_2018-05-24-14-35-56.ids_4,14,0,drinking,bottle_or_cup,train,test,6477
steering_wheel__run2_2018-05-24-14-35-56.ids_4__vp11__ann14__ch1.jpg,steering_wheel,11,vp11/run2_2018-05-24-14-35-56.ids_4,14,1,drinking,bottle_or_cup,train,test,6529
steering_wheel__run2_2018-05-24-14-35-56.ids_4__vp11__ann45__ch0.jpg,steering_wheel,11,vp11/run2_2018-05-24-14-35-56.ids_4,45,0,drinking,bottle_or_cup,train,test,12718
steering_wheel__run2_2018-05-24-14-35-56.ids_4__vp11__ann66__ch0.jpg,steering_wheel,11,vp11/run2_2018-05-24-14-35-56.ids_4,66,0,drinking,bottle_or_cup,train,test,17008
steering_wheel__run2_2018-05-24-14-35-56.ids_4__vp11__ann66__ch1.jpg,steering_wheel,11,vp11/run2_2018-05-24-14-35-56.ids_4,66,1,drinking,bottle_or_cup,train,test,17057
steering_wheel__run1_2018-05-29-15-21-10.ids_4__vp13__ann46__ch0.jpg,steering_wheel,13,vp13/run1_2018-05-29-15-21-10.ids_4,46,0,drinking,bottle_or_cup,train,test,25179
steering_wheel__run1_2018-05-29-15-21-10.ids_4__vp13__ann46__ch1.jpg,steering_wheel,13,vp13/run1_2018-05-29-15-21-10.ids_4,46,1,drinking,bottle_or_cup,train,test,25269
steering_wheel__run1_2018-05-29-15-21-10.ids_4__vp13__ann46__ch2.jpg,steering_wheel,13,vp13/run1_2018-05-29-15-21-10.ids_4,46,2,drinking,bottle_or_cup,train,test,25360
steering_wheel__run1_2018-05-29-15-21-10.ids_4__vp13__ann46__ch3.jpg,steering_wheel,13,vp13/run1_2018-05-29-15-21-10.ids_4,46,3,drinking,bottle_or_cup,train,test,25450
steering_wheel__run1_2018-05-29-15-21-10.ids_4__vp13__ann46__ch4.jpg,steering_wheel,13,vp13/run1_2018-05-29-15-21-10.ids_4,46,4,drinking,bottle_or_cup,train,test,25498
steering_wheel__run2_2018-05-30-11-34-54.ids_4__vp13__ann56__ch0.jpg,steering_wheel,13,vp13/run2_2018-05-30-11-34-54.ids_4,56,0,drinking,bottle_or_cup,train,test,24257
steering_wheel__run2_2018-05-30-11-34-54.ids_4__vp13__ann56__ch1.jpg,steering_wheel,13,vp13/run2_2018-05-30-11-34-54.ids_4,56,1,drinking,bottle_or_cup,train,test,24349
steering_wheel__run2_2018-05-30-11-34-54.ids_4__vp13__ann56__ch2.jpg,steering_wheel,13,vp13/run2_2018-05-30-11-34-54.ids_4,56,2,drinking,bottle_or_cup,train,test,24440
steering_wheel__run2_2018-05-30-11-34-54.ids_4__vp13__ann56__ch3.jpg,steering_wheel,13,vp13/run2_2018-05-30-11-34-54.ids_4,56,3,drinking,bottle_or_cup,train,test,24525
a_column_driver__run1b_2018-05-29-14-02-47.ids_5__vp1__ann38__ch0.jpg,a_column_driver,1,vp1/run1b_2018-05-29-14-02-47.ids_5,38,0,drinking,bottle_or_cup,train,train,12503
a_column_driver__run1b_2018-05-29-14-02-47.ids_5__vp1__ann38__ch1.jpg,a_column_driver,1,vp1/run1b_2018-05-29-14-02-47.ids_5,38,1,drinking,bottle_or_cup,train,train,12593
a_column_driver__run1b_2018-05-29-14-02-47.ids_5__vp1__ann38__ch2.jpg,a_column_driver,1,vp1/run1b_2018-05-29-14-02-47.ids_5,38,2,drinking,bottle_or_cup,train,train,12642
a_column_driver__run1b_2018-05-29-14-02-47.ids_5__vp1__ann55__ch0.jpg,a_column_driver,1,vp1/run1b_2018-05-29-14-02-47.ids_5,55,0,drinking,bottle_or_cup,train,train,16781
a_column_driver__run1b_2018-05-29-14-02-47.ids_5__vp1__ann55__ch1.jpg,a_column_driver,1,vp1/run1b_2018-05-29-14-02-47.ids_5,55,1,drinking,bottle_or_cup,train,train,16870
a_column_driver__run1b_2018-05-29-14-02-47.ids_5__vp1__ann55__ch2.jpg,a_column_driver,1,vp1/run1b_2018-05-29-14-02-47.ids_5,55,2,drinking,bottle_or_cup,train,train,16953
a_column_driver__run1b_2018-05-29-14-02-47.ids_5__vp1__ann99__ch0.jpg,a_column_driver,1,vp1/run1b_2018-05-29-14-02-47.ids_5,99,0,drinking,bottle_or_cup,train,train,26844
a_column_driver__run1b_2018-05-29-14-02-47.ids_5__vp1__ann99__ch1.jpg,a_column_driver,1,vp1/run1b_2018-05-29-14-02-47.ids_5,99,1,drinking,bottle_or_cup,train,train,26924
a_column_driver__run1b_2018-05-29-14-02-47.ids_5__vp1__ann114__ch0.jpg,a_column_driver,1,vp1/run1b_2018-05-29-14-02-47.ids_5,114,0,drinking,bottle_or_cup,train,train,29190
a_column_driver__run1b_2018-05-29-14-02-47.ids_5__vp1__ann114__ch1.jpg,a_column_driver,1,vp1/run1b_2018-05-29-14-02-47.ids_5,114,1,drinking,bottle_or_cup,train,train,29262
a_column_driver__run2_2018-05-29-14-33-44.ids_5__vp1__ann46__ch0.jpg,a_column_driver,1,vp1/run2_2018-05-29-14-33-44.ids_5,46,0,drinking,bottle_or_cup,train,train,21283
a_column_driver__run2_2018-05-29-14-33-44.ids_5__vp1__ann46__ch1.jpg,a_column_driver,1,vp1/run2_2018-05-29-14-33-44.ids_5,46,1,drinking,bottle_or_cup,train,train,21373
a_column_driver__run2_2018-05-29-14-33-44.ids_5__vp1__ann46__ch2.jpg,a_column_driver,1,vp1/run2_2018-05-29-14-33-44.ids_5,46,2,drinking,bottle_or_cup,train,train,21432
a_column_driver__run1_2018-05-03-14-08-31.ids_5__vp2__ann75__ch0.jpg,a_column_driver,2,vp2/run1_2018-05-03-14-08-31.ids_5,75,0,drinking,bottle_or_cup,train,train,40540
a_column_driver__run1_2018-05-03-14-08-31.ids_5__vp2__ann75__ch1.jpg,a_column_driver,2,vp2/run1_2018-05-03-14-08-31.ids_5,75,1,drinking,bottle_or_cup,train,train,40630
a_column_driver__run1_2018-05-03-14-08-31.ids_5__vp2__ann75__ch2.jpg,a_column_driver,2,vp2/run1_2018-05-03-14-08-31.ids_5,75,2,drinking,bottle_or_cup,train,train,40685
a_column_driver__run2_2018-05-24-17-22-26.ids_5__vp2__ann42__ch0.jpg,a_column_driver,2,vp2/run2_2018-05-24-17-22-26.ids_5,42,0,drinking,bottle_or_cup,train,train,21323
a_column_driver__run2_2018-05-24-17-22-26.ids_5__vp2__ann42__ch1.jpg,a_column_driver,2,vp2/run2_2018-05-24-17-22-26.ids_5,42,1,drinking,bottle_or_cup,train,train,21413
a_column_driver__run1b_2018-05-08-08-46-01.ids_5__vp3__ann76__ch0.jpg,a_column_driver,3,vp3/run1b_2018-05-08-08-46-01.ids_5,76,0,drinking,bottle_or_cup,train,train,31702
a_column_driver__run1b_2018-05-08-08-46-01.ids_5__vp3__ann76__ch1.jpg,a_column_driver,3,vp3/run1b_2018-05-08-08-46-01.ids_5,76,1,drinking,bottle_or_cup,train,train,31783
a_column_driver__run1b_2018-05-08-08-46-01.ids_5__vp3__ann85__ch0.jpg,a_column_driver,3,vp3/run1b_2018-05-08-08-46-01.ids_5,85,0,drinking,bottle_or_cup,train,train,33742
a_column_driver__run1b_2018-05-08-08-46-01.ids_5__vp3__ann85__ch1.jpg,a_column_driver,3,vp3/run1b_2018-05-08-08-46-01.ids_5,85,1,drinking,bottle_or_cup,train,train,33832
a_column_driver__run1b_2018-05-08-08-46-01.ids_5__vp3__ann85__ch2.jpg,a_column_driver,3,vp3/run1b_2018-05-08-08-46-01.ids_5,85,2,drinking,bottle_or_cup,train,train,33921
a_column_driver__run1b_2018-05-08-08-46-01.ids_5__vp3__ann85__ch3.jpg,a_column_driver,3,vp3/run1b_2018-05-08-08-46-01.ids_5,85,3,drinking,bottle_or_cup,train,train,34011
a_column_driver__run1b_2018-05-08-08-46-01.ids_5__vp3__ann85__ch4.jpg,a_column_driver,3,vp3/run1b_2018-05-08-08-46-01.ids_5,85,4,drinking,bottle_or_cup,train,train,34102
a_column_driver__run1b_2018-05-08-08-46-01.ids_5__vp3__ann85__ch5.jpg,a_column_driver,3,vp3/run1b_2018-05-08-08-46-01.ids_5,85,5,drinking,bottle_or_cup,train,train,34192
a_column_driver__run1b_2018-05-08-08-46-01.ids_5__vp3__ann85__ch6.jpg,a_column_driver,3,vp3/run1b_2018-05-08-08-46-01.ids_5,85,6,drinking,bottle_or_cup,train,train,34283
a_column_driver__run1b_2018-05-08-08-46-01.ids_5__vp3__ann85__ch7.jpg,a_column_driver,3,vp3/run1b_2018-05-08-08-46-01.ids_5,85,7,drinking,bottle_or_cup,train,train,34343
a_column_driver__run1b_2018-05-08-08-46-01.ids_5__vp3__ann88__ch0.jpg,a_column_driver,3,vp3/run1b_2018-05-08-08-46-01.ids_5,88,0,drinking,bottle_or_cup,train,train,34535
a_column_driver__run1b_2018-05-08-08-46-01.ids_5__vp3__ann88__ch1.jpg,a_column_driver,3,vp3/run1b_2018-05-08-08-46-01.ids_5,88,1,drinking,bottle_or_cup,train,train,34599
a_column_driver__run1b_2018-05-08-08-46-01.ids_5__vp3__ann92__ch0.jpg,a_column_driver,3,vp3/run1b_2018-05-08-08-46-01.ids_5,92,0,drinking,bottle_or_cup,train,train,35427
a_column_driver__run1b_2018-05-08-08-46-01.ids_5__vp3__ann92__ch1.jpg,a_column_driver,3,vp3/run1b_2018-05-08-08-46-01.ids_5,92,1,drinking,bottle_or_cup,train,train,35477
a_column_driver__run1b_2018-05-08-08-46-01.ids_5__vp3__ann93__ch0.jpg,a_column_driver,3,vp3/run1b_2018-05-08-08-46-01.ids_5,93,0,drinking,bottle_or_cup,train,train,36003
a_column_driver__run1b_2018-05-08-08-46-01.ids_5__vp3__ann93__ch1.jpg,a_column_driver,3,vp3/run1b_2018-05-08-08-46-01.ids_5,93,1,drinking,bottle_or_cup,train,train,36070
a_column_driver__run1b_2018-05-08-08-46-01.ids_5__vp3__ann96__ch0.jpg,a_column_driver,3,vp3/run1b_2018-05-08-08-46-01.ids_5,96,0,drinking,bottle_or_cup,train,train,36744
a_column_driver__run1b_2018-05-08-08-46-01.ids_5__vp3__ann104__ch0.jpg,a_column_driver,3,vp3/run1b_2018-05-08-08-46-01.ids_5,104,0,drinking,bottle_or_cup,train,train,38212
a_column_driver__run1b_2018-05-08-08-46-01.ids_5__vp3__ann104__ch1.jpg,a_column_driver,3,vp3/run1b_2018-05-08-08-46-01.ids_5,104,1,drinking,bottle_or_cup,train,train,38267
a_column_driver__run2_2018-05-29-16-03-37.ids_5__vp3__ann82__ch0.jpg,a_column_driver,3,vp3/run2_2018-05-29-16-03-37.ids_5,82,0,drinking,bottle_or_cup,train,train,30842
a_column_driver__run2_2018-05-29-16-03-37.ids_5__vp3__ann82__ch1.jpg,a_column_driver,3,vp3/run2_2018-05-29-16-03-37.ids_5,82,1,drinking,bottle_or_cup,train,train,30901
a_column_driver__run1_2018-05-22-13-28-51.ids_5__vp4__ann29__ch0.jpg,a_column_driver,4,vp4/run1_2018-05-22-13-28-51.ids_5,29,0,drinking,bottle_or_cup,train,train,17750
a_column_driver__run1_2018-05-22-13-28-51.ids_5__vp4__ann29__ch1.jpg,a_column_driver,4,vp4/run1_2018-05-22-13-28-51.ids_5,29,1,drinking,bottle_or_cup,train,train,17840
a_column_driver__run1_2018-05-22-13-28-51.ids_5__vp4__ann29__ch2.jpg,a_column_driver,4,vp4/run1_2018-05-22-13-28-51.ids_5,29,2,drinking,bottle_or_cup,train,train,17930
a_column_driver__run2_2018-05-22-14-25-04.ids_5__vp4__ann19__ch0.jpg,a_column_driver,4,vp4/run2_2018-05-22-14-25-04.ids_5,19,0,drinking,bottle_or_cup,train,train,17515
a_column_driver__run2_2018-05-22-14-25-04.ids_5__vp4__ann19__ch1.jpg,a_column_driver,4,vp4/run2_2018-05-22-14-25-04.ids_5,19,1,drinking,bottle_or_cup,train,train,17605
a_column_driver__run2_2018-05-22-14-25-04.ids_5__vp4__ann19__ch2.jpg,a_column_driver,4,vp4/run2_2018-05-22-14-25-04.ids_5,19,2,drinking,bottle_or_cup,train,train,17679
a_column_driver__run1_2018-05-23-10-21-45.ids_5__vp6__ann90__ch0.jpg,a_column_driver,6,vp6/run1_2018-05-23-10-21-45.ids_5,90,0,drinking,bottle_or_cup,train,train,46487
a_column_driver__run1_2018-05-23-10-21-45.ids_5__vp6__ann90__ch1.jpg,a_column_driver,6,vp6/run1_2018-05-23-10-21-45.ids_5,90,1,drinking,bottle_or_cup,train,train,46566
a_column_driver__run2_2018-05-23-11-05-00.ids_5__vp6__ann34__ch0.jpg,a_column_driver,6,vp6/run2_2018-05-23-11-05-00.ids_5,34,0,drinking,bottle_or_cup,train,train,17551
a_column_driver__run2_2018-05-23-11-05-00.ids_5__vp6__ann34__ch1.jpg,a_column_driver,6,vp6/run2_2018-05-23-11-05-00.ids_5,34,1,drinking,bottle_or_cup,train,train,17642
a_column_driver__run2_2018-05-23-11-05-00.ids_5__vp6__ann34__ch2.jpg,a_column_driver,6,vp6/run2_2018-05-23-11-05-00.ids_5,34,2,drinking,bottle_or_cup,train,train,17710
a_column_driver__run2_2018-05-23-11-05-00.ids_5__vp6__ann49__ch0.jpg,a_column_driver,6,vp6/run2_2018-05-23-11-05-00.ids_5,49,0,drinking,bottle_or_cup,train,train,26383
a_column_driver__run2_2018-05-23-11-05-00.ids_5__vp6__ann49__ch1.jpg,a_column_driver,6,vp6/run2_2018-05-23-11-05-00.ids_5,49,1,drinking,bottle_or_cup,train,train,26441
a_column_driver__run1_2018-05-23-13-16-52.ids_5__vp7__ann16__ch0.jpg,a_column_driver,7,vp7/run1_2018-05-23-13-16-52.ids_5,16,0,drinking,bottle_or_cup,val,train,10215
a_column_driver__run1_2018-05-23-13-16-52.ids_5__vp7__ann16__ch1.jpg,a_column_driver,7,vp7/run1_2018-05-23-13-16-52.ids_5,16,1,drinking,bottle_or_cup,val,train,10306
a_column_driver__run1_2018-05-23-13-16-52.ids_5__vp7__ann16__ch2.jpg,a_column_driver,7,vp7/run1_2018-05-23-13-16-52.ids_5,16,2,drinking,bottle_or_cup,val,train,10398
a_column_driver__run1_2018-05-23-13-16-52.ids_5__vp7__ann16__ch3.jpg,a_column_driver,7,vp7/run1_2018-05-23-13-16-52.ids_5,16,3,drinking,bottle_or_cup,val,train,10477
a_column_driver__run1_2018-05-23-13-16-52.ids_5__vp7__ann84__ch0.jpg,a_column_driver,7,vp7/run1_2018-05-23-13-16-52.ids_5,84,0,drinking,bottle_or_cup,val,train,27681
a_column_driver__run1_2018-05-23-13-16-52.ids_5__vp7__ann84__ch1.jpg,a_column_driver,7,vp7/run1_2018-05-23-13-16-52.ids_5,84,1,drinking,bottle_or_cup,val,train,27774
a_column_driver__run1_2018-05-23-13-16-52.ids_5__vp7__ann84__ch2.jpg,a_column_driver,7,vp7/run1_2018-05-23-13-16-52.ids_5,84,2,drinking,bottle_or_cup,val,train,27856
a_column_driver__run2b_2018-05-23-13-54-07.ids_5__vp7__ann37__ch0.jpg,a_column_driver,7,vp7/run2b_2018-05-23-13-54-07.ids_5,37,0,drinking,bottle_or_cup,val,train,14679
a_column_driver__run2b_2018-05-23-13-54-07.ids_5__vp7__ann37__ch1.jpg,a_column_driver,7,vp7/run2b_2018-05-23-13-54-07.ids_5,37,1,drinking,bottle_or_cup,val,train,14772
a_column_driver__run2b_2018-05-23-13-54-07.ids_5__vp7__ann37__ch2.jpg,a_column_driver,7,vp7/run2b_2018-05-23-13-54-07.ids_5,37,2,drinking,bottle_or_cup,val,train,14867
a_column_driver__run2b_2018-05-23-13-54-07.ids_5__vp7__ann37__ch3.jpg,a_column_driver,7,vp7/run2b_2018-05-23-13-54-07.ids_5,37,3,drinking,bottle_or_cup,val,train,14960
a_column_driver__run2b_2018-05-23-13-54-07.ids_5__vp7__ann37__ch4.jpg,a_column_driver,7,vp7/run2b_2018-05-23-13-54-07.ids_5,37,4,drinking,bottle_or_cup,val,train,15044
a_column_driver__run1d_2018-05-23-14-54-38.ids_5__vp8__ann65__ch0.jpg,a_column_driver,8,vp8/run1d_2018-05-23-14-54-38.ids_5,65,0,drinking,bottle_or_cup,val,train,33152
a_column_driver__run1d_2018-05-23-14-54-38.ids_5__vp8__ann65__ch1.jpg,a_column_driver,8,vp8/run1d_2018-05-23-14-54-38.ids_5,65,1,drinking,bottle_or_cup,val,train,33241
a_column_driver__run1d_2018-05-23-14-54-38.ids_5__vp8__ann65__ch2.jpg,a_column_driver,8,vp8/run1d_2018-05-23-14-54-38.ids_5,65,2,drinking,bottle_or_cup,val,train,33324
a_column_driver__run1d_2018-05-23-14-54-38.ids_5__vp8__ann86__ch0.jpg,a_column_driver,8,vp8/run1d_2018-05-23-14-54-38.ids_5,86,0,drinking,bottle_or_cup,val,train,41152
a_column_driver__run1d_2018-05-23-14-54-38.ids_5__vp8__ann86__ch1.jpg,a_column_driver,8,vp8/run1d_2018-05-23-14-54-38.ids_5,86,1,drinking,bottle_or_cup,val,train,41243
a_column_driver__run1d_2018-05-23-14-54-38.ids_5__vp8__ann86__ch2.jpg,a_column_driver,8,vp8/run1d_2018-05-23-14-54-38.ids_5,86,2,drinking,bottle_or_cup,val,train,41331
a_column_driver__run1d_2018-05-23-14-54-38.ids_5__vp8__ann86__ch3.jpg,a_column_driver,8,vp8/run1d_2018-05-23-14-54-38.ids_5,86,3,drinking,bottle_or_cup,val,train,41416
a_column_driver__run2_2018-05-23-15-30-27.ids_5__vp8__ann21__ch0.jpg,a_column_driver,8,vp8/run2_2018-05-23-15-30-27.ids_5,21,0,drinking,bottle_or_cup,val,train,9073
a_column_driver__run2_2018-05-23-15-30-27.ids_5__vp8__ann21__ch1.jpg,a_column_driver,8,vp8/run2_2018-05-23-15-30-27.ids_5,21,1,drinking,bottle_or_cup,val,train,9162
a_column_driver__run2_2018-05-23-15-30-27.ids_5__vp8__ann21__ch2.jpg,a_column_driver,8,vp8/run2_2018-05-23-15-30-27.ids_5,21,2,drinking,bottle_or_cup,val,train,9213
a_column_driver__run1b_2018-05-23-16-19-17.ids_5__vp9__ann13__ch0.jpg,a_column_driver,9,vp9/run1b_2018-05-23-16-19-17.ids_5,13,0,drinking,bottle_or_cup,test,train,8288
a_column_driver__run1b_2018-05-23-16-19-17.ids_5__vp9__ann13__ch1.jpg,a_column_driver,9,vp9/run1b_2018-05-23-16-19-17.ids_5,13,1,drinking,bottle_or_cup,test,train,8337
a_column_driver__run1b_2018-05-23-16-19-17.ids_5__vp9__ann18__ch0.jpg,a_column_driver,9,vp9/run1b_2018-05-23-16-19-17.ids_5,18,0,drinking,bottle_or_cup,test,train,9164
a_column_driver__run1b_2018-05-23-16-19-17.ids_5__vp9__ann18__ch1.jpg,a_column_driver,9,vp9/run1b_2018-05-23-16-19-17.ids_5,18,1,drinking,bottle_or_cup,test,train,9215
a_column_driver__run1b_2018-05-23-16-19-17.ids_5__vp9__ann91__ch0.jpg,a_column_driver,9,vp9/run1b_2018-05-23-16-19-17.ids_5,91,0,drinking,bottle_or_cup,test,train,23283
a_column_driver__run1b_2018-05-23-16-19-17.ids_5__vp9__ann91__ch1.jpg,a_column_driver,9,vp9/run1b_2018-05-23-16-19-17.ids_5,91,1,drinking,bottle_or_cup,test,train,23373
a_column_driver__run1b_2018-05-23-16-19-17.ids_5__vp9__ann91__ch2.jpg,a_column_driver,9,vp9/run1b_2018-05-23-16-19-17.ids_5,91,2,drinking,bottle_or_cup,test,train,23463
a_column_driver__run1b_2018-05-23-16-19-17.ids_5__vp9__ann91__ch3.jpg,a_column_driver,9,vp9/run1b_2018-05-23-16-19-17.ids_5,91,3,drinking,bottle_or_cup,test,train,23546
a_column_driver__run1_2018-05-24-13-14-41.ids_5__vp10__ann12__ch0.jpg,a_column_driver,10,vp10/run1_2018-05-24-13-14-41.ids_5,12,0,drinking,bottle_or_cup,train,train,9214
a_column_driver__run1_2018-05-24-13-14-41.ids_5__vp10__ann29__ch0.jpg,a_column_driver,10,vp10/run1_2018-05-24-13-14-41.ids_5,29,0,drinking,bottle_or_cup,train,train,11969
a_column_driver__run1_2018-05-24-13-14-41.ids_5__vp10__ann46__ch0.jpg,a_column_driver,10,vp10/run1_2018-05-24-13-14-41.ids_5,46,0,drinking,bottle_or_cup,train,train,15410
a_column_driver__run1_2018-05-24-13-14-41.ids_5__vp10__ann103__ch0.jpg,a_column_driver,10,vp10/run1_2018-05-24-13-14-41.ids_5,103,0,drinking,bottle_or_cup,train,train,36887
a_column_driver__run2_2018-05-24-14-08-46.ids_5__vp10__ann95__ch0.jpg,a_column_driver,10,vp10/run2_2018-05-24-14-08-46.ids_5,95,0,drinking,bottle_or_cup,train,train,33948
a_column_driver__run2_2018-05-24-14-08-46.ids_5__vp10__ann95__ch1.jpg,a_column_driver,10,vp10/run2_2018-05-24-14-08-46.ids_5,95,1,drinking,bottle_or_cup,train,train,34006
a_column_driver__run1_2018-05-24-15-44-28.ids_5__vp12__ann36__ch0.jpg,a_column_driver,12,vp12/run1_2018-05-24-15-44-28.ids_5,36,0,drinking,bottle_or_cup,train,train,17438
a_column_driver__run1_2018-05-24-15-44-28.ids_5__vp12__ann36__ch1.jpg,a_column_driver,12,vp12/run1_2018-05-24-15-44-28.ids_5,36,1,drinking,bottle_or_cup,train,train,17528
a_column_driver__run1_2018-05-24-15-44-28.ids_5__vp12__ann36__ch2.jpg,a_column_driver,12,vp12/run1_2018-05-24-15-44-28.ids_5,36,2,drinking,bottle_or_cup,train,train,17605
a_column_driver__run1_2018-05-24-15-44-28.ids_5__vp12__ann70__ch0.jpg,a_column_driver,12,vp12/run1_2018-05-24-15-44-28.ids_5,70,0,drinking,bottle_or_cup,train,train,31175
a_column_driver__run1_2018-05-24-15-44-28.ids_5__vp12__ann70__ch1.jpg,a_column_driver,12,vp12/run1_2018-05-24-15-44-28.ids_5,70,1,drinking,bottle_or_cup,train,train,31265
a_column_driver__run1_2018-05-24-15-44-28.ids_5__vp12__ann70__ch2.jpg,a_column_driver,12,vp12/run1_2018-05-24-15-44-28.ids_5,70,2,drinking,bottle_or_cup,train,train,31328
a_column_driver__run2_2018-05-24-16-21-35.ids_5__vp12__ann7__ch0.jpg,a_column_driver,12,vp12/run2_2018-05-24-16-21-35.ids_5,7,0,drinking,bottle_or_cup,train,train,7653
a_column_driver__run2_2018-05-24-16-21-35.ids_5__vp12__ann7__ch1.jpg,a_column_driver,12,vp12/run2_2018-05-24-16-21-35.ids_5,7,1,drinking,bottle_or_cup,train,train,7743
a_column_driver__run2_2018-05-24-16-21-35.ids_5__vp12__ann7__ch2.jpg,a_column_driver,12,vp12/run2_2018-05-24-16-21-35.ids_5,7,2,drinking,bottle_or_cup,train,train,7814
a_column_driver__run2_2018-05-24-16-21-35.ids_5__vp12__ann27__ch0.jpg,a_column_driver,12,vp12/run2_2018-05-24-16-21-35.ids_5,27,0,drinking,bottle_or_cup,train,train,12423
a_column_driver__run2_2018-05-24-16-21-35.ids_5__vp12__ann27__ch1.jpg,a_column_driver,12,vp12/run2_2018-05-24-16-21-35.ids_5,27,1,drinking,bottle_or_cup,train,train,12514
a_column_driver__run2_2018-05-24-16-21-35.ids_5__vp12__ann27__ch2.jpg,a_column_driver,12,vp12/run2_2018-05-24-16-21-35.ids_5,27,2,drinking,bottle_or_cup,train,train,12603
a_column_driver__run2_2018-05-24-16-21-35.ids_5__vp12__ann27__ch3.jpg,a_column_driver,12,vp12/run2_2018-05-24-16-21-35.ids_5,27,3,drinking,bottle_or_cup,train,train,12692
a_column_driver__run2_2018-05-24-16-21-35.ids_5__vp12__ann27__ch4.jpg,a_column_driver,12,vp12/run2_2018-05-24-16-21-35.ids_5,27,4,drinking,bottle_or_cup,train,train,12782
a_column_driver__run2_2018-05-24-16-21-35.ids_5__vp12__ann27__ch5.jpg,a_column_driver,12,vp12/run2_2018-05-24-16-21-35.ids_5,27,5,drinking,bottle_or_cup,train,train,12873
a_column_driver__run2_2018-05-24-16-21-35.ids_5__vp12__ann27__ch6.jpg,a_column_driver,12,vp12/run2_2018-05-24-16-21-35.ids_5,27,6,drinking,bottle_or_cup,train,train,12943
a_column_driver__run2_2018-05-24-16-21-35.ids_5__vp12__ann79__ch0.jpg,a_column_driver,12,vp12/run2_2018-05-24-16-21-35.ids_5,79,0,drinking,bottle_or_cup,train,train,32230
a_column_driver__run2_2018-05-24-16-21-35.ids_5__vp12__ann79__ch1.jpg,a_column_driver,12,vp12/run2_2018-05-24-16-21-35.ids_5,79,1,drinking,bottle_or_cup,train,train,32319
a_column_driver__run2_2018-05-24-16-21-35.ids_5__vp12__ann79__ch2.jpg,a_column_driver,12,vp12/run2_2018-05-24-16-21-35.ids_5,79,2,drinking,bottle_or_cup,train,train,32400
a_column_driver__run2_2018-05-24-16-21-35.ids_5__vp12__ann88__ch0.jpg,a_column_driver,12,vp12/run2_2018-05-24-16-21-35.ids_5,88,0,drinking,bottle_or_cup,train,train,35368
a_column_driver__run2_2018-05-24-16-21-35.ids_5__vp12__ann88__ch1.jpg,a_column_driver,12,vp12/run2_2018-05-24-16-21-35.ids_5,88,1,drinking,bottle_or_cup,train,train,35456
a_column_driver__run2_2018-05-24-16-21-35.ids_5__vp12__ann88__ch2.jpg,a_column_driver,12,vp12/run2_2018-05-24-16-21-35.ids_5,88,2,drinking,bottle_or_cup,train,train,35546
a_column_driver__run2_2018-05-24-16-21-35.ids_5__vp12__ann88__ch3.jpg,a_column_driver,12,vp12/run2_2018-05-24-16-21-35.ids_5,88,3,drinking,bottle_or_cup,train,train,35621
a_column_driver__run2_2018-05-24-16-21-35.ids_5__vp12__ann103__ch0.jpg,a_column_driver,12,vp12/run2_2018-05-24-16-21-35.ids_5,103,0,drinking,bottle_or_cup,train,train,41328
a_column_driver__run2_2018-05-24-16-21-35.ids_5__vp12__ann103__ch1.jpg,a_column_driver,12,vp12/run2_2018-05-24-16-21-35.ids_5,103,1,drinking,bottle_or_cup,train,train,41401
a_column_driver__run1_2018-05-30-10-11-09.ids_5__vp14__ann20__ch0.jpg,a_column_driver,14,vp14/run1_2018-05-30-10-11-09.ids_5,20,0,drinking,bottle_or_cup,test,val,11709
a_column_driver__run1_2018-05-30-10-11-09.ids_5__vp14__ann20__ch1.jpg,a_column_driver,14,vp14/run1_2018-05-30-10-11-09.ids_5,20,1,drinking,bottle_or_cup,test,val,11800
a_column_driver__run1_2018-05-30-10-11-09.ids_5__vp14__ann20__ch2.jpg,a_column_driver,14,vp14/run1_2018-05-30-10-11-09.ids_5,20,2,drinking,bottle_or_cup,test,val,11848
a_column_driver__run1_2018-05-30-10-11-09.ids_5__vp14__ann53__ch0.jpg,a_column_driver,14,vp14/run1_2018-05-30-10-11-09.ids_5,53,0,drinking,bottle_or_cup,test,val,23845
a_column_driver__run1_2018-05-30-10-11-09.ids_5__vp14__ann53__ch1.jpg,a_column_driver,14,vp14/run1_2018-05-30-10-11-09.ids_5,53,1,drinking,bottle_or_cup,test,val,23899
a_column_driver__run2_2018-05-30-10-42-33.ids_5__vp14__ann11__ch0.jpg,a_column_driver,14,vp14/run2_2018-05-30-10-42-33.ids_5,11,0,drinking,bottle_or_cup,test,val,7528
a_column_driver__run2_2018-05-30-10-42-33.ids_5__vp14__ann11__ch1.jpg,a_column_driver,14,vp14/run2_2018-05-30-10-42-33.ids_5,11,1,drinking,bottle_or_cup,test,val,7599
a_column_driver__run2_2018-05-30-10-42-33.ids_5__vp14__ann82__ch0.jpg,a_column_driver,14,vp14/run2_2018-05-30-10-42-33.ids_5,82,0,drinking,bottle_or_cup,test,val,32197
a_column_driver__run2_2018-05-30-10-42-33.ids_5__vp14__ann82__ch1.jpg,a_column_driver,14,vp14/run2_2018-05-30-10-42-33.ids_5,82,1,drinking,bottle_or_cup,test,val,32274
a_column_driver__run2_2018-05-30-10-42-33.ids_5__vp14__ann100__ch0.jpg,a_column_driver,14,vp14/run2_2018-05-30-10-42-33.ids_5,100,0,drinking,bottle_or_cup,test,val,39990
a_column_driver__run2_2018-05-30-10-42-33.ids_5__vp14__ann100__ch1.jpg,a_column_driver,14,vp14/run2_2018-05-30-10-42-33.ids_5,100,1,drinking,bottle_or_cup,test,val,40078
a_column_driver__run2_2018-05-30-10-42-33.ids_5__vp14__ann100__ch2.jpg,a_column_driver,14,vp14/run2_2018-05-30-10-42-33.ids_5,100,2,drinking,bottle_or_cup,test,val,40167
a_column_driver__run2_2018-05-30-10-42-33.ids_5__vp14__ann100__ch3.jpg,a_column_driver,14,vp14/run2_2018-05-30-10-42-33.ids_5,100,3,drinking,bottle_or_cup,test,val,40234
a_column_driver__run1_2018-05-30-13-05-35.ids_5__vp15__ann16__ch0.jpg,a_column_driver,15,vp15/run1_2018-05-30-13-05-35.ids_5,16,0,drinking,bottle_or_cup,train,val,8993
a_column_driver__run1_2018-05-30-13-05-35.ids_5__vp15__ann16__ch1.jpg,a_column_driver,15,vp15/run1_2018-05-30-13-05-35.ids_5,16,1,drinking,bottle_or_cup,train,val,9047
a_column_driver__run1_2018-05-30-13-05-35.ids_5__vp15__ann20__ch0.jpg,a_column_driver,15,vp15/run1_2018-05-30-13-05-35.ids_5,20,0,drinking,bottle_or_cup,train,val,9958
a_column_driver__run1_2018-05-30-13-05-35.ids_5__vp15__ann20__ch1.jpg,a_column_driver,15,vp15/run1_2018-05-30-13-05-35.ids_5,20,1,drinking,bottle_or_cup,train,val,10010
a_column_driver__run1_2018-05-30-13-05-35.ids_5__vp15__ann78__ch0.jpg,a_column_driver,15,vp15/run1_2018-05-30-13-05-35.ids_5,78,0,drinking,bottle_or_cup,train,val,20339
a_column_driver__run1_2018-05-30-13-05-35.ids_5__vp15__ann78__ch1.jpg,a_column_driver,15,vp15/run1_2018-05-30-13-05-35.ids_5,78,1,drinking,bottle_or_cup,train,val,20416
a_column_driver__run2_2018-05-30-13-34-33.ids_5__vp15__ann23__ch0.jpg,a_column_driver,15,vp15/run2_2018-05-30-13-34-33.ids_5,23,0,drinking,bottle_or_cup,train,val,11398
a_column_driver__run2_2018-05-30-13-34-33.ids_5__vp15__ann23__ch1.jpg,a_column_driver,15,vp15/run2_2018-05-30-13-34-33.ids_5,23,1,drinking,bottle_or_cup,train,val,11456
a_column_driver__run2_2018-05-30-13-34-33.ids_5__vp15__ann34__ch0.jpg,a_column_driver,15,vp15/run2_2018-05-30-13-34-33.ids_5,34,0,drinking,bottle_or_cup,train,val,12818
a_column_driver__run1_2018-05-22-15-10-41.ids_5__vp5__ann35__ch0.jpg,a_column_driver,5,vp5/run1_2018-05-22-15-10-41.ids_5,35,0,drinking,bottle_or_cup,train,test,18822
a_column_driver__run1_2018-05-22-15-10-41.ids_5__vp5__ann35__ch1.jpg,a_column_driver,5,vp5/run1_2018-05-22-15-10-41.ids_5,35,1,drinking,bottle_or_cup,train,test,18911
a_column_driver__run1_2018-05-22-15-10-41.ids_5__vp5__ann35__ch2.jpg,a_column_driver,5,vp5/run1_2018-05-22-15-10-41.ids_5,35,2,drinking,bottle_or_cup,train,test,18971
a_column_driver__run2b_2018-05-22-15-50-07.ids_5__vp5__ann72__ch0.jpg,a_column_driver,5,vp5/run2b_2018-05-22-15-50-07.ids_5,72,0,drinking,bottle_or_cup,train,test,27436
a_column_driver__run2b_2018-05-22-15-50-07.ids_5__vp5__ann72__ch1.jpg,a_column_driver,5,vp5/run2b_2018-05-22-15-50-07.ids_5,72,1,drinking,bottle_or_cup,train,test,27506
a_column_driver__run2b_2018-05-22-15-50-07.ids_5__vp5__ann79__ch0.jpg,a_column_driver,5,vp5/run2b_2018-05-22-15-50-07.ids_5,79,0,drinking,bottle_or_cup,train,test,29088
a_column_driver__run2b_2018-05-22-15-50-07.ids_5__vp5__ann79__ch1.jpg,a_column_driver,5,vp5/run2b_2018-05-22-15-50-07.ids_5,79,1,drinking,bottle_or_cup,train,test,29159
a_column_driver__run1_2018-05-24-13-44-01.ids_5__vp11__ann44__ch0.jpg,a_column_driver,11,vp11/run1_2018-05-24-13-44-01.ids_5,44,0,drinking,bottle_or_cup,train,test,20443
a_column_driver__run1_2018-05-24-13-44-01.ids_5__vp11__ann47__ch0.jpg,a_column_driver,11,vp11/run1_2018-05-24-13-44-01.ids_5,47,0,drinking,bottle_or_cup,train,test,20618
a_column_driver__run1_2018-05-24-13-44-01.ids_5__vp11__ann77__ch0.jpg,a_column_driver,11,vp11/run1_2018-05-24-13-44-01.ids_5,77,0,drinking,bottle_or_cup,train,test,30167
a_column_driver__run2_2018-05-24-14-35-56.ids_5__vp11__ann14__ch0.jpg,a_column_driver,11,vp11/run2_2018-05-24-14-35-56.ids_5,14,0,drinking,bottle_or_cup,train,test,6453
a_column_driver__run2_2018-05-24-14-35-56.ids_5__vp11__ann14__ch1.jpg,a_column_driver,11,vp11/run2_2018-05-24-14-35-56.ids_5,14,1,drinking,bottle_or_cup,train,test,6506
a_column_driver__run2_2018-05-24-14-35-56.ids_5__vp11__ann45__ch0.jpg,a_column_driver,11,vp11/run2_2018-05-24-14-35-56.ids_5,45,0,drinking,bottle_or_cup,train,test,12672
a_column_driver__run2_2018-05-24-14-35-56.ids_5__vp11__ann66__ch0.jpg,a_column_driver,11,vp11/run2_2018-05-24-14-35-56.ids_5,66,0,drinking,bottle_or_cup,train,test,16942
a_column_driver__run2_2018-05-24-14-35-56.ids_5__vp11__ann66__ch1.jpg,a_column_driver,11,vp11/run2_2018-05-24-14-35-56.ids_5,66,1,drinking,bottle_or_cup,train,test,16992
a_column_driver__run1_2018-05-29-15-21-10.ids_5__vp13__ann46__ch0.jpg,a_column_driver,13,vp13/run1_2018-05-29-15-21-10.ids_5,46,0,drinking,bottle_or_cup,train,test,25105
a_column_driver__run1_2018-05-29-15-21-10.ids_5__vp13__ann46__ch1.jpg,a_column_driver,13,vp13/run1_2018-05-29-15-21-10.ids_5,46,1,drinking,bottle_or_cup,train,test,25194
a_column_driver__run1_2018-05-29-15-21-10.ids_5__vp13__ann46__ch2.jpg,a_column_driver,13,vp13/run1_2018-05-29-15-21-10.ids_5,46,2,drinking,bottle_or_cup,train,test,25285
a_column_driver__run1_2018-05-29-15-21-10.ids_5__vp13__ann46__ch3.jpg,a_column_driver,13,vp13/run1_2018-05-29-15-21-10.ids_5,46,3,drinking,bottle_or_cup,train,test,25375
a_column_driver__run1_2018-05-29-15-21-10.ids_5__vp13__ann46__ch4.jpg,a_column_driver,13,vp13/run1_2018-05-29-15-21-10.ids_5,46,4,drinking,bottle_or_cup,train,test,25422
a_column_driver__run2_2018-05-30-11-34-54.ids_5__vp13__ann56__ch0.jpg,a_column_driver,13,vp13/run2_2018-05-30-11-34-54.ids_5,56,0,drinking,bottle_or_cup,train,test,24176
a_column_driver__run2_2018-05-30-11-34-54.ids_5__vp13__ann56__ch1.jpg,a_column_driver,13,vp13/run2_2018-05-30-11-34-54.ids_5,56,1,drinking,bottle_or_cup,train,test,24266
a_column_driver__run2_2018-05-30-11-34-54.ids_5__vp13__ann56__ch2.jpg,a_column_driver,13,vp13/run2_2018-05-30-11-34-54.ids_5,56,2,drinking,bottle_or_cup,train,test,24357
a_column_driver__run2_2018-05-30-11-34-54.ids_5__vp13__ann56__ch3.jpg,a_column_driver,13,vp13/run2_2018-05-30-11-34-54.ids_5,56,3,drinking,bottle_or_cup,train,test,24442
a_column_co_driver__run2_2018-05-30-10-42-33.ids_2__vp14__ann20__ch5.jpg,a_column_co_driver,14,vp14/run2_2018-05-30-10-42-33.ids_2,20,5,sitting_still,safe,test,val,12524
a_column_co_driver__run2_2018-05-29-16-03-37.ids_2__vp3__ann18__ch19.jpg,a_column_co_driver,3,vp3/run2_2018-05-29-16-03-37.ids_2,18,19,sitting_still,safe,train,train,11773
a_column_co_driver__run1_2018-05-30-13-05-35.ids_2__vp15__ann9__ch2.jpg,a_column_co_driver,15,vp15/run1_2018-05-30-13-05-35.ids_2,9,2,sitting_still,safe,train,val,7809
a_column_co_driver__run2_2018-05-30-13-34-33.ids_2__vp15__ann96__ch1.jpg,a_column_co_driver,15,vp15/run2_2018-05-30-13-34-33.ids_2,96,1,sitting_still,safe,train,val,26568
a_column_co_driver__run2_2018-05-22-14-25-04.ids_2__vp4__ann26__ch0.jpg,a_column_co_driver,4,vp4/run2_2018-05-22-14-25-04.ids_2,26,0,putting_on_sunglasses,safe,train,train,21480
a_column_co_driver__run2_2018-05-24-14-35-56.ids_2__vp11__ann22__ch5.jpg,a_column_co_driver,11,vp11/run2_2018-05-24-14-35-56.ids_2,22,5,sitting_still,safe,train,test,8672
a_column_co_driver__run1b_2018-05-08-08-46-01.ids_2__vp3__ann30__ch5.jpg,a_column_co_driver,3,vp3/run1b_2018-05-08-08-46-01.ids_2,30,5,sitting_still,safe,train,train,16454
a_column_co_driver__run2_2018-05-29-14-33-44.ids_2__vp1__ann75__ch8.jpg,a_column_co_driver,1,vp1/run2_2018-05-29-14-33-44.ids_2,75,8,sitting_still,safe,train,train,30640
a_column_co_driver__run2_2018-05-23-11-05-00.ids_2__vp6__ann7__ch6.jpg,a_column_co_driver,6,vp6/run2_2018-05-23-11-05-00.ids_2,7,6,sitting_still,safe,train,train,7539
a_column_co_driver__run1b_2018-05-23-16-19-17.ids_2__vp9__ann21__ch1.jpg,a_column_co_driver,9,vp9/run1b_2018-05-23-16-19-17.ids_2,21,1,sitting_still,safe,test,train,9511
a_column_co_driver__run1_2018-05-29-15-21-10.ids_2__vp13__ann79__ch65.jpg,a_column_co_driver,13,vp13/run1_2018-05-29-15-21-10.ids_2,79,65,sitting_still,safe,train,test,41341
a_column_co_driver__run2_2018-05-29-14-33-44.ids_2__vp1__ann81__ch9.jpg,a_column_co_driver,1,vp1/run2_2018-05-29-14-33-44.ids_2,81,9,sitting_still,safe,train,train,33652
a_column_co_driver__run2_2018-05-29-14-33-44.ids_2__vp1__ann81__ch41.jpg,a_column_co_driver,1,vp1/run2_2018-05-29-14-33-44.ids_2,81,41,sitting_still,safe,train,train,36526
a_column_co_driver__run2_2018-05-29-14-33-44.ids_2__vp1__ann75__ch10.jpg,a_column_co_driver,1,vp1/run2_2018-05-29-14-33-44.ids_2,75,10,sitting_still,safe,train,train,30805
a_column_co_driver__run2_2018-05-30-13-34-33.ids_2__vp15__ann114__ch7.jpg,a_column_co_driver,15,vp15/run2_2018-05-30-13-34-33.ids_2,114,7,sitting_still,safe,train,val,33819
a_column_co_driver__run1b_2018-05-23-16-19-17.ids_2__vp9__ann109__ch1.jpg,a_column_co_driver,9,vp9/run1b_2018-05-23-16-19-17.ids_2,109,1,fastening_seat_belt,safe,test,train,29994
a_column_co_driver__run2_2018-05-30-11-34-54.ids_2__vp13__ann79__ch4.jpg,a_column_co_driver,13,vp13/run2_2018-05-30-11-34-54.ids_2,79,4,sitting_still,safe,train,test,38508
a_column_co_driver__run1_2018-05-22-15-10-41.ids_2__vp5__ann96__ch5.jpg,a_column_co_driver,5,vp5/run1_2018-05-22-15-10-41.ids_2,96,5,sitting_still,safe,train,test,37979
a_column_co_driver__run1_2018-05-24-13-44-01.ids_2__vp11__ann29__ch10.jpg,a_column_co_driver,11,vp11/run1_2018-05-24-13-44-01.ids_2,29,10,sitting_still,safe,train,test,15325
a_column_co_driver__run2_2018-05-24-14-08-46.ids_2__vp10__ann27__ch1.jpg,a_column_co_driver,10,vp10/run2_2018-05-24-14-08-46.ids_2,27,1,sitting_still,safe,train,train,12749
a_column_co_driver__run1_2018-05-23-13-16-52.ids_2__vp7__ann95__ch2.jpg,a_column_co_driver,7,vp7/run1_2018-05-23-13-16-52.ids_2,95,2,sitting_still,safe,val,train,30572
a_column_co_driver__run1b_2018-05-08-08-46-01.ids_2__vp3__ann14__ch7.jpg,a_column_co_driver,3,vp3/run1b_2018-05-08-08-46-01.ids_2,14,7,sitting_still,safe,train,train,11061
a_column_co_driver__run2_2018-05-29-14-33-44.ids_2__vp1__ann81__ch15.jpg,a_column_co_driver,1,vp1/run2_2018-05-29-14-33-44.ids_2,81,15,sitting_still,safe,train,train,34192
a_column_co_driver__run2_2018-05-30-13-34-33.ids_2__vp15__ann93__ch0.jpg,a_column_co_driver,15,vp15/run2_2018-05-30-13-34-33.ids_2,93,0,sitting_still,safe,train,val,25931
a_column_co_driver__run1_2018-05-30-10-11-09.ids_2__vp14__ann56__ch0.jpg,a_column_co_driver,14,vp14/run1_2018-05-30-10-11-09.ids_2,56,0,unfastening_seat_belt,safe,test,val,24083
a_column_co_driver__run2_2018-05-29-14-33-44.ids_2__vp1__ann8__ch3.jpg,a_column_co_driver,1,vp1/run2_2018-05-29-14-33-44.ids_2,8,3,sitting_still,safe,train,train,7253
a_column_co_driver__run2_2018-05-24-14-35-56.ids_2__vp11__ann22__ch8.jpg,a_column_co_driver,11,vp11/run2_2018-05-24-14-35-56.ids_2,22,8,sitting_still,safe,train,test,8941
a_column_co_driver__run1_2018-05-22-13-28-51.ids_2__vp4__ann3__ch0.jpg,a_column_co_driver,4,vp4/run1_2018-05-22-13-28-51.ids_2,3,0,fastening_seat_belt,safe,train,train,1389
a_column_co_driver__run2_2018-05-22-14-25-04.ids_2__vp4__ann22__ch2.jpg,a_column_co_driver,4,vp4/run2_2018-05-22-14-25-04.ids_2,22,2,fastening_seat_belt,safe,train,train,18069
a_column_co_driver__run1b_2018-05-29-14-02-47.ids_2__vp1__ann68__ch1.jpg,a_column_co_driver,1,vp1/run1b_2018-05-29-14-02-47.ids_2,68,1,sitting_still,safe,train,train,18684
a_column_driver__run2b_2018-05-23-13-54-07.ids_5__vp7__ann49__ch3.jpg,a_column_driver,7,vp7/run2b_2018-05-23-13-54-07.ids_5,49,3,sitting_still,safe,val,train,18358
a_column_driver__run2_2018-05-24-14-08-46.ids_5__vp10__ann41__ch0.jpg,a_column_driver,10,vp10/run2_2018-05-24-14-08-46.ids_5,41,0,taking_off_sunglasses,safe,train,train,22389
a_column_driver__run2_2018-05-23-11-05-00.ids_5__vp6__ann45__ch26.jpg,a_column_driver,6,vp6/run2_2018-05-23-11-05-00.ids_5,45,26,sitting_still,safe,train,train,25438
a_column_driver__run1_2018-05-29-15-21-10.ids_5__vp13__ann79__ch36.jpg,a_column_driver,13,vp13/run1_2018-05-29-15-21-10.ids_5,79,36,sitting_still,safe,train,test,38921
a_column_driver__run2_2018-05-24-14-08-46.ids_5__vp10__ann15__ch1.jpg,a_column_driver,10,vp10/run2_2018-05-24-14-08-46.ids_5,15,1,sitting_still,safe,train,train,8785
a_column_driver__run2_2018-05-29-16-03-37.ids_5__vp3__ann41__ch15.jpg,a_column_driver,3,vp3/run2_2018-05-29-16-03-37.ids_5,41,15,sitting_still,safe,train,train,19216
a_column_driver__run2_2018-05-30-11-34-54.ids_5__vp13__ann74__ch28.jpg,a_column_driver,13,vp13/run2_2018-05-30-11-34-54.ids_5,74,28,sitting_still,safe,train,test,33424
a_column_driver__run2b_2018-05-23-13-54-07.ids_5__vp7__ann49__ch7.jpg,a_column_driver,7,vp7/run2b_2018-05-23-13-54-07.ids_5,49,7,sitting_still,safe,val,train,18720
a_column_driver__run2_2018-05-30-13-34-33.ids_5__vp15__ann10__ch0.jpg,a_column_driver,15,vp15/run2_2018-05-30-13-34-33.ids_5,10,0,sitting_still,safe,train,val,7382
a_column_driver__run2_2018-05-30-11-34-54.ids_5__vp13__ann74__ch0.jpg,a_column_driver,13,vp13/run2_2018-05-30-11-34-54.ids_5,74,0,sitting_still,safe,train,test,30904
a_column_driver__run2_2018-05-29-16-03-37.ids_5__vp3__ann91__ch1.jpg,a_column_driver,3,vp3/run2_2018-05-29-16-03-37.ids_5,91,1,sitting_still,safe,train,train,31642
a_column_driver__run1b_2018-05-08-08-46-01.ids_5__vp3__ann30__ch3.jpg,a_column_driver,3,vp3/run1b_2018-05-08-08-46-01.ids_5,30,3,sitting_still,safe,train,train,16280
a_column_driver__run1_2018-05-29-15-21-10.ids_5__vp13__ann82__ch9.jpg,a_column_driver,13,vp13/run1_2018-05-29-15-21-10.ids_5,82,9,sitting_still,safe,train,test,43782
a_column_driver__run2_2018-05-24-16-21-35.ids_5__vp12__ann4__ch1.jpg,a_column_driver,12,vp12/run2_2018-05-24-16-21-35.ids_5,4,1,sitting_still,safe,train,train,6728
a_column_driver__run2_2018-05-29-16-03-37.ids_5__vp3__ann76__ch3.jpg,a_column_driver,3,vp3/run2_2018-05-29-16-03-37.ids_5,76,3,sitting_still,safe,train,train,29419
a_column_driver__run1_2018-05-22-15-10-41.ids_5__vp5__ann26__ch14.jpg,a_column_driver,5,vp5/run1_2018-05-22-15-10-41.ids_5,26,14,sitting_still,safe,train,test,17309
a_column_driver__run2_2018-05-30-13-34-33.ids_5__vp15__ann109__ch9.jpg,a_column_driver,15,vp15/run2_2018-05-30-13-34-33.ids_5,109,9,sitting_still,safe,train,val,30619
a_column_driver__run2_2018-05-30-11-34-54.ids_5__vp13__ann74__ch5.jpg,a_column_driver,13,vp13/run2_2018-05-30-11-34-54.ids_5,74,5,sitting_still,safe,train,test,31354
a_column_driver__run2b_2018-05-22-15-50-07.ids_5__vp5__ann54__ch7.jpg,a_column_driver,5,vp5/run2b_2018-05-22-15-50-07.ids_5,54,7,sitting_still,safe,train,test,22199
a_column_driver__run2_2018-05-23-11-05-00.ids_5__vp6__ann94__ch3.jpg,a_column_driver,6,vp6/run2_2018-05-23-11-05-00.ids_5,94,3,sitting_still,safe,train,train,38706
a_column_driver__run1b_2018-05-23-16-19-17.ids_5__vp9__ann42__ch2.jpg,a_column_driver,9,vp9/run1b_2018-05-23-16-19-17.ids_5,42,2,looking_or_moving_around (e.g. searching),safe,test,train,14967
a_column_driver__run1_2018-05-03-14-08-31.ids_5__vp2__ann44__ch4.jpg,a_column_driver,2,vp2/run1_2018-05-03-14-08-31.ids_5,44,4,sitting_still,safe,train,train,29932
a_column_driver__run2_2018-05-30-11-34-54.ids_5__vp13__ann79__ch8.jpg,a_column_driver,13,vp13/run2_2018-05-30-11-34-54.ids_5,79,8,sitting_still,safe,train,test,38951
a_column_driver__run2b_2018-05-23-13-54-07.ids_5__vp7__ann19__ch9.jpg,a_column_driver,7,vp7/run2b_2018-05-23-13-54-07.ids_5,19,9,sitting_still,safe,val,train,10260
a_column_driver__run2_2018-05-29-14-33-44.ids_5__vp1__ann81__ch37.jpg,a_column_driver,1,vp1/run2_2018-05-29-14-33-44.ids_5,81,37,sitting_still,safe,train,train,36300
a_column_driver__run2_2018-05-29-14-33-44.ids_5__vp1__ann81__ch15.jpg,a_column_driver,1,vp1/run2_2018-05-29-14-33-44.ids_5,81,15,sitting_still,safe,train,train,34312
a_column_driver__run1b_2018-05-29-14-02-47.ids_5__vp1__ann6__ch1.jpg,a_column_driver,1,vp1/run1b_2018-05-29-14-02-47.ids_5,6,1,fastening_seat_belt,safe,train,train,451
a_column_driver__run1b_2018-05-08-08-46-01.ids_5__vp3__ann61__ch4.jpg,a_column_driver,3,vp3/run1b_2018-05-08-08-46-01.ids_5,61,4,sitting_still,safe,train,train,27346
a_column_driver__run2_2018-05-22-14-25-04.ids_5__vp4__ann109__ch2.jpg,a_column_driver,4,vp4/run2_2018-05-22-14-25-04.ids_5,109,2,sitting_still,safe,train,train,49733
a_column_driver__run1_2018-05-23-10-21-45.ids_5__vp6__ann13__ch15.jpg,a_column_driver,6,vp6/run1_2018-05-23-10-21-45.ids_5,13,15,sitting_still,safe,train,train,12483
ceiling__run1_2018-05-24-13-44-01.ids_3__vp11__ann16__ch1.jpg,ceiling,11,vp11/run1_2018-05-24-13-44-01.ids_3,16,1,sitting_still,safe,train,test,11322
ceiling__run1_2018-05-23-10-21-45.ids_3__vp6__ann108__ch4.jpg,ceiling,6,vp6/run1_2018-05-23-10-21-45.ids_3,108,4,sitting_still,safe,train,train,51441
ceiling__run1_2018-05-29-15-21-10.ids_3__vp13__ann82__ch11.jpg,ceiling,13,vp13/run1_2018-05-29-15-21-10.ids_3,82,11,sitting_still,safe,train,test,43807
ceiling__run1_2018-05-23-10-21-45.ids_3__vp6__ann103__ch8.jpg,ceiling,6,vp6/run1_2018-05-23-10-21-45.ids_3,103,8,sitting_still,safe,train,train,49730
ceiling__run1_2018-05-29-15-21-10.ids_3__vp13__ann50__ch2.jpg,ceiling,13,vp13/run1_2018-05-29-15-21-10.ids_3,50,2,sitting_still,safe,train,test,25903
ceiling__run1_2018-05-24-15-44-28.ids_3__vp12__ann31__ch3.jpg,ceiling,12,vp12/run1_2018-05-24-15-44-28.ids_3,31,3,sitting_still,safe,train,train,15866
ceiling__run2_2018-05-24-16-21-35.ids_3__vp12__ann50__ch0.jpg,ceiling,12,vp12/run2_2018-05-24-16-21-35.ids_3,50,0,fastening_seat_belt,safe,train,train,19839
ceiling__run2_2018-05-30-11-34-54.ids_3__vp13__ann74__ch14.jpg,ceiling,13,vp13/run2_2018-05-30-11-34-54.ids_3,74,14,sitting_still,safe,train,test,32072
ceiling__run2_2018-05-30-11-34-54.ids_3__vp13__ann79__ch1.jpg,ceiling,13,vp13/run2_2018-05-30-11-34-54.ids_3,79,1,sitting_still,safe,train,test,38230
ceiling__run1_2018-05-29-15-21-10.ids_3__vp13__ann68__ch1.jpg,ceiling,13,vp13/run1_2018-05-29-15-21-10.ids_3,68,1,sitting_still,safe,train,test,32211
ceiling__run2_2018-05-29-16-03-37.ids_3__vp3__ann11__ch0.jpg,ceiling,3,vp3/run2_2018-05-29-16-03-37.ids_3,11,0,putting_on_sunglasses,safe,train,train,6773
ceiling__run1_2018-05-29-15-21-10.ids_3__vp13__ann11__ch4.jpg,ceiling,13,vp13/run1_2018-05-29-15-21-10.ids_3,11,4,sitting_still,safe,train,test,7708
ceiling__run2_2018-05-22-14-25-04.ids_3__vp4__ann41__ch2.jpg,ceiling,4,vp4/run2_2018-05-22-14-25-04.ids_3,41,2,sitting_still,safe,train,train,26694
ceiling__run2_2018-05-29-16-03-37.ids_3__vp3__ann15__ch18.jpg,ceiling,3,vp3/run2_2018-05-29-16-03-37.ids_3,15,18,sitting_still,safe,train,train,9293
ceiling__run2_2018-05-24-17-22-26.ids_3__vp2__ann73__ch4.jpg,ceiling,2,vp2/run2_2018-05-24-17-22-26.ids_3,73,4,sitting_still,safe,train,train,35514
ceiling__run2_2018-05-30-13-34-33.ids_3__vp15__ann120__ch7.jpg,ceiling,15,vp15/run2_2018-05-30-13-34-33.ids_3,120,7,sitting_still,safe,train,val,37098
ceiling__run2_2018-05-30-13-34-33.ids_3__vp15__ann4__ch1.jpg,ceiling,15,vp15/run2_2018-05-30-13-34-33.ids_3,4,1,fastening_seat_belt,safe,train,val,526
ceiling__run2b_2018-05-22-15-50-07.ids_3__vp5__ann45__ch19.jpg,ceiling,5,vp5/run2b_2018-05-22-15-50-07.ids_3,45,19,sitting_still,safe,train,test,17855
ceiling__run2_2018-05-29-16-03-37.ids_3__vp3__ann20__ch1.jpg,ceiling,3,vp3/run2_2018-05-29-16-03-37.ids_3,20,1,sitting_still,safe,train,train,13086
ceiling__run2_2018-05-30-10-42-33.ids_3__vp14__ann24__ch4.jpg,ceiling,14,vp14/run2_2018-05-30-10-42-33.ids_3,24,4,sitting_still,safe,test,val,15189
ceiling__run1d_2018-05-23-14-54-38.ids_3__vp8__ann29__ch6.jpg,ceiling,8,vp8/run1d_2018-05-23-14-54-38.ids_3,29,6,sitting_still,safe,val,train,18037
ceiling__run2_2018-05-23-15-30-27.ids_3__vp8__ann109__ch2.jpg,ceiling,8,vp8/run2_2018-05-23-15-30-27.ids_3,109,2,fastening_seat_belt,safe,val,train,31773
ceiling__run2_2018-05-29-14-33-44.ids_3__vp1__ann96__ch3.jpg,ceiling,1,vp1/run2_2018-05-29-14-33-44.ids_3,96,3,sitting_still,safe,train,train,41561
ceiling__run1_2018-05-29-15-21-10.ids_3__vp13__ann68__ch6.jpg,ceiling,13,vp13/run1_2018-05-29-15-21-10.ids_3,68,6,sitting_still,safe,train,test,32618
ceiling__run2b_2018-05-23-13-54-07.ids_3__vp7__ann20__ch2.jpg,ceiling,7,vp7/run2b_2018-05-23-13-54-07.ids_3,20,2,looking_or_moving_around (e.g. searching),safe,val,train,10731
ceiling__run2_2018-05-24-14-08-46.ids_3__vp10__ann56__ch1.jpg,ceiling,10,vp10/run2_2018-05-24-14-08-46.ids_3,56,1,sitting_still,safe,train,train,24989
ceiling__run1b_2018-05-29-14-02-47.ids_3__vp1__ann47__ch6.jpg,ceiling,1,vp1/run1b_2018-05-29-14-02-47.ids_3,47,6,sitting_still,safe,train,train,14662
ceiling__run2_2018-05-30-11-34-54.ids_3__vp13__ann79__ch3.jpg,ceiling,13,vp13/run2_2018-05-30-11-34-54.ids_3,79,3,sitting_still,safe,train,test,38412
ceiling__run1_2018-05-30-13-05-35.ids_3__vp15__ann97__ch1.jpg,ceiling,15,vp15/run1_2018-05-30-13-05-35.ids_3,97,1,sitting_still,safe,train,val,30309
ceiling__run1_2018-05-03-14-08-31.ids_3__vp2__ann64__ch2.jpg,ceiling,2,vp2/run1_2018-05-03-14-08-31.ids_3,64,2,sitting_still,safe,train,train,37577
inner_mirror__run2_2018-05-23-11-05-00.ids_1__vp6__ann41__ch10.jpg,inner_mirror,6,vp6/run2_2018-05-23-11-05-00.ids_1,41,10,sitting_still,safe,train,train,19545
inner_mirror__run1_2018-05-24-13-44-01.ids_1__vp11__ann92__ch0.jpg,inner_mirror,11,vp11/run1_2018-05-24-13-44-01.ids_1,92,0,sitting_still,safe,train,test,32412
inner_mirror__run2_2018-05-30-11-34-54.ids_1__vp13__ann64__ch10.jpg,inner_mirror,13,vp13/run2_2018-05-30-11-34-54.ids_1,64,10,sitting_still,safe,train,test,26476
inner_mirror__run1b_2018-05-29-14-02-47.ids_1__vp1__ann79__ch3.jpg,inner_mirror,1,vp1/run1b_2018-05-29-14-02-47.ids_1,79,3,sitting_still,safe,train,train,22987
inner_mirror__run2_2018-05-24-17-22-26.ids_1__vp2__ann7__ch5.jpg,inner_mirror,2,vp2/run2_2018-05-24-17-22-26.ids_1,7,5,sitting_still,safe,train,train,7465
inner_mirror__run2_2018-05-22-14-25-04.ids_1__vp4__ann16__ch7.jpg,inner_mirror,4,vp4/run2_2018-05-22-14-25-04.ids_1,16,7,looking_or_moving_around (e.g. searching),safe,train,train,17364
inner_mirror__run1_2018-05-03-14-08-31.ids_1__vp2__ann82__ch17.jpg,inner_mirror,2,vp2/run1_2018-05-03-14-08-31.ids_1,82,17,sitting_still,safe,train,train,42855
inner_mirror__run2_2018-05-30-11-34-54.ids_1__vp13__ann72__ch2.jpg,inner_mirror,13,vp13/run2_2018-05-30-11-34-54.ids_1,72,2,sitting_still,safe,train,test,30094
inner_mirror__run1b_2018-05-29-14-02-47.ids_1__vp1__ann86__ch3.jpg,inner_mirror,1,vp1/run1b_2018-05-29-14-02-47.ids_1,86,3,sitting_still,safe,train,train,24818
inner_mirror__run2b_2018-05-22-15-50-07.ids_1__vp5__ann45__ch9.jpg,inner_mirror,5,vp5/run2b_2018-05-22-15-50-07.ids_1,45,9,sitting_still,safe,train,test,16963
inner_mirror__run1_2018-05-24-15-44-28.ids_1__vp12__ann4__ch0.jpg,inner_mirror,12,vp12/run1_2018-05-24-15-44-28.ids_1,4,0,sitting_still,safe,train,train,463
inner_mirror__run2_2018-05-24-14-35-56.ids_1__vp11__ann35__ch0.jpg,inner_mirror,11,vp11/run2_2018-05-24-14-35-56.ids_1,35,0,sitting_still,safe,train,test,10842
inner_mirror__run2_2018-05-23-11-05-00.ids_1__vp6__ann45__ch15.jpg,inner_mirror,6,vp6/run2_2018-05-23-11-05-00.ids_1,45,15,sitting_still,safe,train,train,24329
inner_mirror__run1_2018-05-22-15-10-41.ids_1__vp5__ann137__ch6.jpg,inner_mirror,5,vp5/run1_2018-05-22-15-10-41.ids_1,137,6,sitting_still,safe,train,test,51207
inner_mirror__run1b_2018-05-29-14-02-47.ids_1__vp1__ann83__ch0.jpg,inner_mirror,1,vp1/run1b_2018-05-29-14-02-47.ids_1,83,0,putting_on_sunglasses,safe,train,train,24135
inner_mirror__run1_2018-05-24-13-44-01.ids_1__vp11__ann52__ch5.jpg,inner_mirror,11,vp11/run1_2018-05-24-13-44-01.ids_1,52,5,sitting_still,safe,train,test,23551
inner_mirror__run2_2018-05-29-14-33-44.ids_1__vp1__ann17__ch3.jpg,inner_mirror,1,vp1/run2_2018-05-29-14-33-44.ids_1,17,3,putting_on_sunglasses,safe,train,train,13177
inner_mirror__run1_2018-05-30-13-05-35.ids_1__vp15__ann86__ch3.jpg,inner_mirror,15,vp15/run1_2018-05-30-13-05-35.ids_1,86,3,sitting_still,safe,train,val,23521
inner_mirror__run2_2018-05-22-14-25-04.ids_1__vp4__ann88__ch17.jpg,inner_mirror,4,vp4/run2_2018-05-22-14-25-04.ids_1,88,17,sitting_still,safe,train,train,42939
inner_mirror__run1_2018-05-22-13-28-51.ids_1__vp4__ann121__ch0.jpg,inner_mirror,4,vp4/run1_2018-05-22-13-28-51.ids_1,121,0,unfastening_seat_belt,safe,train,train,55206
inner_mirror__run1_2018-05-22-13-28-51.ids_1__vp4__ann115__ch16.jpg,inner_mirror,4,vp4/run1_2018-05-22-13-28-51.ids_1,115,16,sitting_still,safe,train,train,53634
inner_mirror__run2_2018-05-29-14-33-44.ids_1__vp1__ann15__ch18.jpg,inner_mirror,1,vp1/run2_2018-05-29-14-33-44.ids_1,15,18,sitting_still,safe,train,train,11364
inner_mirror__run1_2018-05-03-14-08-31.ids_1__vp2__ann68__ch0.jpg,inner_mirror,2,vp2/run1_2018-05-03-14-08-31.ids_1,68,0,sitting_still,safe,train,train,39465
inner_mirror__run2_2018-05-23-11-05-00.ids_1__vp6__ann27__ch4.jpg,inner_mirror,6,vp6/run2_2018-05-23-11-05-00.ids_1,27,4,sitting_still,safe,train,train,14080
inner_mirror__run1b_2018-05-23-16-19-17.ids_1__vp9__ann69__ch1.jpg,inner_mirror,9,vp9/run1b_2018-05-23-16-19-17.ids_1,69,1,putting_on_sunglasses,safe,test,train,18910
inner_mirror__run1_2018-05-30-13-05-35.ids_1__vp15__ann74__ch0.jpg,inner_mirror,15,vp15/run1_2018-05-30-13-05-35.ids_1,74,0,sitting_still,safe,train,val,19561
inner_mirror__run2_2018-05-22-14-25-04.ids_1__vp4__ann109__ch3.jpg,inner_mirror,4,vp4/run2_2018-05-22-14-25-04.ids_1,109,3,sitting_still,safe,train,train,49852
inner_mirror__run1_2018-05-22-13-28-51.ids_1__vp4__ann118__ch7.jpg,inner_mirror,4,vp4/run1_2018-05-22-13-28-51.ids_1,118,7,sitting_still,safe,train,train,54572
inner_mirror__run2_2018-05-23-11-05-00.ids_1__vp6__ann28__ch1.jpg,inner_mirror,6,vp6/run2_2018-05-23-11-05-00.ids_1,28,1,looking_or_moving_around (e.g. searching),safe,train,train,14600
inner_mirror__run1_2018-05-24-15-44-28.ids_1__vp12__ann61__ch1.jpg,inner_mirror,12,vp12/run1_2018-05-24-15-44-28.ids_1,61,1,putting_on_sunglasses,safe,train,train,27944
steering_wheel__run1_2018-05-29-15-21-10.ids_4__vp13__ann79__ch64.jpg,steering_wheel,13,vp13/run1_2018-05-29-15-21-10.ids_4,79,64,sitting_still,safe,train,test,41585
steering_wheel__run1b_2018-05-29-14-02-47.ids_4__vp1__ann86__ch0.jpg,steering_wheel,1,vp1/run1b_2018-05-29-14-02-47.ids_4,86,0,sitting_still,safe,train,train,24665
steering_wheel__run2_2018-05-23-11-05-00.ids_4__vp6__ann38__ch1.jpg,steering_wheel,6,vp6/run2_2018-05-23-11-05-00.ids_4,38,1,taking_off_sunglasses,safe,train,train,18309
steering_wheel__run2_2018-05-29-16-03-37.ids_4__vp3__ann76__ch2.jpg,steering_wheel,3,vp3/run2_2018-05-29-16-03-37.ids_4,76,2,sitting_still,safe,train,train,29433
steering_wheel__run1_2018-05-23-10-21-45.ids_4__vp6__ann74__ch6.jpg,steering_wheel,6,vp6/run1_2018-05-23-10-21-45.ids_4,74,6,sitting_still,safe,train,train,39324
steering_wheel__run2_2018-05-30-11-34-54.ids_4__vp13__ann16__ch0.jpg,steering_wheel,13,vp13/run2_2018-05-30-11-34-54.ids_4,16,0,sitting_still,safe,train,test,10658
steering_wheel__run2_2018-05-22-14-25-04.ids_4__vp4__ann24__ch30.jpg,steering_wheel,4,vp4/run2_2018-05-22-14-25-04.ids_4,24,30,sitting_still,safe,train,train,20999
steering_wheel__run2_2018-05-24-14-35-56.ids_4__vp11__ann53__ch1.jpg,steering_wheel,11,vp11/run2_2018-05-24-14-35-56.ids_4,53,1,sitting_still,safe,train,test,13786
steering_wheel__run2_2018-05-30-11-34-54.ids_4__vp13__ann72__ch1.jpg,steering_wheel,13,vp13/run2_2018-05-30-11-34-54.ids_4,72,1,sitting_still,safe,train,test,30169
steering_wheel__run1_2018-05-29-15-21-10.ids_4__vp13__ann79__ch14.jpg,steering_wheel,13,vp13/run1_2018-05-29-15-21-10.ids_4,79,14,sitting_still,safe,train,test,37044
steering_wheel__run1b_2018-05-08-08-46-01.ids_4__vp3__ann54__ch4.jpg,steering_wheel,3,vp3/run1b_2018-05-08-08-46-01.ids_4,54,4,sitting_still,safe,train,train,24265
steering_wheel__run1_2018-05-29-15-21-10.ids_4__vp13__ann11__ch1.jpg,steering_wheel,13,vp13/run1_2018-05-29-15-21-10.ids_4,11,1,sitting_still,safe,train,test,7486
steering_wheel__run1b_2018-05-29-14-02-47.ids_4__vp1__ann68__ch2.jpg,steering_wheel,1,vp1/run1b_2018-05-29-14-02-47.ids_4,68,2,sitting_still,safe,train,train,18894
steering_wheel__run2_2018-05-29-14-33-44.ids_4__vp1__ann81__ch19.jpg,steering_wheel,1,vp1/run2_2018-05-29-14-33-44.ids_4,81,19,sitting_still,safe,train,train,34779
steering_wheel__run2_2018-05-29-14-33-44.ids_4__vp1__ann63__ch3.jpg,steering_wheel,1,vp1/run2_2018-05-29-14-33-44.ids_4,63,3,sitting_still,safe,train,train,26520
steering_wheel__run2_2018-05-30-10-42-33.ids_4__vp14__ann20__ch10.jpg,steering_wheel,14,vp14/run2_2018-05-30-10-42-33.ids_4,20,10,sitting_still,safe,test,val,13037
steering_wheel__run1b_2018-05-29-14-02-47.ids_4__vp1__ann139__ch0.jpg,steering_wheel,1,vp1/run1b_2018-05-29-14-02-47.ids_4,139,0,sitting_still,safe,train,train,36503
steering_wheel__run1_2018-05-29-15-21-10.ids_4__vp13__ann50__ch1.jpg,steering_wheel,13,vp13/run1_2018-05-29-15-21-10.ids_4,50,1,sitting_still,safe,train,test,25957
steering_wheel__run1_2018-05-23-10-21-45.ids_4__vp6__ann82__ch1.jpg,steering_wheel,6,vp6/run1_2018-05-23-10-21-45.ids_4,82,1,sitting_still,safe,train,train,41702
steering_wheel__run1_2018-05-23-13-16-52.ids_4__vp7__ann34__ch8.jpg,steering_wheel,7,vp7/run1_2018-05-23-13-16-52.ids_4,34,8,sitting_still,safe,val,train,14356
steering_wheel__run1b_2018-05-29-14-02-47.ids_4__vp1__ann68__ch5.jpg,steering_wheel,1,vp1/run1b_2018-05-29-14-02-47.ids_4,68,5,sitting_still,safe,train,train,19163
steering_wheel__run1_2018-05-23-10-21-45.ids_4__vp6__ann69__ch1.jpg,steering_wheel,6,vp6/run1_2018-05-23-10-21-45.ids_4,69,1,sitting_still,safe,train,train,33309
steering_wheel__run2_2018-05-24-14-08-46.ids_4__vp10__ann13__ch0.jpg,steering_wheel,10,vp10/run2_2018-05-24-14-08-46.ids_4,13,0,sitting_still,safe,train,train,7980
steering_wheel__run2_2018-05-22-14-25-04.ids_4__vp4__ann115__ch0.jpg,steering_wheel,4,vp4/run2_2018-05-22-14-25-04.ids_4,115,0,unfastening_seat_belt,safe,train,train,53790
steering_wheel__run1_2018-05-24-13-44-01.ids_4__vp11__ann7__ch1.jpg,steering_wheel,11,vp11/run1_2018-05-24-13-44-01.ids_4,7,1,sitting_still,safe,train,test,6502
steering_wheel__run1_2018-05-24-15-44-28.ids_4__vp12__ann17__ch0.jpg,steering_wheel,12,vp12/run1_2018-05-24-15-44-28.ids_4,17,0,sitting_still,safe,train,train,9821
steering_wheel__run1_2018-05-22-15-10-41.ids_4__vp5__ann78__ch3.jpg,steering_wheel,5,vp5/run1_2018-05-22-15-10-41.ids_4,78,3,sitting_still,safe,train,test,31720
steering_wheel__run1_2018-05-22-13-28-51.ids_4__vp4__ann107__ch0.jpg,steering_wheel,4,vp4/run1_2018-05-22-13-28-51.ids_4,107,0,sitting_still,safe,train,train,47266
steering_wheel__run1_2018-05-23-10-21-45.ids_4__vp6__ann64__ch8.jpg,steering_wheel,6,vp6/run1_2018-05-23-10-21-45.ids_4,64,8,sitting_still,safe,train,train,31655
steering_wheel__run2_2018-05-24-14-08-46.ids_4__vp10__ann63__ch0.jpg,steering_wheel,10,vp10/run2_2018-05-24-14-08-46.ids_4,63,0,sitting_still,safe,train,train,26386
